ISO-10303-21;
HEADER;
FILE_DESCRIPTION(('ArchiCAD 9.00 Release 1 generated IFC file.','Build Number of the Ifc 2x3 interface: 63015 (11-04-2006)\X2\000D000A\X0\'),'2;1');
FILE_NAME('C:\\Documents and Settings\\gkiss\\My Documents\\Ifc\\2x3\\MyPlans\\stair_geom_1.ifc','2006-05-25T17:31:11',('Architect'),('Building Designer Office'),'PreProc - EDM 4.5.0033','Windows System','The authorising person');
FILE_SCHEMA(('IFC2X3'));
ENDSEC;
DATA;
#1=IFCORGANIZATION('GS','Graphisoft','Graphisoft',$,$);
#5=IFCAPPLICATION(#1,'9.0','ArchiCAD 9.0','ArchiCAD');
#6=IFCPERSON($,'Undefined',$,$,$,$,$,$);
#8=IFCORGANIZATION($,'OrganizationName',$,$,$);
#12=IFCPERSONANDORGANIZATION(#6,#8,$);
#13=IFCOWNERHISTORY(#12,#5,$,.NOCHANGE.,$,$,$,1148571070);
#14=IFCSIUNIT(*,.LENGTHUNIT.,.MILLI.,.METRE.);
#15=IFCSIUNIT(*,.AREAUNIT.,$,.SQUARE_METRE.);
#16=IFCSIUNIT(*,.VOLUMEUNIT.,$,.CUBIC_METRE.);
#17=IFCSIUNIT(*,.PLANEANGLEUNIT.,$,.RADIAN.);
#18=IFCMEASUREWITHUNIT(IFCPLANEANGLEMEASURE(0.017453293000000002),#17);
#19=IFCDIMENSIONALEXPONENTS(0,0,0,0,0,0,0);
#20=IFCCONVERSIONBASEDUNIT(#19,.PLANEANGLEUNIT.,'DEGREE',#18);
#21=IFCSIUNIT(*,.SOLIDANGLEUNIT.,$,.STERADIAN.);
#22=IFCSIUNIT(*,.MASSUNIT.,$,.GRAM.);
#23=IFCSIUNIT(*,.TIMEUNIT.,$,.SECOND.);
#24=IFCSIUNIT(*,.THERMODYNAMICTEMPERATUREUNIT.,$,.DEGREE_CELSIUS.);
#25=IFCSIUNIT(*,.LUMINOUSINTENSITYUNIT.,$,.LUMEN.);
#26=IFCUNITASSIGNMENT((#14,#15,#16,#20,#21,#22,#23,#24,#25));
#28=IFCDIRECTION((1.,0.,0.));
#32=IFCDIRECTION((0.,1.,0.));
#36=IFCDIRECTION((0.,0.,1.));
#40=IFCCARTESIANPOINT((0.,0.,0.));
#44=IFCAXIS2PLACEMENT3D(#40,#36,#28);
#47=IFCDIRECTION((6.1230318E-17,1.));
#51=IFCGEOMETRICREPRESENTATIONCONTEXT('Plan','Design',3,1.0000000000000001E-05,#44,#47);
#54=IFCPROJECT('3Fbam0uaHFUR7$iOPk0ndq',#13,'Default Project',$,$,$,$,(#51,#16669),#26);
#61=IFCLOCALPLACEMENT($,#44);
#64=IFCBUILDING('3xOhKjHjfBCQ8gW1MeFy8A',#13,'Default Building',$,$,#61,$,$,.ELEMENT.,$,$,$);
#74=IFCAXIS2PLACEMENT3D(#40,#36,#28);
#77=IFCLOCALPLACEMENT(#61,#74);
#80=IFCBUILDINGSTOREY('2vs5UFUo12IBD8Td7l4n6R',#13,'IfcBuildingStorey_001',$,$,#77,$,$,.ELEMENT.,0.);
#90=IFCCARTESIANPOINT((0.,473.59899000000001,-2.8998615999999999E-14));
#94=IFCCARTESIANPOINT((0.,1851.8252,770.));
#98=IFCCARTESIANPOINT((1200.,1851.8252,770.));
#102=IFCCARTESIANPOINT((1200.,473.59899000000001,-2.8998615999999999E-14));
#106=IFCCARTESIANPOINT((0.,20.,-1.2246064000000001E-15));
#111=IFCCARTESIANPOINT((0.,20.,136.66667000000001));
#115=IFCCARTESIANPOINT((0.,320.,136.66667000000001));
#119=IFCCARTESIANPOINT((0.,320.,303.33332999999999));
#123=IFCCARTESIANPOINT((0.,620.,303.33332999999999));
#127=IFCCARTESIANPOINT((0.,620.,470.));
#131=IFCCARTESIANPOINT((0.,920.,470.));
#135=IFCCARTESIANPOINT((0.,920.,636.66666999999995));
#139=IFCCARTESIANPOINT((0.,1220.,636.66666999999995));
#143=IFCCARTESIANPOINT((0.,1220.,803.33333000000005));
#147=IFCCARTESIANPOINT((0.,1520.,803.33333000000005));
#151=IFCCARTESIANPOINT((0.,1520.,770.));
#155=IFCCARTESIANPOINT((1200.,1520.,770.));
#159=IFCCARTESIANPOINT((1200.,1520.,803.33333000000005));
#163=IFCCARTESIANPOINT((1200.,1220.,803.33333000000005));
#167=IFCCARTESIANPOINT((1200.,1220.,636.66666999999995));
#171=IFCCARTESIANPOINT((1200.,920.,636.66666999999995));
#175=IFCCARTESIANPOINT((1200.,920.,470.));
#179=IFCCARTESIANPOINT((1200.,620.,470.));
#183=IFCCARTESIANPOINT((1200.,620.,303.33332999999999));
#187=IFCCARTESIANPOINT((1200.,320.,303.33332999999999));
#191=IFCCARTESIANPOINT((1200.,320.,136.66667000000001));
#195=IFCCARTESIANPOINT((1200.,20.,136.66667000000001));
#199=IFCCARTESIANPOINT((1200.,20.,-1.2246064000000001E-15));
#203=IFCCARTESIANPOINT((0.,20.,-1.2246064000000001E-15));
#207=IFCCARTESIANPOINT((1200.,20.,-1.2246064000000001E-15));
#211=IFCCARTESIANPOINT((1200.,0.,4.4989821999999998E-30));
#215=IFCCARTESIANPOINT((0.,0.,136.66667000000001));
#219=IFCCARTESIANPOINT((0.,20.,136.66667000000001));
#223=IFCCARTESIANPOINT((1200.,20.,136.66667000000001));
#227=IFCCARTESIANPOINT((1200.,0.,136.66667000000001));
#231=IFCCARTESIANPOINT((0.,300.,166.66667000000001));
#235=IFCCARTESIANPOINT((0.,320.,166.66667000000001));
#240=IFCCARTESIANPOINT((1200.,320.,166.66667000000001));
#244=IFCCARTESIANPOINT((1200.,300.,166.66667000000001));
#248=IFCCARTESIANPOINT((0.,300.,303.33332999999999));
#252=IFCCARTESIANPOINT((0.,320.,303.33332999999999));
#256=IFCCARTESIANPOINT((1200.,320.,303.33332999999999));
#260=IFCCARTESIANPOINT((1200.,300.,303.33332999999999));
#264=IFCCARTESIANPOINT((0.,600.,333.33332999999999));
#268=IFCCARTESIANPOINT((0.,620.,333.33332999999999));
#272=IFCCARTESIANPOINT((1200.,620.,333.33332999999999));
#276=IFCCARTESIANPOINT((1200.,600.,333.33332999999999));
#280=IFCCARTESIANPOINT((0.,600.,470.));
#284=IFCCARTESIANPOINT((0.,620.,470.));
#288=IFCCARTESIANPOINT((1200.,620.,470.));
#292=IFCCARTESIANPOINT((1200.,600.,470.));
#296=IFCCARTESIANPOINT((0.,900.,500.));
#300=IFCCARTESIANPOINT((0.,920.,500.));
#304=IFCCARTESIANPOINT((1200.,920.,500.));
#308=IFCCARTESIANPOINT((1200.,900.,500.));
#312=IFCCARTESIANPOINT((0.,900.,636.66666999999995));
#316=IFCCARTESIANPOINT((0.,920.,636.66666999999995));
#320=IFCCARTESIANPOINT((1200.,920.,636.66666999999995));
#324=IFCCARTESIANPOINT((1200.,900.,636.66666999999995));
#328=IFCCARTESIANPOINT((0.,1200.,666.66666999999995));
#332=IFCCARTESIANPOINT((0.,1220.,666.66666999999995));
#336=IFCCARTESIANPOINT((1200.,1220.,666.66666999999995));
#340=IFCCARTESIANPOINT((1200.,1200.,666.66666999999995));
#344=IFCCARTESIANPOINT((0.,1200.,803.33333000000005));
#348=IFCCARTESIANPOINT((0.,1220.,803.33333000000005));
#352=IFCCARTESIANPOINT((1200.,1220.,803.33333000000005));
#356=IFCCARTESIANPOINT((1200.,1200.,803.33333000000005));
#360=IFCCARTESIANPOINT((0.,1500.,833.33333000000005));
#364=IFCCARTESIANPOINT((0.,1520.,833.33333000000005));
#369=IFCCARTESIANPOINT((1200.,1520.,833.33333000000005));
#373=IFCCARTESIANPOINT((1200.,1500.,833.33333000000005));
#377=IFCCARTESIANPOINT((0.,1500.,970.));
#381=IFCCARTESIANPOINT((0.,1520.,970.));
#385=IFCCARTESIANPOINT((1200.,1520.,970.));
#389=IFCCARTESIANPOINT((1200.,1500.,970.));
#393=IFCCARTESIANPOINT((0.,1520.,770.));
#397=IFCCARTESIANPOINT((1200.,1500.,770.));
#401=IFCCARTESIANPOINT((1200.,1500.,803.33333000000005));
#405=IFCCARTESIANPOINT((0.,1520.,803.33333000000005));
#409=IFCCARTESIANPOINT((0.,1851.8252,770.));
#413=IFCCARTESIANPOINT((0.,2700.,770.));
#417=IFCCARTESIANPOINT((1200.,2700.,770.));
#421=IFCCARTESIANPOINT((1200.,1851.8252,770.));
#425=IFCCARTESIANPOINT((1200.,1851.8252,803.33333000000005));
#429=IFCCARTESIANPOINT((1200.,2700.,803.33333000000005));
#433=IFCCARTESIANPOINT((0.,2700.,803.33333000000005));
#437=IFCCARTESIANPOINT((0.,1851.8252,803.33333000000005));
#441=IFCCARTESIANPOINT((0.,1520.,803.33333000000005));
#445=IFCCARTESIANPOINT((1200.,1520.,803.33333000000005));
#449=IFCCARTESIANPOINT((1200.,1520.,970.));
#453=IFCCARTESIANPOINT((0.,1520.,970.));
#457=IFCCARTESIANPOINT((0.,2700.,803.33333000000005));
#461=IFCCARTESIANPOINT((1200.,2700.,803.33333000000005));
#465=IFCCARTESIANPOINT((1200.,2700.,970.));
#469=IFCCARTESIANPOINT((0.,2700.,970.));
#473=IFCCARTESIANPOINT((3001.8252000000002,2700.,1936.6667));
#477=IFCCARTESIANPOINT((2720.,2700.,1936.6667));
#481=IFCCARTESIANPOINT((2720.,1500.,1936.6667));
#485=IFCCARTESIANPOINT((3001.8252000000002,1500.,1936.6667));
#489=IFCCARTESIANPOINT((1200.,2700.,770.));
#494=IFCCARTESIANPOINT((1200.,2700.,970.));
#498=IFCCARTESIANPOINT((1220.,2700.,1136.6667));
#502=IFCCARTESIANPOINT((1470.,2700.,1136.6667));
#506=IFCCARTESIANPOINT((1470.,2700.,1303.3333));
#510=IFCCARTESIANPOINT((1720.,2700.,1303.3333));
#514=IFCCARTESIANPOINT((1720.,2700.,1470.));
#518=IFCCARTESIANPOINT((1970.,2700.,1470.));
#522=IFCCARTESIANPOINT((1970.,2700.,1636.6667));
#526=IFCCARTESIANPOINT((2220.,2700.,1636.6667));
#530=IFCCARTESIANPOINT((2220.,2700.,1803.3333));
#534=IFCCARTESIANPOINT((2470.,2700.,1803.3333));
#538=IFCCARTESIANPOINT((2470.,2700.,1970.));
#542=IFCCARTESIANPOINT((2720.,2700.,1970.));
#546=IFCCARTESIANPOINT((2720.,1500.,1970.));
#550=IFCCARTESIANPOINT((2470.,1500.,1970.));
#554=IFCCARTESIANPOINT((2470.,1500.,1803.3333));
#558=IFCCARTESIANPOINT((2220.,1500.,1803.3333));
#562=IFCCARTESIANPOINT((2220.,1500.,1636.6667));
#566=IFCCARTESIANPOINT((1970.,1500.,1636.6667));
#570=IFCCARTESIANPOINT((1970.,1500.,1470.));
#574=IFCCARTESIANPOINT((1720.,1500.,1470.));
#578=IFCCARTESIANPOINT((1720.,1500.,1303.3333));
#582=IFCCARTESIANPOINT((1470.,1500.,1303.3333));
#586=IFCCARTESIANPOINT((1470.,1500.,1136.6667));
#590=IFCCARTESIANPOINT((1220.,1500.,1136.6667));
#594=IFCCARTESIANPOINT((1200.,1500.,970.));
#598=IFCCARTESIANPOINT((1200.,1500.,770.));
#602=IFCCARTESIANPOINT((1200.,2700.,1000.));
#606=IFCCARTESIANPOINT((1220.,2700.,1000.));
#610=IFCCARTESIANPOINT((1220.,1500.,1000.));
#614=IFCCARTESIANPOINT((1200.,1500.,1000.));
#618=IFCCARTESIANPOINT((1200.,2700.,1136.6667));
#623=IFCCARTESIANPOINT((1220.,2700.,1136.6667));
#627=IFCCARTESIANPOINT((1220.,1500.,1136.6667));
#631=IFCCARTESIANPOINT((1200.,1500.,1136.6667));
#635=IFCCARTESIANPOINT((1450.,2700.,1166.6667));
#639=IFCCARTESIANPOINT((1470.,2700.,1166.6667));
#643=IFCCARTESIANPOINT((1470.,1500.,1166.6667));
#647=IFCCARTESIANPOINT((1450.,1500.,1166.6667));
#651=IFCCARTESIANPOINT((1450.,2700.,1303.3333));
#655=IFCCARTESIANPOINT((1470.,2700.,1303.3333));
#659=IFCCARTESIANPOINT((1470.,1500.,1303.3333));
#663=IFCCARTESIANPOINT((1450.,1500.,1303.3333));
#667=IFCCARTESIANPOINT((1700.,2700.,1333.3333));
#671=IFCCARTESIANPOINT((1720.,2700.,1333.3333));
#675=IFCCARTESIANPOINT((1720.,1500.,1333.3333));
#679=IFCCARTESIANPOINT((1700.,1500.,1333.3333));
#683=IFCCARTESIANPOINT((1700.,2700.,1470.));
#687=IFCCARTESIANPOINT((1720.,2700.,1470.));
#691=IFCCARTESIANPOINT((1720.,1500.,1470.));
#695=IFCCARTESIANPOINT((1700.,1500.,1470.));
#699=IFCCARTESIANPOINT((1950.,2700.,1500.));
#703=IFCCARTESIANPOINT((1970.,2700.,1500.));
#707=IFCCARTESIANPOINT((1970.,1500.,1500.));
#711=IFCCARTESIANPOINT((1950.,1500.,1500.));
#715=IFCCARTESIANPOINT((1950.,2700.,1636.6667));
#719=IFCCARTESIANPOINT((1970.,2700.,1636.6667));
#723=IFCCARTESIANPOINT((1970.,1500.,1636.6667));
#727=IFCCARTESIANPOINT((1950.,1500.,1636.6667));
#731=IFCCARTESIANPOINT((2200.,2700.,1666.6667));
#735=IFCCARTESIANPOINT((2220.,2700.,1666.6667));
#739=IFCCARTESIANPOINT((2220.,1500.,1666.6667));
#743=IFCCARTESIANPOINT((2200.,1500.,1666.6667));
#747=IFCCARTESIANPOINT((2200.,2700.,1803.3333));
#752=IFCCARTESIANPOINT((2220.,2700.,1803.3333));
#756=IFCCARTESIANPOINT((2220.,1500.,1803.3333));
#760=IFCCARTESIANPOINT((2200.,1500.,1803.3333));
#764=IFCCARTESIANPOINT((2450.,2700.,1833.3333));
#768=IFCCARTESIANPOINT((2470.,2700.,1833.3333));
#772=IFCCARTESIANPOINT((2470.,1500.,1833.3333));
#776=IFCCARTESIANPOINT((2450.,1500.,1833.3333));
#780=IFCCARTESIANPOINT((2450.,2700.,1970.));
#784=IFCCARTESIANPOINT((2470.,2700.,1970.));
#788=IFCCARTESIANPOINT((2470.,1500.,1970.));
#792=IFCCARTESIANPOINT((2450.,1500.,1970.));
#796=IFCCARTESIANPOINT((2700.,2700.,2000.));
#800=IFCCARTESIANPOINT((2720.,2700.,2000.));
#804=IFCCARTESIANPOINT((2720.,1500.,2000.));
#808=IFCCARTESIANPOINT((2700.,1500.,2000.));
#812=IFCCARTESIANPOINT((2700.,2700.,2136.6667000000002));
#816=IFCCARTESIANPOINT((2720.,2700.,2136.6667000000002));
#820=IFCCARTESIANPOINT((2720.,1500.,2136.6667000000002));
#824=IFCCARTESIANPOINT((2700.,1500.,2136.6667000000002));
#828=IFCCARTESIANPOINT((2720.,2700.,1936.6667));
#832=IFCCARTESIANPOINT((2700.,1500.,1936.6667));
#836=IFCCARTESIANPOINT((2700.,1500.,1970.));
#840=IFCCARTESIANPOINT((2720.,2700.,1970.));
#844=IFCCARTESIANPOINT((3000.,2700.,1936.6667));
#848=IFCCARTESIANPOINT((3900.,2700.,1936.6667));
#852=IFCCARTESIANPOINT((3900.,1500.,1936.6667));
#856=IFCCARTESIANPOINT((3000.,1500.,1936.6667));
#860=IFCCARTESIANPOINT((3000.,1500.,1970.));
#864=IFCCARTESIANPOINT((3900.,1500.,1970.));
#868=IFCCARTESIANPOINT((3900.,2700.,1970.));
#872=IFCCARTESIANPOINT((3000.,2700.,1970.));
#876=IFCCARTESIANPOINT((2720.,2700.,1970.));
#881=IFCCARTESIANPOINT((2720.,1500.,1970.));
#885=IFCCARTESIANPOINT((2720.,1500.,2136.6667000000002));
#889=IFCCARTESIANPOINT((2720.,2700.,2136.6667000000002));
#893=IFCCARTESIANPOINT((3900.,2700.,1970.));
#897=IFCCARTESIANPOINT((3900.,1500.,1970.));
#901=IFCCARTESIANPOINT((3900.,1500.,2136.6667000000002));
#905=IFCCARTESIANPOINT((3900.,2700.,2136.6667000000002));
#909=IFCCARTESIANPOINT((3900.,0.,2741.2082));
#913=IFCCARTESIANPOINT((3900.,0.,2970.));
#917=IFCCARTESIANPOINT((2700.,0.,2970.));
#921=IFCCARTESIANPOINT((2700.,0.,2741.2082));
#925=IFCCARTESIANPOINT((3900.,1500.,1936.6667));
#929=IFCCARTESIANPOINT((3900.,1500.,2136.6667000000002));
#933=IFCCARTESIANPOINT((3900.,1480.,2136.6667000000002));
#937=IFCCARTESIANPOINT((3900.,1480.,2303.3332999999998));
#941=IFCCARTESIANPOINT((3900.,1180.,2303.3332999999998));
#945=IFCCARTESIANPOINT((3900.,1180.,2470.));
#949=IFCCARTESIANPOINT((3900.,880.,2470.));
#953=IFCCARTESIANPOINT((3900.,880.,2636.6667000000002));
#957=IFCCARTESIANPOINT((3900.,580.,2636.6667000000002));
#961=IFCCARTESIANPOINT((3900.,580.,2803.3332999999998));
#965=IFCCARTESIANPOINT((3900.,280.,2803.3332999999998));
#969=IFCCARTESIANPOINT((3900.,280.,2970.));
#973=IFCCARTESIANPOINT((2700.,280.,2970.));
#977=IFCCARTESIANPOINT((2700.,280.,2803.3332999999998));
#981=IFCCARTESIANPOINT((2700.,580.,2803.3332999999998));
#985=IFCCARTESIANPOINT((2700.,580.,2636.6667000000002));
#989=IFCCARTESIANPOINT((2700.,880.,2636.6667000000002));
#993=IFCCARTESIANPOINT((2700.,880.,2470.));
#997=IFCCARTESIANPOINT((2700.,1180.,2470.));
#1001=IFCCARTESIANPOINT((2700.,1180.,2303.3332999999998));
#1006=IFCCARTESIANPOINT((2700.,1480.,2303.3332999999998));
#1010=IFCCARTESIANPOINT((2700.,1480.,2136.6667000000002));
#1014=IFCCARTESIANPOINT((2700.,1500.,2136.6667000000002));
#1018=IFCCARTESIANPOINT((2700.,1500.,1936.6667));
#1022=IFCCARTESIANPOINT((3900.,1500.,2166.6667000000002));
#1026=IFCCARTESIANPOINT((3900.,1480.,2166.6667000000002));
#1030=IFCCARTESIANPOINT((2700.,1480.,2166.6667000000002));
#1034=IFCCARTESIANPOINT((2700.,1500.,2166.6667000000002));
#1038=IFCCARTESIANPOINT((3900.,1500.,2303.3332999999998));
#1042=IFCCARTESIANPOINT((3900.,1480.,2303.3332999999998));
#1046=IFCCARTESIANPOINT((2700.,1480.,2303.3332999999998));
#1050=IFCCARTESIANPOINT((2700.,1500.,2303.3332999999998));
#1054=IFCCARTESIANPOINT((3900.,1200.,2333.3332999999998));
#1058=IFCCARTESIANPOINT((3900.,1180.,2333.3332999999998));
#1062=IFCCARTESIANPOINT((2700.,1180.,2333.3332999999998));
#1066=IFCCARTESIANPOINT((2700.,1200.,2333.3332999999998));
#1070=IFCCARTESIANPOINT((3900.,1200.,2470.));
#1074=IFCCARTESIANPOINT((3900.,1180.,2470.));
#1078=IFCCARTESIANPOINT((2700.,1180.,2470.));
#1082=IFCCARTESIANPOINT((2700.,1200.,2470.));
#1086=IFCCARTESIANPOINT((3900.,900.,2500.));
#1090=IFCCARTESIANPOINT((3900.,880.,2500.));
#1094=IFCCARTESIANPOINT((2700.,880.,2500.));
#1098=IFCCARTESIANPOINT((2700.,900.,2500.));
#1102=IFCCARTESIANPOINT((3900.,900.,2636.6667000000002));
#1106=IFCCARTESIANPOINT((3900.,880.,2636.6667000000002));
#1110=IFCCARTESIANPOINT((2700.,880.,2636.6667000000002));
#1114=IFCCARTESIANPOINT((2700.,900.,2636.6667000000002));
#1118=IFCCARTESIANPOINT((3900.,600.,2666.6667000000002));
#1122=IFCCARTESIANPOINT((3900.,580.,2666.6667000000002));
#1126=IFCCARTESIANPOINT((2700.,580.,2666.6667000000002));
#1130=IFCCARTESIANPOINT((2700.,600.,2666.6667000000002));
#1135=IFCCARTESIANPOINT((3900.,600.,2803.3332999999998));
#1139=IFCCARTESIANPOINT((3900.,580.,2803.3332999999998));
#1143=IFCCARTESIANPOINT((2700.,580.,2803.3332999999998));
#1147=IFCCARTESIANPOINT((2700.,600.,2803.3332999999998));
#1151=IFCCARTESIANPOINT((3900.,300.,2833.3332999999998));
#1155=IFCCARTESIANPOINT((3900.,280.,2833.3332999999998));
#1159=IFCCARTESIANPOINT((2700.,280.,2833.3332999999998));
#1163=IFCCARTESIANPOINT((2700.,300.,2833.3332999999998));
#1167=IFCCARTESIANPOINT((3900.,300.,2970.));
#1171=IFCCARTESIANPOINT((3900.,280.,2970.));
#1175=IFCCARTESIANPOINT((2700.,280.,2970.));
#1179=IFCCARTESIANPOINT((2700.,300.,2970.));
#1183=IFCCARTESIANPOINT((1200.,-20.,136.66667000000001));
#1187=IFCCARTESIANPOINT((0.,-20.,136.66667000000001));
#1191=IFCCARTESIANPOINT((0.,320.,136.66667000000001));
#1195=IFCCARTESIANPOINT((1200.,320.,136.66667000000001));
#1199=IFCCARTESIANPOINT((1200.,-20.,166.66667000000001));
#1203=IFCCARTESIANPOINT((0.,-20.,166.66667000000001));
#1207=IFCCARTESIANPOINT((0.,320.,166.66667000000001));
#1211=IFCCARTESIANPOINT((1200.,320.,166.66667000000001));
#1215=IFCCARTESIANPOINT((1200.,280.,303.33332999999999));
#1219=IFCCARTESIANPOINT((0.,280.,303.33332999999999));
#1223=IFCCARTESIANPOINT((0.,620.,303.33332999999999));
#1227=IFCCARTESIANPOINT((1200.,620.,303.33332999999999));
#1231=IFCCARTESIANPOINT((1200.,280.,333.33332999999999));
#1235=IFCCARTESIANPOINT((0.,280.,333.33332999999999));
#1239=IFCCARTESIANPOINT((0.,620.,333.33332999999999));
#1243=IFCCARTESIANPOINT((1200.,620.,333.33332999999999));
#1247=IFCCARTESIANPOINT((1200.,580.,470.));
#1251=IFCCARTESIANPOINT((0.,580.,470.));
#1255=IFCCARTESIANPOINT((0.,920.,470.));
#1259=IFCCARTESIANPOINT((1200.,920.,470.));
#1264=IFCCARTESIANPOINT((1200.,580.,500.));
#1268=IFCCARTESIANPOINT((0.,580.,500.));
#1272=IFCCARTESIANPOINT((0.,920.,500.));
#1276=IFCCARTESIANPOINT((1200.,920.,500.));
#1280=IFCCARTESIANPOINT((1200.,880.,636.66666999999995));
#1284=IFCCARTESIANPOINT((0.,880.,636.66666999999995));
#1288=IFCCARTESIANPOINT((0.,1220.,636.66666999999995));
#1292=IFCCARTESIANPOINT((1200.,1220.,636.66666999999995));
#1296=IFCCARTESIANPOINT((1200.,880.,666.66666999999995));
#1300=IFCCARTESIANPOINT((0.,880.,666.66666999999995));
#1304=IFCCARTESIANPOINT((0.,1220.,666.66666999999995));
#1308=IFCCARTESIANPOINT((1200.,1220.,666.66666999999995));
#1312=IFCCARTESIANPOINT((1200.,1180.,803.33333000000005));
#1316=IFCCARTESIANPOINT((0.,1180.,803.33333000000005));
#1320=IFCCARTESIANPOINT((0.,1520.,803.33333000000005));
#1324=IFCCARTESIANPOINT((1200.,1520.,803.33333000000005));
#1328=IFCCARTESIANPOINT((1200.,1180.,833.33333000000005));
#1332=IFCCARTESIANPOINT((0.,1180.,833.33333000000005));
#1336=IFCCARTESIANPOINT((0.,1520.,833.33333000000005));
#1340=IFCCARTESIANPOINT((1200.,1520.,833.33333000000005));
#1344=IFCCARTESIANPOINT((1220.,1480.,970.));
#1348=IFCCARTESIANPOINT((0.,1480.,970.));
#1352=IFCCARTESIANPOINT((0.,2700.,970.));
#1356=IFCCARTESIANPOINT((1220.,2700.,970.));
#1360=IFCCARTESIANPOINT((1220.,1480.,1000.));
#1364=IFCCARTESIANPOINT((0.,1480.,1000.));
#1368=IFCCARTESIANPOINT((0.,2700.,1000.));
#1372=IFCCARTESIANPOINT((1220.,2700.,1000.));
#1376=IFCCARTESIANPOINT((1180.,1500.,1136.6667));
#1380=IFCCARTESIANPOINT((1180.,2700.,1136.6667));
#1384=IFCCARTESIANPOINT((1470.,2700.,1136.6667));
#1388=IFCCARTESIANPOINT((1470.,1500.,1136.6667));
#1393=IFCCARTESIANPOINT((1180.,1500.,1166.6667));
#1397=IFCCARTESIANPOINT((1180.,2700.,1166.6667));
#1401=IFCCARTESIANPOINT((1470.,2700.,1166.6667));
#1405=IFCCARTESIANPOINT((1470.,1500.,1166.6667));
#1409=IFCCARTESIANPOINT((1430.,1500.,1303.3333));
#1413=IFCCARTESIANPOINT((1430.,2700.,1303.3333));
#1417=IFCCARTESIANPOINT((1720.,2700.,1303.3333));
#1421=IFCCARTESIANPOINT((1720.,1500.,1303.3333));
#1425=IFCCARTESIANPOINT((1430.,1500.,1333.3333));
#1429=IFCCARTESIANPOINT((1430.,2700.,1333.3333));
#1433=IFCCARTESIANPOINT((1720.,2700.,1333.3333));
#1437=IFCCARTESIANPOINT((1720.,1500.,1333.3333));
#1441=IFCCARTESIANPOINT((1680.,1500.,1470.));
#1445=IFCCARTESIANPOINT((1680.,2700.,1470.));
#1449=IFCCARTESIANPOINT((1970.,2700.,1470.));
#1453=IFCCARTESIANPOINT((1970.,1500.,1470.));
#1457=IFCCARTESIANPOINT((1680.,1500.,1500.));
#1461=IFCCARTESIANPOINT((1680.,2700.,1500.));
#1465=IFCCARTESIANPOINT((1970.,2700.,1500.));
#1469=IFCCARTESIANPOINT((1970.,1500.,1500.));
#1473=IFCCARTESIANPOINT((1930.,1500.,1636.6667));
#1477=IFCCARTESIANPOINT((1930.,2700.,1636.6667));
#1481=IFCCARTESIANPOINT((2220.,2700.,1636.6667));
#1485=IFCCARTESIANPOINT((2220.,1500.,1636.6667));
#1489=IFCCARTESIANPOINT((1930.,1500.,1666.6667));
#1493=IFCCARTESIANPOINT((1930.,2700.,1666.6667));
#1497=IFCCARTESIANPOINT((2220.,2700.,1666.6667));
#1501=IFCCARTESIANPOINT((2220.,1500.,1666.6667));
#1505=IFCCARTESIANPOINT((2180.,1500.,1803.3333));
#1509=IFCCARTESIANPOINT((2180.,2700.,1803.3333));
#1513=IFCCARTESIANPOINT((2470.,2700.,1803.3333));
#1518=IFCCARTESIANPOINT((2470.,1500.,1803.3333));
#1522=IFCCARTESIANPOINT((2180.,1500.,1833.3333));
#1526=IFCCARTESIANPOINT((2180.,2700.,1833.3333));
#1530=IFCCARTESIANPOINT((2470.,2700.,1833.3333));
#1534=IFCCARTESIANPOINT((2470.,1500.,1833.3333));
#1538=IFCCARTESIANPOINT((2430.,1500.,1970.));
#1542=IFCCARTESIANPOINT((2430.,2700.,1970.));
#1546=IFCCARTESIANPOINT((2720.,2700.,1970.));
#1550=IFCCARTESIANPOINT((2720.,1500.,1970.));
#1554=IFCCARTESIANPOINT((2430.,1500.,2000.));
#1558=IFCCARTESIANPOINT((2430.,2700.,2000.));
#1562=IFCCARTESIANPOINT((2720.,2700.,2000.));
#1566=IFCCARTESIANPOINT((2720.,1500.,2000.));
#1570=IFCCARTESIANPOINT((3900.,1480.,2136.6667000000002));
#1574=IFCCARTESIANPOINT((2680.,1480.,2136.6667000000002));
#1578=IFCCARTESIANPOINT((2680.,2700.,2136.6667000000002));
#1582=IFCCARTESIANPOINT((3900.,2700.,2136.6667000000002));
#1586=IFCCARTESIANPOINT((3900.,1480.,2166.6667000000002));
#1590=IFCCARTESIANPOINT((2680.,1480.,2166.6667000000002));
#1594=IFCCARTESIANPOINT((2680.,2700.,2166.6667000000002));
#1598=IFCCARTESIANPOINT((3900.,2700.,2166.6667000000002));
#1602=IFCCARTESIANPOINT((2700.,1520.,2303.3332999999998));
#1606=IFCCARTESIANPOINT((3900.,1520.,2303.3332999999998));
#1610=IFCCARTESIANPOINT((3900.,1180.,2303.3332999999998));
#1614=IFCCARTESIANPOINT((2700.,1180.,2303.3332999999998));
#1618=IFCCARTESIANPOINT((2700.,1520.,2333.3332999999998));
#1622=IFCCARTESIANPOINT((3900.,1520.,2333.3332999999998));
#1626=IFCCARTESIANPOINT((3900.,1180.,2333.3332999999998));
#1630=IFCCARTESIANPOINT((2700.,1180.,2333.3332999999998));
#1634=IFCCARTESIANPOINT((2700.,1220.,2470.));
#1638=IFCCARTESIANPOINT((3900.,1220.,2470.));
#1642=IFCCARTESIANPOINT((3900.,880.,2470.));
#1647=IFCCARTESIANPOINT((2700.,880.,2470.));
#1651=IFCCARTESIANPOINT((2700.,1220.,2500.));
#1655=IFCCARTESIANPOINT((3900.,1220.,2500.));
#1659=IFCCARTESIANPOINT((3900.,880.,2500.));
#1663=IFCCARTESIANPOINT((2700.,880.,2500.));
#1667=IFCCARTESIANPOINT((2700.,920.,2636.6667000000002));
#1671=IFCCARTESIANPOINT((3900.,920.,2636.6667000000002));
#1675=IFCCARTESIANPOINT((3900.,580.,2636.6667000000002));
#1679=IFCCARTESIANPOINT((2700.,580.,2636.6667000000002));
#1683=IFCCARTESIANPOINT((2700.,920.,2666.6667000000002));
#1687=IFCCARTESIANPOINT((3900.,920.,2666.6667000000002));
#1691=IFCCARTESIANPOINT((3900.,580.,2666.6667000000002));
#1695=IFCCARTESIANPOINT((2700.,580.,2666.6667000000002));
#1699=IFCCARTESIANPOINT((2700.,620.,2803.3332999999998));
#1703=IFCCARTESIANPOINT((3900.,620.,2803.3332999999998));
#1707=IFCCARTESIANPOINT((3900.,280.,2803.3332999999998));
#1711=IFCCARTESIANPOINT((2700.,280.,2803.3332999999998));
#1715=IFCCARTESIANPOINT((2700.,620.,2833.3332999999998));
#1719=IFCCARTESIANPOINT((3900.,620.,2833.3332999999998));
#1723=IFCCARTESIANPOINT((3900.,280.,2833.3332999999998));
#1727=IFCCARTESIANPOINT((2700.,280.,2833.3332999999998));
#1731=IFCCARTESIANPOINT((2700.,320.,2970.));
#1735=IFCCARTESIANPOINT((3900.,320.,2970.));
#1739=IFCCARTESIANPOINT((3900.,0.,2970.));
#1743=IFCCARTESIANPOINT((2700.,0.,2970.));
#1747=IFCCARTESIANPOINT((2700.,320.,3000.));
#1751=IFCCARTESIANPOINT((3900.,320.,3000.));
#1755=IFCCARTESIANPOINT((3900.,0.,3000.));
#1759=IFCCARTESIANPOINT((2700.,0.,3000.));
#1763=IFCCARTESIANPOINT((1150.,0.,366.66667000000001));
#1767=IFCCARTESIANPOINT((1150.,1500.,1200.));
#1771=IFCCARTESIANPOINT((1200.,1500.,1200.));
#1776=IFCCARTESIANPOINT((1200.,0.,366.66667000000001));
#1780=IFCCARTESIANPOINT((1150.,0.,1116.6667));
#1784=IFCCARTESIANPOINT((1150.,1500.,1950.));
#1788=IFCCARTESIANPOINT((1150.,50.,444.44443999999999));
#1792=IFCCARTESIANPOINT((1150.,1450.,1222.2221999999999));
#1796=IFCCARTESIANPOINT((1150.,1450.,1872.2221999999999));
#1800=IFCCARTESIANPOINT((1150.,50.,1094.4444000000001));
#1804=IFCCARTESIANPOINT((1200.,1500.,1950.));
#1808=IFCCARTESIANPOINT((1200.,0.,1116.6667));
#1812=IFCCARTESIANPOINT((1200.,50.,444.44443999999999));
#1816=IFCCARTESIANPOINT((1200.,50.,1094.4444000000001));
#1820=IFCCARTESIANPOINT((1200.,1450.,1872.2221999999999));
#1824=IFCCARTESIANPOINT((1200.,1450.,1222.2221999999999));
#1828=IFCCARTESIANPOINT((1150.,187.77778000000001,520.98765000000003));
#1832=IFCCARTESIANPOINT((1150.,207.77778000000001,532.09876999999994));
#1836=IFCCARTESIANPOINT((1200.,207.77778000000001,532.09876999999994));
#1840=IFCCARTESIANPOINT((1200.,187.77778000000001,520.98765000000003));
#1844=IFCCARTESIANPOINT((1150.,187.77778000000001,1170.9876999999999));
#1848=IFCCARTESIANPOINT((1150.,207.77778000000001,1182.0988));
#1852=IFCCARTESIANPOINT((1200.,207.77778000000001,1182.0988));
#1856=IFCCARTESIANPOINT((1200.,187.77778000000001,1170.9876999999999));
#1860=IFCCARTESIANPOINT((1150.,345.55556000000001,608.64197999999999));
#1864=IFCCARTESIANPOINT((1150.,365.55556000000001,619.75309000000004));
#1868=IFCCARTESIANPOINT((1200.,365.55556000000001,619.75309000000004));
#1872=IFCCARTESIANPOINT((1200.,345.55556000000001,608.64197999999999));
#1876=IFCCARTESIANPOINT((1150.,345.55556000000001,1258.6420000000001));
#1880=IFCCARTESIANPOINT((1150.,365.55556000000001,1269.7530999999999));
#1884=IFCCARTESIANPOINT((1200.,365.55556000000001,1269.7530999999999));
#1888=IFCCARTESIANPOINT((1200.,345.55556000000001,1258.6420000000001));
#1892=IFCCARTESIANPOINT((1150.,503.33332999999999,696.29629999999997));
#1896=IFCCARTESIANPOINT((1150.,523.33333000000005,707.40741000000003));
#1900=IFCCARTESIANPOINT((1200.,523.33333000000005,707.40741000000003));
#1905=IFCCARTESIANPOINT((1200.,503.33332999999999,696.29629999999997));
#1909=IFCCARTESIANPOINT((1150.,503.33332999999999,1346.2963));
#1913=IFCCARTESIANPOINT((1150.,523.33333000000005,1357.4074000000001));
#1917=IFCCARTESIANPOINT((1200.,523.33333000000005,1357.4074000000001));
#1921=IFCCARTESIANPOINT((1200.,503.33332999999999,1346.2963));
#1925=IFCCARTESIANPOINT((1150.,661.11111000000005,783.95061999999996));
#1929=IFCCARTESIANPOINT((1150.,681.11111000000005,795.06173000000001));
#1933=IFCCARTESIANPOINT((1200.,681.11111000000005,795.06173000000001));
#1937=IFCCARTESIANPOINT((1200.,661.11111000000005,783.95061999999996));
#1941=IFCCARTESIANPOINT((1150.,661.11111000000005,1433.9505999999999));
#1945=IFCCARTESIANPOINT((1150.,681.11111000000005,1445.0617));
#1949=IFCCARTESIANPOINT((1200.,681.11111000000005,1445.0617));
#1953=IFCCARTESIANPOINT((1200.,661.11111000000005,1433.9505999999999));
#1957=IFCCARTESIANPOINT((1150.,818.88888999999995,871.60494000000006));
#1961=IFCCARTESIANPOINT((1150.,838.88888999999995,882.71605));
#1965=IFCCARTESIANPOINT((1200.,838.88888999999995,882.71605));
#1969=IFCCARTESIANPOINT((1200.,818.88888999999995,871.60494000000006));
#1973=IFCCARTESIANPOINT((1150.,818.88888999999995,1521.6049));
#1977=IFCCARTESIANPOINT((1150.,838.88888999999995,1532.7159999999999));
#1981=IFCCARTESIANPOINT((1200.,838.88888999999995,1532.7159999999999));
#1985=IFCCARTESIANPOINT((1200.,818.88888999999995,1521.6049));
#1989=IFCCARTESIANPOINT((1150.,976.66666999999995,959.25926000000004));
#1993=IFCCARTESIANPOINT((1150.,996.66666999999995,970.37036999999998));
#1997=IFCCARTESIANPOINT((1200.,996.66666999999995,970.37036999999998));
#2001=IFCCARTESIANPOINT((1200.,976.66666999999995,959.25926000000004));
#2005=IFCCARTESIANPOINT((1150.,976.66666999999995,1609.2592999999999));
#2009=IFCCARTESIANPOINT((1150.,996.66666999999995,1620.3704));
#2013=IFCCARTESIANPOINT((1200.,996.66666999999995,1620.3704));
#2017=IFCCARTESIANPOINT((1200.,976.66666999999995,1609.2592999999999));
#2021=IFCCARTESIANPOINT((1150.,1134.4444000000001,1046.9136000000001));
#2025=IFCCARTESIANPOINT((1150.,1154.4444000000001,1058.0246999999999));
#2030=IFCCARTESIANPOINT((1200.,1154.4444000000001,1058.0246999999999));
#2034=IFCCARTESIANPOINT((1200.,1134.4444000000001,1046.9136000000001));
#2038=IFCCARTESIANPOINT((1150.,1134.4444000000001,1696.9136000000001));
#2042=IFCCARTESIANPOINT((1150.,1154.4444000000001,1708.0246999999999));
#2046=IFCCARTESIANPOINT((1200.,1154.4444000000001,1708.0246999999999));
#2050=IFCCARTESIANPOINT((1200.,1134.4444000000001,1696.9136000000001));
#2054=IFCCARTESIANPOINT((1150.,1292.2221999999999,1134.5679));
#2058=IFCCARTESIANPOINT((1150.,1312.2221999999999,1145.6790000000001));
#2062=IFCCARTESIANPOINT((1200.,1312.2221999999999,1145.6790000000001));
#2066=IFCCARTESIANPOINT((1200.,1292.2221999999999,1134.5679));
#2070=IFCCARTESIANPOINT((1150.,1292.2221999999999,1784.5679));
#2074=IFCCARTESIANPOINT((1150.,1312.2221999999999,1795.6790000000001));
#2078=IFCCARTESIANPOINT((1200.,1312.2221999999999,1795.6790000000001));
#2082=IFCCARTESIANPOINT((1200.,1292.2221999999999,1784.5679));
#2086=IFCCARTESIANPOINT((1200.,1500.,1000.));
#2090=IFCCARTESIANPOINT((1150.,1500.,1000.));
#2094=IFCCARTESIANPOINT((1150.,1550.,1000.));
#2098=IFCCARTESIANPOINT((1200.,1550.,1000.));
#2102=IFCCARTESIANPOINT((1200.,1500.,2116.6667000000002));
#2106=IFCCARTESIANPOINT((1150.,1500.,2116.6667000000002));
#2110=IFCCARTESIANPOINT((1150.,1550.,2116.6667000000002));
#2114=IFCCARTESIANPOINT((1200.,1550.,2116.6667000000002));
#2118=IFCCARTESIANPOINT((1200.,1550.,1366.6667));
#2122=IFCCARTESIANPOINT((2700.,1550.,2366.6667000000002));
#2126=IFCCARTESIANPOINT((2700.,1500.,2366.6667000000002));
#2130=IFCCARTESIANPOINT((1200.,1500.,1366.6667));
#2134=IFCCARTESIANPOINT((1200.,1550.,2116.6667000000002));
#2138=IFCCARTESIANPOINT((2700.,1550.,3116.6667000000002));
#2142=IFCCARTESIANPOINT((1250.,1550.,1450.));
#2146=IFCCARTESIANPOINT((2650.,1550.,2383.3332999999998));
#2150=IFCCARTESIANPOINT((2650.,1550.,3033.3332999999998));
#2154=IFCCARTESIANPOINT((1250.,1550.,2100.));
#2159=IFCCARTESIANPOINT((2700.,1500.,3116.6667000000002));
#2163=IFCCARTESIANPOINT((1200.,1500.,2116.6667000000002));
#2167=IFCCARTESIANPOINT((1250.,1500.,1450.));
#2171=IFCCARTESIANPOINT((1250.,1500.,2100.));
#2175=IFCCARTESIANPOINT((2650.,1500.,3033.3332999999998));
#2179=IFCCARTESIANPOINT((2650.,1500.,2383.3332999999998));
#2183=IFCCARTESIANPOINT((1387.7778000000001,1550.,1541.8518999999999));
#2187=IFCCARTESIANPOINT((1407.7778000000001,1550.,1555.1851999999999));
#2191=IFCCARTESIANPOINT((1407.7778000000001,1500.,1555.1851999999999));
#2195=IFCCARTESIANPOINT((1387.7778000000001,1500.,1541.8518999999999));
#2199=IFCCARTESIANPOINT((1387.7778000000001,1550.,2191.8519000000001));
#2203=IFCCARTESIANPOINT((1407.7778000000001,1550.,2205.1851999999999));
#2207=IFCCARTESIANPOINT((1407.7778000000001,1500.,2205.1851999999999));
#2211=IFCCARTESIANPOINT((1387.7778000000001,1500.,2191.8519000000001));
#2215=IFCCARTESIANPOINT((1545.5555999999999,1550.,1647.037));
#2219=IFCCARTESIANPOINT((1565.5555999999999,1550.,1660.3704));
#2223=IFCCARTESIANPOINT((1565.5555999999999,1500.,1660.3704));
#2227=IFCCARTESIANPOINT((1545.5555999999999,1500.,1647.037));
#2231=IFCCARTESIANPOINT((1545.5555999999999,1550.,2297.0369999999998));
#2235=IFCCARTESIANPOINT((1565.5555999999999,1550.,2310.3703999999998));
#2239=IFCCARTESIANPOINT((1565.5555999999999,1500.,2310.3703999999998));
#2243=IFCCARTESIANPOINT((1545.5555999999999,1500.,2297.0369999999998));
#2247=IFCCARTESIANPOINT((1703.3333,1550.,1752.2221999999999));
#2251=IFCCARTESIANPOINT((1723.3333,1550.,1765.5555999999999));
#2255=IFCCARTESIANPOINT((1723.3333,1500.,1765.5555999999999));
#2259=IFCCARTESIANPOINT((1703.3333,1500.,1752.2221999999999));
#2263=IFCCARTESIANPOINT((1703.3333,1550.,2402.2222000000002));
#2267=IFCCARTESIANPOINT((1723.3333,1550.,2415.5556000000001));
#2271=IFCCARTESIANPOINT((1723.3333,1500.,2415.5556000000001));
#2275=IFCCARTESIANPOINT((1703.3333,1500.,2402.2222000000002));
#2279=IFCCARTESIANPOINT((1861.1111000000001,1550.,1857.4074000000001));
#2283=IFCCARTESIANPOINT((1881.1111000000001,1550.,1870.7407000000001));
#2288=IFCCARTESIANPOINT((1881.1111000000001,1500.,1870.7407000000001));
#2292=IFCCARTESIANPOINT((1861.1111000000001,1500.,1857.4074000000001));
#2296=IFCCARTESIANPOINT((1861.1111000000001,1550.,2507.4074000000001));
#2300=IFCCARTESIANPOINT((1881.1111000000001,1550.,2520.7406999999998));
#2304=IFCCARTESIANPOINT((1881.1111000000001,1500.,2520.7406999999998));
#2308=IFCCARTESIANPOINT((1861.1111000000001,1500.,2507.4074000000001));
#2312=IFCCARTESIANPOINT((2018.8888999999999,1550.,1962.5925999999999));
#2316=IFCCARTESIANPOINT((2038.8888999999999,1550.,1975.9259));
#2320=IFCCARTESIANPOINT((2038.8888999999999,1500.,1975.9259));
#2324=IFCCARTESIANPOINT((2018.8888999999999,1500.,1962.5925999999999));
#2328=IFCCARTESIANPOINT((2018.8888999999999,1550.,2612.5925999999999));
#2332=IFCCARTESIANPOINT((2038.8888999999999,1550.,2625.9259000000002));
#2336=IFCCARTESIANPOINT((2038.8888999999999,1500.,2625.9259000000002));
#2340=IFCCARTESIANPOINT((2018.8888999999999,1500.,2612.5925999999999));
#2344=IFCCARTESIANPOINT((2176.6667000000002,1550.,2067.7777999999998));
#2348=IFCCARTESIANPOINT((2196.6667000000002,1550.,2081.1111000000001));
#2352=IFCCARTESIANPOINT((2196.6667000000002,1500.,2081.1111000000001));
#2356=IFCCARTESIANPOINT((2176.6667000000002,1500.,2067.7777999999998));
#2360=IFCCARTESIANPOINT((2176.6667000000002,1550.,2717.7777999999998));
#2364=IFCCARTESIANPOINT((2196.6667000000002,1550.,2731.1111000000001));
#2368=IFCCARTESIANPOINT((2196.6667000000002,1500.,2731.1111000000001));
#2372=IFCCARTESIANPOINT((2176.6667000000002,1500.,2717.7777999999998));
#2376=IFCCARTESIANPOINT((2334.4443999999999,1550.,2172.9630000000002));
#2380=IFCCARTESIANPOINT((2354.4443999999999,1550.,2186.2963));
#2384=IFCCARTESIANPOINT((2354.4443999999999,1500.,2186.2963));
#2388=IFCCARTESIANPOINT((2334.4443999999999,1500.,2172.9630000000002));
#2392=IFCCARTESIANPOINT((2334.4443999999999,1550.,2822.9630000000002));
#2396=IFCCARTESIANPOINT((2354.4443999999999,1550.,2836.2963));
#2400=IFCCARTESIANPOINT((2354.4443999999999,1500.,2836.2963));
#2404=IFCCARTESIANPOINT((2334.4443999999999,1500.,2822.9630000000002));
#2408=IFCCARTESIANPOINT((2492.2222000000002,1550.,2278.1480999999999));
#2412=IFCCARTESIANPOINT((2512.2222000000002,1550.,2291.4814999999999));
#2417=IFCCARTESIANPOINT((2512.2222000000002,1500.,2291.4814999999999));
#2421=IFCCARTESIANPOINT((2492.2222000000002,1500.,2278.1480999999999));
#2425=IFCCARTESIANPOINT((2492.2222000000002,1550.,2928.1480999999999));
#2429=IFCCARTESIANPOINT((2512.2222000000002,1550.,2941.4814999999999));
#2433=IFCCARTESIANPOINT((2512.2222000000002,1500.,2941.4814999999999));
#2437=IFCCARTESIANPOINT((2492.2222000000002,1500.,2928.1480999999999));
#2441=IFCCARTESIANPOINT((2750.,1500.,2166.6667000000002));
#2445=IFCCARTESIANPOINT((2700.,1500.,2166.6667000000002));
#2449=IFCCARTESIANPOINT((2700.,1550.,2166.6667000000002));
#2453=IFCCARTESIANPOINT((2750.,1550.,2166.6667000000002));
#2457=IFCCARTESIANPOINT((2750.,1500.,3283.3332999999998));
#2461=IFCCARTESIANPOINT((2700.,1500.,3283.3332999999998));
#2465=IFCCARTESIANPOINT((2700.,1550.,3283.3332999999998));
#2469=IFCCARTESIANPOINT((2750.,1550.,3283.3332999999998));
#2473=IFCCARTESIANPOINT((2750.,1500.,2533.3332999999998));
#2477=IFCCARTESIANPOINT((2750.,0.,3366.6667000000002));
#2481=IFCCARTESIANPOINT((2700.,0.,3366.6667000000002));
#2485=IFCCARTESIANPOINT((2700.,1500.,2533.3332999999998));
#2489=IFCCARTESIANPOINT((2750.,1500.,3283.3332999999998));
#2493=IFCCARTESIANPOINT((2750.,0.,4116.6666999999998));
#2497=IFCCARTESIANPOINT((2750.,1450.,2611.1111000000001));
#2501=IFCCARTESIANPOINT((2750.,50.,3388.8888999999999));
#2505=IFCCARTESIANPOINT((2750.,50.,4038.8888999999999));
#2509=IFCCARTESIANPOINT((2750.,1450.,3261.1111000000001));
#2513=IFCCARTESIANPOINT((2700.,0.,4116.6666999999998));
#2517=IFCCARTESIANPOINT((2700.,1500.,3283.3332999999998));
#2521=IFCCARTESIANPOINT((2700.,1450.,2611.1111000000001));
#2525=IFCCARTESIANPOINT((2700.,1450.,3261.1111000000001));
#2529=IFCCARTESIANPOINT((2700.,50.,4038.8888999999999));
#2533=IFCCARTESIANPOINT((2700.,50.,3388.8888999999999));
#2537=IFCCARTESIANPOINT((2750.,1312.2221999999999,2687.6543000000001));
#2542=IFCCARTESIANPOINT((2750.,1292.2221999999999,2698.7654000000002));
#2546=IFCCARTESIANPOINT((2700.,1292.2221999999999,2698.7654000000002));
#2550=IFCCARTESIANPOINT((2700.,1312.2221999999999,2687.6543000000001));
#2554=IFCCARTESIANPOINT((2750.,1312.2221999999999,3337.6543000000001));
#2558=IFCCARTESIANPOINT((2750.,1292.2221999999999,3348.7654000000002));
#2562=IFCCARTESIANPOINT((2700.,1292.2221999999999,3348.7654000000002));
#2566=IFCCARTESIANPOINT((2700.,1312.2221999999999,3337.6543000000001));
#2570=IFCCARTESIANPOINT((2750.,1154.4444000000001,2775.3085999999998));
#2574=IFCCARTESIANPOINT((2750.,1134.4444000000001,2786.4198000000001));
#2578=IFCCARTESIANPOINT((2700.,1134.4444000000001,2786.4198000000001));
#2582=IFCCARTESIANPOINT((2700.,1154.4444000000001,2775.3085999999998));
#2586=IFCCARTESIANPOINT((2750.,1154.4444000000001,3425.3085999999998));
#2590=IFCCARTESIANPOINT((2750.,1134.4444000000001,3436.4198000000001));
#2594=IFCCARTESIANPOINT((2700.,1134.4444000000001,3436.4198000000001));
#2598=IFCCARTESIANPOINT((2700.,1154.4444000000001,3425.3085999999998));
#2602=IFCCARTESIANPOINT((2750.,996.66666999999995,2862.9630000000002));
#2606=IFCCARTESIANPOINT((2750.,976.66666999999995,2874.0740999999998));
#2610=IFCCARTESIANPOINT((2700.,976.66666999999995,2874.0740999999998));
#2614=IFCCARTESIANPOINT((2700.,996.66666999999995,2862.9630000000002));
#2618=IFCCARTESIANPOINT((2750.,996.66666999999995,3512.9630000000002));
#2622=IFCCARTESIANPOINT((2750.,976.66666999999995,3524.0740999999998));
#2626=IFCCARTESIANPOINT((2700.,976.66666999999995,3524.0740999999998));
#2630=IFCCARTESIANPOINT((2700.,996.66666999999995,3512.9630000000002));
#2634=IFCCARTESIANPOINT((2750.,838.88888999999995,2950.6172999999999));
#2638=IFCCARTESIANPOINT((2750.,818.88888999999995,2961.7284));
#2642=IFCCARTESIANPOINT((2700.,818.88888999999995,2961.7284));
#2646=IFCCARTESIANPOINT((2700.,838.88888999999995,2950.6172999999999));
#2650=IFCCARTESIANPOINT((2750.,838.88888999999995,3600.6172999999999));
#2654=IFCCARTESIANPOINT((2750.,818.88888999999995,3611.7284));
#2658=IFCCARTESIANPOINT((2700.,818.88888999999995,3611.7284));
#2662=IFCCARTESIANPOINT((2700.,838.88888999999995,3600.6172999999999));
#2666=IFCCARTESIANPOINT((2750.,681.11111000000005,3038.2716));
#2671=IFCCARTESIANPOINT((2750.,661.11111000000005,3049.3827000000001));
#2675=IFCCARTESIANPOINT((2700.,661.11111000000005,3049.3827000000001));
#2679=IFCCARTESIANPOINT((2700.,681.11111000000005,3038.2716));
#2683=IFCCARTESIANPOINT((2750.,681.11111000000005,3688.2716));
#2687=IFCCARTESIANPOINT((2750.,661.11111000000005,3699.3827000000001));
#2691=IFCCARTESIANPOINT((2700.,661.11111000000005,3699.3827000000001));
#2695=IFCCARTESIANPOINT((2700.,681.11111000000005,3688.2716));
#2699=IFCCARTESIANPOINT((2750.,523.33333000000005,3125.9259000000002));
#2703=IFCCARTESIANPOINT((2750.,503.33332999999999,3137.0369999999998));
#2707=IFCCARTESIANPOINT((2700.,503.33332999999999,3137.0369999999998));
#2711=IFCCARTESIANPOINT((2700.,523.33333000000005,3125.9259000000002));
#2715=IFCCARTESIANPOINT((2750.,523.33333000000005,3775.9259000000002));
#2719=IFCCARTESIANPOINT((2750.,503.33332999999999,3787.0369999999998));
#2723=IFCCARTESIANPOINT((2700.,503.33332999999999,3787.0369999999998));
#2727=IFCCARTESIANPOINT((2700.,523.33333000000005,3775.9259000000002));
#2731=IFCCARTESIANPOINT((2750.,365.55556000000001,3213.5801999999999));
#2735=IFCCARTESIANPOINT((2750.,345.55556000000001,3224.6914000000002));
#2739=IFCCARTESIANPOINT((2700.,345.55556000000001,3224.6914000000002));
#2743=IFCCARTESIANPOINT((2700.,365.55556000000001,3213.5801999999999));
#2747=IFCCARTESIANPOINT((2750.,365.55556000000001,3863.5801999999999));
#2751=IFCCARTESIANPOINT((2750.,345.55556000000001,3874.6914000000002));
#2755=IFCCARTESIANPOINT((2700.,345.55556000000001,3874.6914000000002));
#2759=IFCCARTESIANPOINT((2700.,365.55556000000001,3863.5801999999999));
#2763=IFCCARTESIANPOINT((2750.,207.77778000000001,3301.2345999999998));
#2767=IFCCARTESIANPOINT((2750.,187.77778000000001,3312.3456999999999));
#2771=IFCCARTESIANPOINT((2700.,187.77778000000001,3312.3456999999999));
#2775=IFCCARTESIANPOINT((2700.,207.77778000000001,3301.2345999999998));
#2779=IFCCARTESIANPOINT((2750.,207.77778000000001,3951.2345999999998));
#2783=IFCCARTESIANPOINT((2750.,187.77778000000001,3962.3456999999999));
#2787=IFCCARTESIANPOINT((2700.,187.77778000000001,3962.3456999999999));
#2791=IFCCARTESIANPOINT((2700.,207.77778000000001,3951.2345999999998));
#2795=IFCCARTESIANPOINT((0.,0.,366.66667000000001));
#2800=IFCCARTESIANPOINT((0.,1500.,1200.));
#2804=IFCCARTESIANPOINT((50.,1500.,1200.));
#2808=IFCCARTESIANPOINT((50.,0.,366.66667000000001));
#2812=IFCCARTESIANPOINT((0.,0.,1116.6667));
#2816=IFCCARTESIANPOINT((0.,1500.,1950.));
#2820=IFCCARTESIANPOINT((0.,50.,444.44443999999999));
#2824=IFCCARTESIANPOINT((0.,1450.,1222.2221999999999));
#2828=IFCCARTESIANPOINT((0.,1450.,1872.2221999999999));
#2832=IFCCARTESIANPOINT((0.,50.,1094.4444000000001));
#2836=IFCCARTESIANPOINT((50.,1500.,1950.));
#2840=IFCCARTESIANPOINT((50.,0.,1116.6667));
#2844=IFCCARTESIANPOINT((50.,50.,444.44443999999999));
#2848=IFCCARTESIANPOINT((50.,50.,1094.4444000000001));
#2852=IFCCARTESIANPOINT((50.,1450.,1872.2221999999999));
#2856=IFCCARTESIANPOINT((50.,1450.,1222.2221999999999));
#2860=IFCCARTESIANPOINT((0.,187.77778000000001,520.98765000000003));
#2864=IFCCARTESIANPOINT((0.,207.77778000000001,532.09876999999994));
#2868=IFCCARTESIANPOINT((50.,207.77778000000001,532.09876999999994));
#2872=IFCCARTESIANPOINT((50.,187.77778000000001,520.98765000000003));
#2876=IFCCARTESIANPOINT((0.,187.77778000000001,1170.9876999999999));
#2880=IFCCARTESIANPOINT((0.,207.77778000000001,1182.0988));
#2884=IFCCARTESIANPOINT((50.,207.77778000000001,1182.0988));
#2888=IFCCARTESIANPOINT((50.,187.77778000000001,1170.9876999999999));
#2892=IFCCARTESIANPOINT((0.,345.55556000000001,608.64197999999999));
#2896=IFCCARTESIANPOINT((0.,365.55556000000001,619.75309000000004));
#2900=IFCCARTESIANPOINT((50.,365.55556000000001,619.75309000000004));
#2904=IFCCARTESIANPOINT((50.,345.55556000000001,608.64197999999999));
#2908=IFCCARTESIANPOINT((0.,345.55556000000001,1258.6420000000001));
#2912=IFCCARTESIANPOINT((0.,365.55556000000001,1269.7530999999999));
#2916=IFCCARTESIANPOINT((50.,365.55556000000001,1269.7530999999999));
#2920=IFCCARTESIANPOINT((50.,345.55556000000001,1258.6420000000001));
#2924=IFCCARTESIANPOINT((0.,503.33332999999999,696.29629999999997));
#2929=IFCCARTESIANPOINT((0.,523.33333000000005,707.40741000000003));
#2933=IFCCARTESIANPOINT((50.,523.33333000000005,707.40741000000003));
#2937=IFCCARTESIANPOINT((50.,503.33332999999999,696.29629999999997));
#2941=IFCCARTESIANPOINT((0.,503.33332999999999,1346.2963));
#2945=IFCCARTESIANPOINT((0.,523.33333000000005,1357.4074000000001));
#2949=IFCCARTESIANPOINT((50.,523.33333000000005,1357.4074000000001));
#2953=IFCCARTESIANPOINT((50.,503.33332999999999,1346.2963));
#2957=IFCCARTESIANPOINT((0.,661.11111000000005,783.95061999999996));
#2961=IFCCARTESIANPOINT((0.,681.11111000000005,795.06173000000001));
#2965=IFCCARTESIANPOINT((50.,681.11111000000005,795.06173000000001));
#2969=IFCCARTESIANPOINT((50.,661.11111000000005,783.95061999999996));
#2973=IFCCARTESIANPOINT((0.,661.11111000000005,1433.9505999999999));
#2977=IFCCARTESIANPOINT((0.,681.11111000000005,1445.0617));
#2981=IFCCARTESIANPOINT((50.,681.11111000000005,1445.0617));
#2985=IFCCARTESIANPOINT((50.,661.11111000000005,1433.9505999999999));
#2989=IFCCARTESIANPOINT((0.,818.88888999999995,871.60494000000006));
#2993=IFCCARTESIANPOINT((0.,838.88888999999995,882.71605));
#2997=IFCCARTESIANPOINT((50.,838.88888999999995,882.71605));
#3001=IFCCARTESIANPOINT((50.,818.88888999999995,871.60494000000006));
#3005=IFCCARTESIANPOINT((0.,818.88888999999995,1521.6049));
#3009=IFCCARTESIANPOINT((0.,838.88888999999995,1532.7159999999999));
#3013=IFCCARTESIANPOINT((50.,838.88888999999995,1532.7159999999999));
#3017=IFCCARTESIANPOINT((50.,818.88888999999995,1521.6049));
#3021=IFCCARTESIANPOINT((0.,976.66666999999995,959.25926000000004));
#3025=IFCCARTESIANPOINT((0.,996.66666999999995,970.37036999999998));
#3029=IFCCARTESIANPOINT((50.,996.66666999999995,970.37036999999998));
#3033=IFCCARTESIANPOINT((50.,976.66666999999995,959.25926000000004));
#3037=IFCCARTESIANPOINT((0.,976.66666999999995,1609.2592999999999));
#3041=IFCCARTESIANPOINT((0.,996.66666999999995,1620.3704));
#3045=IFCCARTESIANPOINT((50.,996.66666999999995,1620.3704));
#3049=IFCCARTESIANPOINT((50.,976.66666999999995,1609.2592999999999));
#3054=IFCCARTESIANPOINT((0.,1134.4444000000001,1046.9136000000001));
#3058=IFCCARTESIANPOINT((0.,1154.4444000000001,1058.0246999999999));
#3062=IFCCARTESIANPOINT((50.,1154.4444000000001,1058.0246999999999));
#3066=IFCCARTESIANPOINT((50.,1134.4444000000001,1046.9136000000001));
#3070=IFCCARTESIANPOINT((0.,1134.4444000000001,1696.9136000000001));
#3074=IFCCARTESIANPOINT((0.,1154.4444000000001,1708.0246999999999));
#3078=IFCCARTESIANPOINT((50.,1154.4444000000001,1708.0246999999999));
#3082=IFCCARTESIANPOINT((50.,1134.4444000000001,1696.9136000000001));
#3086=IFCCARTESIANPOINT((0.,1292.2221999999999,1134.5679));
#3090=IFCCARTESIANPOINT((0.,1312.2221999999999,1145.6790000000001));
#3094=IFCCARTESIANPOINT((50.,1312.2221999999999,1145.6790000000001));
#3098=IFCCARTESIANPOINT((50.,1292.2221999999999,1134.5679));
#3102=IFCCARTESIANPOINT((0.,1292.2221999999999,1784.5679));
#3106=IFCCARTESIANPOINT((0.,1312.2221999999999,1795.6790000000001));
#3110=IFCCARTESIANPOINT((50.,1312.2221999999999,1795.6790000000001));
#3114=IFCCARTESIANPOINT((50.,1292.2221999999999,1784.5679));
#3118=IFCCARTESIANPOINT((0.,1500.,1200.));
#3122=IFCCARTESIANPOINT((0.,2650.,1200.));
#3126=IFCCARTESIANPOINT((50.,2650.,1200.));
#3130=IFCCARTESIANPOINT((50.,1500.,1200.));
#3134=IFCCARTESIANPOINT((0.,1500.,1950.));
#3138=IFCCARTESIANPOINT((0.,2650.,1950.));
#3142=IFCCARTESIANPOINT((0.,1550.,1250.));
#3146=IFCCARTESIANPOINT((0.,2600.,1250.));
#3150=IFCCARTESIANPOINT((0.,2600.,1900.));
#3154=IFCCARTESIANPOINT((0.,1550.,1900.));
#3158=IFCCARTESIANPOINT((50.,2650.,1950.));
#3162=IFCCARTESIANPOINT((50.,1500.,1950.));
#3166=IFCCARTESIANPOINT((50.,1550.,1250.));
#3170=IFCCARTESIANPOINT((50.,1550.,1900.));
#3174=IFCCARTESIANPOINT((50.,2600.,1900.));
#3178=IFCCARTESIANPOINT((50.,2600.,1250.));
#3183=IFCCARTESIANPOINT((0.,1702.8570999999999,1250.));
#3187=IFCCARTESIANPOINT((0.,1682.8570999999999,1250.));
#3191=IFCCARTESIANPOINT((0.,1682.8570999999999,1900.));
#3195=IFCCARTESIANPOINT((0.,1702.8570999999999,1900.));
#3199=IFCCARTESIANPOINT((50.,1702.8570999999999,1250.));
#3203=IFCCARTESIANPOINT((50.,1682.8570999999999,1250.));
#3207=IFCCARTESIANPOINT((50.,1682.8570999999999,1900.));
#3211=IFCCARTESIANPOINT((50.,1702.8570999999999,1900.));
#3215=IFCCARTESIANPOINT((0.,1855.7143000000001,1250.));
#3219=IFCCARTESIANPOINT((0.,1835.7143000000001,1250.));
#3223=IFCCARTESIANPOINT((0.,1835.7143000000001,1900.));
#3227=IFCCARTESIANPOINT((0.,1855.7143000000001,1900.));
#3231=IFCCARTESIANPOINT((50.,1855.7143000000001,1250.));
#3235=IFCCARTESIANPOINT((50.,1835.7143000000001,1250.));
#3239=IFCCARTESIANPOINT((50.,1835.7143000000001,1900.));
#3243=IFCCARTESIANPOINT((50.,1855.7143000000001,1900.));
#3247=IFCCARTESIANPOINT((0.,2008.5714,1250.));
#3251=IFCCARTESIANPOINT((0.,1988.5714,1250.));
#3255=IFCCARTESIANPOINT((0.,1988.5714,1900.));
#3259=IFCCARTESIANPOINT((0.,2008.5714,1900.));
#3263=IFCCARTESIANPOINT((50.,2008.5714,1250.));
#3267=IFCCARTESIANPOINT((50.,1988.5714,1250.));
#3271=IFCCARTESIANPOINT((50.,1988.5714,1900.));
#3275=IFCCARTESIANPOINT((50.,2008.5714,1900.));
#3279=IFCCARTESIANPOINT((0.,2161.4286000000002,1250.));
#3283=IFCCARTESIANPOINT((0.,2141.4286000000002,1250.));
#3287=IFCCARTESIANPOINT((0.,2141.4286000000002,1900.));
#3291=IFCCARTESIANPOINT((0.,2161.4286000000002,1900.));
#3295=IFCCARTESIANPOINT((50.,2161.4286000000002,1250.));
#3299=IFCCARTESIANPOINT((50.,2141.4286000000002,1250.));
#3303=IFCCARTESIANPOINT((50.,2141.4286000000002,1900.));
#3307=IFCCARTESIANPOINT((50.,2161.4286000000002,1900.));
#3312=IFCCARTESIANPOINT((0.,2314.2856999999999,1250.));
#3316=IFCCARTESIANPOINT((0.,2294.2856999999999,1250.));
#3320=IFCCARTESIANPOINT((0.,2294.2856999999999,1900.));
#3324=IFCCARTESIANPOINT((0.,2314.2856999999999,1900.));
#3328=IFCCARTESIANPOINT((50.,2314.2856999999999,1250.));
#3332=IFCCARTESIANPOINT((50.,2294.2856999999999,1250.));
#3336=IFCCARTESIANPOINT((50.,2294.2856999999999,1900.));
#3340=IFCCARTESIANPOINT((50.,2314.2856999999999,1900.));
#3344=IFCCARTESIANPOINT((0.,2467.1428999999998,1250.));
#3348=IFCCARTESIANPOINT((0.,2447.1428999999998,1250.));
#3352=IFCCARTESIANPOINT((0.,2447.1428999999998,1900.));
#3356=IFCCARTESIANPOINT((0.,2467.1428999999998,1900.));
#3360=IFCCARTESIANPOINT((50.,2467.1428999999998,1250.));
#3364=IFCCARTESIANPOINT((50.,2447.1428999999998,1250.));
#3368=IFCCARTESIANPOINT((50.,2447.1428999999998,1900.));
#3372=IFCCARTESIANPOINT((50.,2467.1428999999998,1900.));
#3376=IFCCARTESIANPOINT((0.,2700.,1200.));
#3380=IFCCARTESIANPOINT((950.,2700.,1200.));
#3384=IFCCARTESIANPOINT((950.,2650.,1200.));
#3388=IFCCARTESIANPOINT((0.,2650.,1200.));
#3392=IFCCARTESIANPOINT((0.,2700.,1950.));
#3396=IFCCARTESIANPOINT((950.,2700.,1950.));
#3400=IFCCARTESIANPOINT((50.,2700.,1250.));
#3404=IFCCARTESIANPOINT((900.,2700.,1250.));
#3408=IFCCARTESIANPOINT((900.,2700.,1900.));
#3412=IFCCARTESIANPOINT((50.,2700.,1900.));
#3416=IFCCARTESIANPOINT((950.,2650.,1950.));
#3420=IFCCARTESIANPOINT((0.,2650.,1950.));
#3424=IFCCARTESIANPOINT((50.,2650.,1250.));
#3428=IFCCARTESIANPOINT((50.,2650.,1900.));
#3432=IFCCARTESIANPOINT((900.,2650.,1900.));
#3436=IFCCARTESIANPOINT((900.,2650.,1250.));
#3441=IFCCARTESIANPOINT((195.,2700.,1250.));
#3445=IFCCARTESIANPOINT((175.,2700.,1250.));
#3449=IFCCARTESIANPOINT((175.,2700.,1900.));
#3453=IFCCARTESIANPOINT((195.,2700.,1900.));
#3457=IFCCARTESIANPOINT((195.,2650.,1250.));
#3461=IFCCARTESIANPOINT((175.,2650.,1250.));
#3465=IFCCARTESIANPOINT((175.,2650.,1900.));
#3469=IFCCARTESIANPOINT((195.,2650.,1900.));
#3473=IFCCARTESIANPOINT((340.,2700.,1250.));
#3477=IFCCARTESIANPOINT((320.,2700.,1250.));
#3481=IFCCARTESIANPOINT((320.,2700.,1900.));
#3485=IFCCARTESIANPOINT((340.,2700.,1900.));
#3489=IFCCARTESIANPOINT((340.,2650.,1250.));
#3493=IFCCARTESIANPOINT((320.,2650.,1250.));
#3497=IFCCARTESIANPOINT((320.,2650.,1900.));
#3501=IFCCARTESIANPOINT((340.,2650.,1900.));
#3505=IFCCARTESIANPOINT((485.,2700.,1250.));
#3509=IFCCARTESIANPOINT((465.,2700.,1250.));
#3513=IFCCARTESIANPOINT((465.,2700.,1900.));
#3517=IFCCARTESIANPOINT((485.,2700.,1900.));
#3521=IFCCARTESIANPOINT((485.,2650.,1250.));
#3525=IFCCARTESIANPOINT((465.,2650.,1250.));
#3529=IFCCARTESIANPOINT((465.,2650.,1900.));
#3533=IFCCARTESIANPOINT((485.,2650.,1900.));
#3537=IFCCARTESIANPOINT((630.,2700.,1250.));
#3541=IFCCARTESIANPOINT((610.,2700.,1250.));
#3545=IFCCARTESIANPOINT((610.,2700.,1900.));
#3549=IFCCARTESIANPOINT((630.,2700.,1900.));
#3553=IFCCARTESIANPOINT((630.,2650.,1250.));
#3557=IFCCARTESIANPOINT((610.,2650.,1250.));
#3561=IFCCARTESIANPOINT((610.,2650.,1900.));
#3566=IFCCARTESIANPOINT((630.,2650.,1900.));
#3570=IFCCARTESIANPOINT((775.,2700.,1250.));
#3574=IFCCARTESIANPOINT((755.,2700.,1250.));
#3578=IFCCARTESIANPOINT((755.,2700.,1900.));
#3582=IFCCARTESIANPOINT((775.,2700.,1900.));
#3586=IFCCARTESIANPOINT((775.,2650.,1250.));
#3590=IFCCARTESIANPOINT((755.,2650.,1250.));
#3594=IFCCARTESIANPOINT((755.,2650.,1900.));
#3598=IFCCARTESIANPOINT((775.,2650.,1900.));
#3602=IFCCARTESIANPOINT((950.,2700.,1200.));
#3606=IFCCARTESIANPOINT((2700.,2700.,2366.6667000000002));
#3610=IFCCARTESIANPOINT((2700.,2650.,2366.6667000000002));
#3614=IFCCARTESIANPOINT((950.,2650.,1200.));
#3618=IFCCARTESIANPOINT((950.,2700.,1950.));
#3622=IFCCARTESIANPOINT((2700.,2700.,3116.6667000000002));
#3626=IFCCARTESIANPOINT((1000.,2700.,1283.3333));
#3630=IFCCARTESIANPOINT((2650.,2700.,2383.3332999999998));
#3634=IFCCARTESIANPOINT((2650.,2700.,3033.3332999999998));
#3638=IFCCARTESIANPOINT((1000.,2700.,1933.3333));
#3642=IFCCARTESIANPOINT((2700.,2650.,3116.6667000000002));
#3646=IFCCARTESIANPOINT((950.,2650.,1950.));
#3650=IFCCARTESIANPOINT((1000.,2650.,1283.3333));
#3654=IFCCARTESIANPOINT((1000.,2650.,1933.3333));
#3658=IFCCARTESIANPOINT((2650.,2650.,3033.3332999999998));
#3662=IFCCARTESIANPOINT((2650.,2650.,2383.3332999999998));
#3666=IFCCARTESIANPOINT((1147.,2700.,1381.3333));
#3670=IFCCARTESIANPOINT((1167.,2700.,1394.6667));
#3674=IFCCARTESIANPOINT((1167.,2650.,1394.6667));
#3678=IFCCARTESIANPOINT((1147.,2650.,1381.3333));
#3682=IFCCARTESIANPOINT((1147.,2700.,2031.3333));
#3686=IFCCARTESIANPOINT((1167.,2700.,2044.6667));
#3690=IFCCARTESIANPOINT((1167.,2650.,2044.6667));
#3695=IFCCARTESIANPOINT((1147.,2650.,2031.3333));
#3699=IFCCARTESIANPOINT((1314.,2700.,1492.6667));
#3703=IFCCARTESIANPOINT((1334.,2700.,1506.));
#3707=IFCCARTESIANPOINT((1334.,2650.,1506.));
#3711=IFCCARTESIANPOINT((1314.,2650.,1492.6667));
#3715=IFCCARTESIANPOINT((1314.,2700.,2142.6667000000002));
#3719=IFCCARTESIANPOINT((1334.,2700.,2156.));
#3723=IFCCARTESIANPOINT((1334.,2650.,2156.));
#3727=IFCCARTESIANPOINT((1314.,2650.,2142.6667000000002));
#3731=IFCCARTESIANPOINT((1481.,2700.,1604.));
#3735=IFCCARTESIANPOINT((1501.,2700.,1617.3333));
#3739=IFCCARTESIANPOINT((1501.,2650.,1617.3333));
#3743=IFCCARTESIANPOINT((1481.,2650.,1604.));
#3747=IFCCARTESIANPOINT((1481.,2700.,2254.));
#3751=IFCCARTESIANPOINT((1501.,2700.,2267.3332999999998));
#3755=IFCCARTESIANPOINT((1501.,2650.,2267.3332999999998));
#3759=IFCCARTESIANPOINT((1481.,2650.,2254.));
#3763=IFCCARTESIANPOINT((1648.,2700.,1715.3333));
#3767=IFCCARTESIANPOINT((1668.,2700.,1728.6667));
#3771=IFCCARTESIANPOINT((1668.,2650.,1728.6667));
#3775=IFCCARTESIANPOINT((1648.,2650.,1715.3333));
#3779=IFCCARTESIANPOINT((1648.,2700.,2365.3332999999998));
#3783=IFCCARTESIANPOINT((1668.,2700.,2378.6667000000002));
#3787=IFCCARTESIANPOINT((1668.,2650.,2378.6667000000002));
#3791=IFCCARTESIANPOINT((1648.,2650.,2365.3332999999998));
#3795=IFCCARTESIANPOINT((1815.,2700.,1826.6667));
#3799=IFCCARTESIANPOINT((1835.,2700.,1840.));
#3803=IFCCARTESIANPOINT((1835.,2650.,1840.));
#3807=IFCCARTESIANPOINT((1815.,2650.,1826.6667));
#3811=IFCCARTESIANPOINT((1815.,2700.,2476.6667000000002));
#3815=IFCCARTESIANPOINT((1835.,2700.,2490.));
#3819=IFCCARTESIANPOINT((1835.,2650.,2490.));
#3824=IFCCARTESIANPOINT((1815.,2650.,2476.6667000000002));
#3828=IFCCARTESIANPOINT((1982.,2700.,1938.));
#3832=IFCCARTESIANPOINT((2002.,2700.,1951.3333));
#3836=IFCCARTESIANPOINT((2002.,2650.,1951.3333));
#3840=IFCCARTESIANPOINT((1982.,2650.,1938.));
#3844=IFCCARTESIANPOINT((1982.,2700.,2588.));
#3848=IFCCARTESIANPOINT((2002.,2700.,2601.3332999999998));
#3852=IFCCARTESIANPOINT((2002.,2650.,2601.3332999999998));
#3856=IFCCARTESIANPOINT((1982.,2650.,2588.));
#3860=IFCCARTESIANPOINT((2149.,2700.,2049.3332999999998));
#3864=IFCCARTESIANPOINT((2169.,2700.,2062.6667000000002));
#3868=IFCCARTESIANPOINT((2169.,2650.,2062.6667000000002));
#3872=IFCCARTESIANPOINT((2149.,2650.,2049.3332999999998));
#3876=IFCCARTESIANPOINT((2149.,2700.,2699.3332999999998));
#3880=IFCCARTESIANPOINT((2169.,2700.,2712.6667000000002));
#3884=IFCCARTESIANPOINT((2169.,2650.,2712.6667000000002));
#3888=IFCCARTESIANPOINT((2149.,2650.,2699.3332999999998));
#3892=IFCCARTESIANPOINT((2316.,2700.,2160.6667000000002));
#3896=IFCCARTESIANPOINT((2336.,2700.,2174.));
#3900=IFCCARTESIANPOINT((2336.,2650.,2174.));
#3904=IFCCARTESIANPOINT((2316.,2650.,2160.6667000000002));
#3908=IFCCARTESIANPOINT((2316.,2700.,2810.6667000000002));
#3912=IFCCARTESIANPOINT((2336.,2700.,2824.));
#3916=IFCCARTESIANPOINT((2336.,2650.,2824.));
#3920=IFCCARTESIANPOINT((2316.,2650.,2810.6667000000002));
#3924=IFCCARTESIANPOINT((2483.,2700.,2272.));
#3928=IFCCARTESIANPOINT((2503.,2700.,2285.3332999999998));
#3932=IFCCARTESIANPOINT((2503.,2650.,2285.3332999999998));
#3936=IFCCARTESIANPOINT((2483.,2650.,2272.));
#3940=IFCCARTESIANPOINT((2483.,2700.,2922.));
#3944=IFCCARTESIANPOINT((2503.,2700.,2935.3332999999998));
#3948=IFCCARTESIANPOINT((2503.,2650.,2935.3332999999998));
#3953=IFCCARTESIANPOINT((2483.,2650.,2922.));
#3957=IFCCARTESIANPOINT((2700.,2700.,2366.6667000000002));
#3961=IFCCARTESIANPOINT((3850.,2700.,2366.6667000000002));
#3965=IFCCARTESIANPOINT((3850.,2650.,2366.6667000000002));
#3969=IFCCARTESIANPOINT((2700.,2650.,2366.6667000000002));
#3973=IFCCARTESIANPOINT((2700.,2700.,3116.6667000000002));
#3977=IFCCARTESIANPOINT((3850.,2700.,3116.6667000000002));
#3981=IFCCARTESIANPOINT((2750.,2700.,2416.6667000000002));
#3985=IFCCARTESIANPOINT((3800.,2700.,2416.6667000000002));
#3989=IFCCARTESIANPOINT((3800.,2700.,3066.6667000000002));
#3993=IFCCARTESIANPOINT((2750.,2700.,3066.6667000000002));
#3997=IFCCARTESIANPOINT((3850.,2650.,3116.6667000000002));
#4001=IFCCARTESIANPOINT((2700.,2650.,3116.6667000000002));
#4005=IFCCARTESIANPOINT((2750.,2650.,2416.6667000000002));
#4009=IFCCARTESIANPOINT((2750.,2650.,3066.6667000000002));
#4013=IFCCARTESIANPOINT((3800.,2650.,3066.6667000000002));
#4017=IFCCARTESIANPOINT((3800.,2650.,2416.6667000000002));
#4021=IFCCARTESIANPOINT((2902.8571000000002,2700.,2416.6667000000002));
#4025=IFCCARTESIANPOINT((2882.8571000000002,2700.,2416.6667000000002));
#4029=IFCCARTESIANPOINT((2882.8571000000002,2700.,3066.6667000000002));
#4033=IFCCARTESIANPOINT((2902.8571000000002,2700.,3066.6667000000002));
#4037=IFCCARTESIANPOINT((2902.8571000000002,2650.,2416.6667000000002));
#4041=IFCCARTESIANPOINT((2882.8571000000002,2650.,2416.6667000000002));
#4045=IFCCARTESIANPOINT((2882.8571000000002,2650.,3066.6667000000002));
#4049=IFCCARTESIANPOINT((2902.8571000000002,2650.,3066.6667000000002));
#4053=IFCCARTESIANPOINT((3055.7143000000001,2700.,2416.6667000000002));
#4057=IFCCARTESIANPOINT((3035.7143000000001,2700.,2416.6667000000002));
#4061=IFCCARTESIANPOINT((3035.7143000000001,2700.,3066.6667000000002));
#4065=IFCCARTESIANPOINT((3055.7143000000001,2700.,3066.6667000000002));
#4069=IFCCARTESIANPOINT((3055.7143000000001,2650.,2416.6667000000002));
#4073=IFCCARTESIANPOINT((3035.7143000000001,2650.,2416.6667000000002));
#4078=IFCCARTESIANPOINT((3035.7143000000001,2650.,3066.6667000000002));
#4082=IFCCARTESIANPOINT((3055.7143000000001,2650.,3066.6667000000002));
#4086=IFCCARTESIANPOINT((3208.5713999999998,2700.,2416.6667000000002));
#4090=IFCCARTESIANPOINT((3188.5713999999998,2700.,2416.6667000000002));
#4094=IFCCARTESIANPOINT((3188.5713999999998,2700.,3066.6667000000002));
#4098=IFCCARTESIANPOINT((3208.5713999999998,2700.,3066.6667000000002));
#4102=IFCCARTESIANPOINT((3208.5713999999998,2650.,2416.6667000000002));
#4106=IFCCARTESIANPOINT((3188.5713999999998,2650.,2416.6667000000002));
#4110=IFCCARTESIANPOINT((3188.5713999999998,2650.,3066.6667000000002));
#4114=IFCCARTESIANPOINT((3208.5713999999998,2650.,3066.6667000000002));
#4118=IFCCARTESIANPOINT((3361.4286000000002,2700.,2416.6667000000002));
#4122=IFCCARTESIANPOINT((3341.4286000000002,2700.,2416.6667000000002));
#4126=IFCCARTESIANPOINT((3341.4286000000002,2700.,3066.6667000000002));
#4130=IFCCARTESIANPOINT((3361.4286000000002,2700.,3066.6667000000002));
#4134=IFCCARTESIANPOINT((3361.4286000000002,2650.,2416.6667000000002));
#4138=IFCCARTESIANPOINT((3341.4286000000002,2650.,2416.6667000000002));
#4142=IFCCARTESIANPOINT((3341.4286000000002,2650.,3066.6667000000002));
#4146=IFCCARTESIANPOINT((3361.4286000000002,2650.,3066.6667000000002));
#4150=IFCCARTESIANPOINT((3514.2856999999999,2700.,2416.6667000000002));
#4154=IFCCARTESIANPOINT((3494.2856999999999,2700.,2416.6667000000002));
#4158=IFCCARTESIANPOINT((3494.2856999999999,2700.,3066.6667000000002));
#4162=IFCCARTESIANPOINT((3514.2856999999999,2700.,3066.6667000000002));
#4166=IFCCARTESIANPOINT((3514.2856999999999,2650.,2416.6667000000002));
#4170=IFCCARTESIANPOINT((3494.2856999999999,2650.,2416.6667000000002));
#4174=IFCCARTESIANPOINT((3494.2856999999999,2650.,3066.6667000000002));
#4178=IFCCARTESIANPOINT((3514.2856999999999,2650.,3066.6667000000002));
#4182=IFCCARTESIANPOINT((3667.1428999999998,2700.,2416.6667000000002));
#4186=IFCCARTESIANPOINT((3647.1428999999998,2700.,2416.6667000000002));
#4190=IFCCARTESIANPOINT((3647.1428999999998,2700.,3066.6667000000002));
#4194=IFCCARTESIANPOINT((3667.1428999999998,2700.,3066.6667000000002));
#4198=IFCCARTESIANPOINT((3667.1428999999998,2650.,2416.6667000000002));
#4202=IFCCARTESIANPOINT((3647.1428999999998,2650.,2416.6667000000002));
#4207=IFCCARTESIANPOINT((3647.1428999999998,2650.,3066.6667000000002));
#4211=IFCCARTESIANPOINT((3667.1428999999998,2650.,3066.6667000000002));
#4215=IFCCARTESIANPOINT((3900.,2700.,2366.6667000000002));
#4219=IFCCARTESIANPOINT((3900.,1800.,2366.6667000000002));
#4223=IFCCARTESIANPOINT((3850.,1800.,2366.6667000000002));
#4227=IFCCARTESIANPOINT((3850.,2700.,2366.6667000000002));
#4231=IFCCARTESIANPOINT((3900.,2700.,3116.6667000000002));
#4235=IFCCARTESIANPOINT((3900.,1800.,3116.6667000000002));
#4239=IFCCARTESIANPOINT((3900.,2650.,2416.6667000000002));
#4243=IFCCARTESIANPOINT((3900.,1850.,2416.6667000000002));
#4247=IFCCARTESIANPOINT((3900.,1850.,3066.6667000000002));
#4251=IFCCARTESIANPOINT((3900.,2650.,3066.6667000000002));
#4255=IFCCARTESIANPOINT((3850.,1800.,3116.6667000000002));
#4259=IFCCARTESIANPOINT((3850.,2700.,3116.6667000000002));
#4263=IFCCARTESIANPOINT((3850.,2650.,2416.6667000000002));
#4267=IFCCARTESIANPOINT((3850.,2650.,3066.6667000000002));
#4271=IFCCARTESIANPOINT((3850.,1850.,3066.6667000000002));
#4275=IFCCARTESIANPOINT((3850.,1850.,2416.6667000000002));
#4279=IFCCARTESIANPOINT((3900.,2486.,2416.6667000000002));
#4283=IFCCARTESIANPOINT((3900.,2506.,2416.6667000000002));
#4287=IFCCARTESIANPOINT((3900.,2506.,3066.6667000000002));
#4291=IFCCARTESIANPOINT((3900.,2486.,3066.6667000000002));
#4295=IFCCARTESIANPOINT((3850.,2486.,2416.6667000000002));
#4299=IFCCARTESIANPOINT((3850.,2506.,2416.6667000000002));
#4303=IFCCARTESIANPOINT((3850.,2506.,3066.6667000000002));
#4307=IFCCARTESIANPOINT((3850.,2486.,3066.6667000000002));
#4311=IFCCARTESIANPOINT((3900.,2322.,2416.6667000000002));
#4315=IFCCARTESIANPOINT((3900.,2342.,2416.6667000000002));
#4319=IFCCARTESIANPOINT((3900.,2342.,3066.6667000000002));
#4323=IFCCARTESIANPOINT((3900.,2322.,3066.6667000000002));
#4327=IFCCARTESIANPOINT((3850.,2322.,2416.6667000000002));
#4331=IFCCARTESIANPOINT((3850.,2342.,2416.6667000000002));
#4336=IFCCARTESIANPOINT((3850.,2342.,3066.6667000000002));
#4340=IFCCARTESIANPOINT((3850.,2322.,3066.6667000000002));
#4344=IFCCARTESIANPOINT((3900.,2158.,2416.6667000000002));
#4348=IFCCARTESIANPOINT((3900.,2178.,2416.6667000000002));
#4352=IFCCARTESIANPOINT((3900.,2178.,3066.6667000000002));
#4356=IFCCARTESIANPOINT((3900.,2158.,3066.6667000000002));
#4360=IFCCARTESIANPOINT((3850.,2158.,2416.6667000000002));
#4364=IFCCARTESIANPOINT((3850.,2178.,2416.6667000000002));
#4368=IFCCARTESIANPOINT((3850.,2178.,3066.6667000000002));
#4372=IFCCARTESIANPOINT((3850.,2158.,3066.6667000000002));
#4376=IFCCARTESIANPOINT((3900.,1994.,2416.6667000000002));
#4380=IFCCARTESIANPOINT((3900.,2014.,2416.6667000000002));
#4384=IFCCARTESIANPOINT((3900.,2014.,3066.6667000000002));
#4388=IFCCARTESIANPOINT((3900.,1994.,3066.6667000000002));
#4392=IFCCARTESIANPOINT((3850.,1994.,2416.6667000000002));
#4396=IFCCARTESIANPOINT((3850.,2014.,2416.6667000000002));
#4400=IFCCARTESIANPOINT((3850.,2014.,3066.6667000000002));
#4404=IFCCARTESIANPOINT((3850.,1994.,3066.6667000000002));
#4408=IFCCARTESIANPOINT((3900.,1800.,2366.6667000000002));
#4412=IFCCARTESIANPOINT((3900.,0.,3366.6667000000002));
#4416=IFCCARTESIANPOINT((3850.,0.,3366.6667000000002));
#4420=IFCCARTESIANPOINT((3850.,1800.,2366.6667000000002));
#4424=IFCCARTESIANPOINT((3900.,1800.,3116.6667000000002));
#4428=IFCCARTESIANPOINT((3900.,0.,4116.6666999999998));
#4432=IFCCARTESIANPOINT((3900.,1750.,2444.4443999999999));
#4436=IFCCARTESIANPOINT((3900.,50.,3388.8888999999999));
#4440=IFCCARTESIANPOINT((3900.,50.,4038.8888999999999));
#4444=IFCCARTESIANPOINT((3900.,1750.,3094.4443999999999));
#4448=IFCCARTESIANPOINT((3850.,0.,4116.6666999999998));
#4452=IFCCARTESIANPOINT((3850.,1800.,3116.6667000000002));
#4456=IFCCARTESIANPOINT((3850.,1750.,2444.4443999999999));
#4460=IFCCARTESIANPOINT((3850.,1750.,3094.4443999999999));
#4465=IFCCARTESIANPOINT((3850.,50.,4038.8888999999999));
#4469=IFCCARTESIANPOINT((3850.,50.,3388.8888999999999));
#4473=IFCCARTESIANPOINT((3900.,1613.6364000000001,2520.2020000000002));
#4477=IFCCARTESIANPOINT((3900.,1593.6364000000001,2531.3130999999998));
#4481=IFCCARTESIANPOINT((3850.,1593.6364000000001,2531.3130999999998));
#4485=IFCCARTESIANPOINT((3850.,1613.6364000000001,2520.2020000000002));
#4489=IFCCARTESIANPOINT((3900.,1613.6364000000001,3170.2020000000002));
#4493=IFCCARTESIANPOINT((3900.,1593.6364000000001,3181.3130999999998));
#4497=IFCCARTESIANPOINT((3850.,1593.6364000000001,3181.3130999999998));
#4501=IFCCARTESIANPOINT((3850.,1613.6364000000001,3170.2020000000002));
#4505=IFCCARTESIANPOINT((3900.,1457.2727,2607.0707000000002));
#4509=IFCCARTESIANPOINT((3900.,1437.2727,2618.1817999999998));
#4513=IFCCARTESIANPOINT((3850.,1437.2727,2618.1817999999998));
#4517=IFCCARTESIANPOINT((3850.,1457.2727,2607.0707000000002));
#4521=IFCCARTESIANPOINT((3900.,1457.2727,3257.0707000000002));
#4525=IFCCARTESIANPOINT((3900.,1437.2727,3268.1817999999998));
#4529=IFCCARTESIANPOINT((3850.,1437.2727,3268.1817999999998));
#4533=IFCCARTESIANPOINT((3850.,1457.2727,3257.0707000000002));
#4537=IFCCARTESIANPOINT((3900.,1300.9091000000001,2693.9394000000002));
#4541=IFCCARTESIANPOINT((3900.,1280.9091000000001,2705.0504999999998));
#4545=IFCCARTESIANPOINT((3850.,1280.9091000000001,2705.0504999999998));
#4549=IFCCARTESIANPOINT((3850.,1300.9091000000001,2693.9394000000002));
#4553=IFCCARTESIANPOINT((3900.,1300.9091000000001,3343.9394000000002));
#4557=IFCCARTESIANPOINT((3900.,1280.9091000000001,3355.0504999999998));
#4561=IFCCARTESIANPOINT((3850.,1280.9091000000001,3355.0504999999998));
#4565=IFCCARTESIANPOINT((3850.,1300.9091000000001,3343.9394000000002));
#4569=IFCCARTESIANPOINT((3900.,1144.5454999999999,2780.8081000000002));
#4573=IFCCARTESIANPOINT((3900.,1124.5454999999999,2791.9191999999998));
#4577=IFCCARTESIANPOINT((3850.,1124.5454999999999,2791.9191999999998));
#4581=IFCCARTESIANPOINT((3850.,1144.5454999999999,2780.8081000000002));
#4585=IFCCARTESIANPOINT((3900.,1144.5454999999999,3430.8081000000002));
#4590=IFCCARTESIANPOINT((3900.,1124.5454999999999,3441.9191999999998));
#4594=IFCCARTESIANPOINT((3850.,1124.5454999999999,3441.9191999999998));
#4598=IFCCARTESIANPOINT((3850.,1144.5454999999999,3430.8081000000002));
#4602=IFCCARTESIANPOINT((3900.,988.18182000000002,2867.6768000000002));
#4606=IFCCARTESIANPOINT((3900.,968.18182000000002,2878.7878999999998));
#4610=IFCCARTESIANPOINT((3850.,968.18182000000002,2878.7878999999998));
#4614=IFCCARTESIANPOINT((3850.,988.18182000000002,2867.6768000000002));
#4618=IFCCARTESIANPOINT((3900.,988.18182000000002,3517.6768000000002));
#4622=IFCCARTESIANPOINT((3900.,968.18182000000002,3528.7878999999998));
#4626=IFCCARTESIANPOINT((3850.,968.18182000000002,3528.7878999999998));
#4630=IFCCARTESIANPOINT((3850.,988.18182000000002,3517.6768000000002));
#4634=IFCCARTESIANPOINT((3900.,831.81817999999998,2954.5455000000002));
#4638=IFCCARTESIANPOINT((3900.,811.81817999999998,2965.6565999999998));
#4642=IFCCARTESIANPOINT((3850.,811.81817999999998,2965.6565999999998));
#4646=IFCCARTESIANPOINT((3850.,831.81817999999998,2954.5455000000002));
#4650=IFCCARTESIANPOINT((3900.,831.81817999999998,3604.5455000000002));
#4654=IFCCARTESIANPOINT((3900.,811.81817999999998,3615.6565999999998));
#4658=IFCCARTESIANPOINT((3850.,811.81817999999998,3615.6565999999998));
#4662=IFCCARTESIANPOINT((3850.,831.81817999999998,3604.5455000000002));
#4666=IFCCARTESIANPOINT((3900.,675.45455000000004,3041.4141));
#4670=IFCCARTESIANPOINT((3900.,655.45455000000004,3052.5252999999998));
#4674=IFCCARTESIANPOINT((3850.,655.45455000000004,3052.5252999999998));
#4678=IFCCARTESIANPOINT((3850.,675.45455000000004,3041.4141));
#4682=IFCCARTESIANPOINT((3900.,675.45455000000004,3691.4141));
#4686=IFCCARTESIANPOINT((3900.,655.45455000000004,3702.5252999999998));
#4690=IFCCARTESIANPOINT((3850.,655.45455000000004,3702.5252999999998));
#4694=IFCCARTESIANPOINT((3850.,675.45455000000004,3691.4141));
#4698=IFCCARTESIANPOINT((3900.,519.09091000000001,3128.2828));
#4702=IFCCARTESIANPOINT((3900.,499.09091000000001,3139.3939));
#4706=IFCCARTESIANPOINT((3850.,499.09091000000001,3139.3939));
#4710=IFCCARTESIANPOINT((3850.,519.09091000000001,3128.2828));
#4714=IFCCARTESIANPOINT((3900.,519.09091000000001,3778.2828));
#4719=IFCCARTESIANPOINT((3900.,499.09091000000001,3789.3939));
#4723=IFCCARTESIANPOINT((3850.,499.09091000000001,3789.3939));
#4727=IFCCARTESIANPOINT((3850.,519.09091000000001,3778.2828));
#4731=IFCCARTESIANPOINT((3900.,362.72726999999998,3215.1514999999999));
#4735=IFCCARTESIANPOINT((3900.,342.72726999999998,3226.2626));
#4739=IFCCARTESIANPOINT((3850.,342.72726999999998,3226.2626));
#4743=IFCCARTESIANPOINT((3850.,362.72726999999998,3215.1514999999999));
#4747=IFCCARTESIANPOINT((3900.,362.72726999999998,3865.1514999999999));
#4751=IFCCARTESIANPOINT((3900.,342.72726999999998,3876.2626));
#4755=IFCCARTESIANPOINT((3850.,342.72726999999998,3876.2626));
#4759=IFCCARTESIANPOINT((3850.,362.72726999999998,3865.1514999999999));
#4763=IFCCARTESIANPOINT((3900.,206.36364,3302.0201999999999));
#4767=IFCCARTESIANPOINT((3900.,186.36364,3313.1313));
#4771=IFCCARTESIANPOINT((3850.,186.36364,3313.1313));
#4775=IFCCARTESIANPOINT((3850.,206.36364,3302.0201999999999));
#4779=IFCCARTESIANPOINT((3900.,206.36364,3952.0201999999999));
#4783=IFCCARTESIANPOINT((3900.,186.36364,3963.1313));
#4787=IFCCARTESIANPOINT((3850.,186.36364,3963.1313));
#4791=IFCCARTESIANPOINT((3850.,206.36364,3952.0201999999999));
#4795=IFCPOLYLOOP((#90,#94,#98,#102));
#4799=IFCFACEOUTERBOUND(#4795,.T.);
#4802=IFCFACE((#4799));
#4806=IFCPOLYLOOP((#90,#106,#111,#115,#119,#123,#127,#131,#135,#139,#143,#147,#151,#94));
#4810=IFCFACEOUTERBOUND(#4806,.T.);
#4813=IFCFACE((#4810));
#4817=IFCPOLYLOOP((#94,#151,#155,#98));
#4821=IFCFACEOUTERBOUND(#4817,.T.);
#4824=IFCFACE((#4821));
#4828=IFCPOLYLOOP((#102,#98,#155,#159,#163,#167,#171,#175,#179,#183,#187,#191,#195,#199));
#4832=IFCFACEOUTERBOUND(#4828,.T.);
#4835=IFCFACE((#4832));
#4839=IFCPOLYLOOP((#106,#90,#102,#199));
#4843=IFCFACEOUTERBOUND(#4839,.T.);
#4847=IFCFACE((#4843));
#4851=IFCPOLYLOOP((#111,#106,#199,#195));
#4855=IFCFACEOUTERBOUND(#4851,.T.);
#4858=IFCFACE((#4855));
#4862=IFCPOLYLOOP((#115,#111,#195,#191));
#4866=IFCFACEOUTERBOUND(#4862,.T.);
#4869=IFCFACE((#4866));
#4873=IFCPOLYLOOP((#119,#115,#191,#187));
#4877=IFCFACEOUTERBOUND(#4873,.T.);
#4880=IFCFACE((#4877));
#4884=IFCPOLYLOOP((#123,#119,#187,#183));
#4888=IFCFACEOUTERBOUND(#4884,.T.);
#4891=IFCFACE((#4888));
#4895=IFCPOLYLOOP((#127,#123,#183,#179));
#4899=IFCFACEOUTERBOUND(#4895,.T.);
#4902=IFCFACE((#4899));
#4906=IFCPOLYLOOP((#131,#127,#179,#175));
#4910=IFCFACEOUTERBOUND(#4906,.T.);
#4913=IFCFACE((#4910));
#4917=IFCPOLYLOOP((#135,#131,#175,#171));
#4921=IFCFACEOUTERBOUND(#4917,.T.);
#4924=IFCFACE((#4921));
#4928=IFCPOLYLOOP((#139,#135,#171,#167));
#4932=IFCFACEOUTERBOUND(#4928,.T.);
#4935=IFCFACE((#4932));
#4939=IFCPOLYLOOP((#143,#139,#167,#163));
#4943=IFCFACEOUTERBOUND(#4939,.T.);
#4946=IFCFACE((#4943));
#4950=IFCPOLYLOOP((#147,#143,#163,#159));
#4954=IFCFACEOUTERBOUND(#4950,.T.);
#4957=IFCFACE((#4954));
#4961=IFCPOLYLOOP((#151,#147,#159,#155));
#4965=IFCFACEOUTERBOUND(#4961,.T.);
#4968=IFCFACE((#4965));
#4972=IFCCLOSEDSHELL((#4802,#4813,#4824,#4835,#4847,#4858,#4869,#4880,#4891,#4902,#4913,#4924,#4935,#4946,#4957,#4968));
#4977=IFCFACETEDBREP(#4972);
#4980=IFCCOLOURRGB('IfcColourRgb_003',0.88227665,0.40103760999999999,0.22470435999999999);
#4981=IFCSURFACESTYLERENDERING(#4980,0.,IFCNORMALISEDRATIOMEASURE(0.),$,$,$,IFCNORMALISEDRATIOMEASURE(0.),$,.NOTDEFINED.);
#4982=IFCSURFACESTYLE('IfcSurfaceStyle_105',.BOTH.,(#4981));
#4984=IFCPRESENTATIONSTYLEASSIGNMENT((#4982));
#4986=IFCSURFACESTYLE('IfcSurfaceStyle_106',.BOTH.,(#4981));
#4988=IFCPRESENTATIONSTYLEASSIGNMENT((#4986));
#4990=IFCSTYLEDITEM(#4977,(#4988),'IfcStyledItem_053');
#4994=IFCPOLYLOOP((#40,#203,#207,#211));
#4998=IFCFACEOUTERBOUND(#4994,.T.);
#5001=IFCFACE((#4998));
#5005=IFCPOLYLOOP((#40,#215,#219,#203));
#5009=IFCFACEOUTERBOUND(#5005,.T.);
#5012=IFCFACE((#5009));
#5016=IFCPOLYLOOP((#203,#219,#223,#207));
#5020=IFCFACEOUTERBOUND(#5016,.T.);
#5023=IFCFACE((#5020));
#5027=IFCPOLYLOOP((#211,#207,#223,#227));
#5031=IFCFACEOUTERBOUND(#5027,.T.);
#5034=IFCFACE((#5031));
#5038=IFCPOLYLOOP((#215,#40,#211,#227));
#5042=IFCFACEOUTERBOUND(#5038,.T.);
#5045=IFCFACE((#5042));
#5049=IFCPOLYLOOP((#219,#215,#227,#223));
#5053=IFCFACEOUTERBOUND(#5049,.T.);
#5056=IFCFACE((#5053));
#5060=IFCCLOSEDSHELL((#5001,#5012,#5023,#5034,#5045,#5056));
#5064=IFCFACETEDBREP(#5060);
#5067=IFCCOLOURRGB('IfcColourRgb_002',0.58551918999999997,0.57674524999999999,0.51876096999999999);
#5068=IFCSURFACESTYLERENDERING(#5067,0.,IFCNORMALISEDRATIOMEASURE(0.),$,$,$,IFCNORMALISEDRATIOMEASURE(0.),$,.NOTDEFINED.);
#5069=IFCSURFACESTYLE('IfcSurfaceStyle_091',.BOTH.,(#5068));
#5071=IFCPRESENTATIONSTYLEASSIGNMENT((#5069));
#5073=IFCSURFACESTYLE('IfcSurfaceStyle_092',.BOTH.,(#5068));
#5075=IFCPRESENTATIONSTYLEASSIGNMENT((#5073));
#5077=IFCSTYLEDITEM(#5064,(#5075),'IfcStyledItem_046');
#5081=IFCPOLYLOOP((#231,#235,#240,#244));
#5085=IFCFACEOUTERBOUND(#5081,.T.);
#5088=IFCFACE((#5085));
#5092=IFCPOLYLOOP((#231,#248,#252,#235));
#5096=IFCFACEOUTERBOUND(#5092,.T.);
#5099=IFCFACE((#5096));
#5104=IFCPOLYLOOP((#235,#252,#256,#240));
#5108=IFCFACEOUTERBOUND(#5104,.T.);
#5111=IFCFACE((#5108));
#5115=IFCPOLYLOOP((#244,#240,#256,#260));
#5119=IFCFACEOUTERBOUND(#5115,.T.);
#5122=IFCFACE((#5119));
#5126=IFCPOLYLOOP((#248,#231,#244,#260));
#5130=IFCFACEOUTERBOUND(#5126,.T.);
#5133=IFCFACE((#5130));
#5137=IFCPOLYLOOP((#252,#248,#260,#256));
#5141=IFCFACEOUTERBOUND(#5137,.T.);
#5144=IFCFACE((#5141));
#5148=IFCCLOSEDSHELL((#5088,#5099,#5111,#5122,#5133,#5144));
#5152=IFCFACETEDBREP(#5148);
#5155=IFCSURFACESTYLE('IfcSurfaceStyle_085',.BOTH.,(#5068));
#5157=IFCPRESENTATIONSTYLEASSIGNMENT((#5155));
#5159=IFCSURFACESTYLE('IfcSurfaceStyle_086',.BOTH.,(#5068));
#5161=IFCPRESENTATIONSTYLEASSIGNMENT((#5159));
#5163=IFCSTYLEDITEM(#5152,(#5161),'IfcStyledItem_043');
#5167=IFCPOLYLOOP((#264,#268,#272,#276));
#5171=IFCFACEOUTERBOUND(#5167,.T.);
#5174=IFCFACE((#5171));
#5178=IFCPOLYLOOP((#264,#280,#284,#268));
#5182=IFCFACEOUTERBOUND(#5178,.T.);
#5185=IFCFACE((#5182));
#5189=IFCPOLYLOOP((#268,#284,#288,#272));
#5193=IFCFACEOUTERBOUND(#5189,.T.);
#5196=IFCFACE((#5193));
#5200=IFCPOLYLOOP((#276,#272,#288,#292));
#5204=IFCFACEOUTERBOUND(#5200,.T.);
#5207=IFCFACE((#5204));
#5211=IFCPOLYLOOP((#280,#264,#276,#292));
#5215=IFCFACEOUTERBOUND(#5211,.T.);
#5218=IFCFACE((#5215));
#5222=IFCPOLYLOOP((#284,#280,#292,#288));
#5226=IFCFACEOUTERBOUND(#5222,.T.);
#5230=IFCFACE((#5226));
#5234=IFCCLOSEDSHELL((#5174,#5185,#5196,#5207,#5218,#5230));
#5238=IFCFACETEDBREP(#5234);
#5241=IFCSURFACESTYLE('IfcSurfaceStyle_081',.BOTH.,(#5068));
#5243=IFCPRESENTATIONSTYLEASSIGNMENT((#5241));
#5245=IFCSURFACESTYLE('IfcSurfaceStyle_082',.BOTH.,(#5068));
#5247=IFCPRESENTATIONSTYLEASSIGNMENT((#5245));
#5249=IFCSTYLEDITEM(#5238,(#5247),'IfcStyledItem_037');
#5253=IFCPOLYLOOP((#296,#300,#304,#308));
#5257=IFCFACEOUTERBOUND(#5253,.T.);
#5260=IFCFACE((#5257));
#5264=IFCPOLYLOOP((#296,#312,#316,#300));
#5268=IFCFACEOUTERBOUND(#5264,.T.);
#5271=IFCFACE((#5268));
#5275=IFCPOLYLOOP((#300,#316,#320,#304));
#5279=IFCFACEOUTERBOUND(#5275,.T.);
#5282=IFCFACE((#5279));
#5286=IFCPOLYLOOP((#308,#304,#320,#324));
#5290=IFCFACEOUTERBOUND(#5286,.T.);
#5293=IFCFACE((#5290));
#5297=IFCPOLYLOOP((#312,#296,#308,#324));
#5301=IFCFACEOUTERBOUND(#5297,.T.);
#5304=IFCFACE((#5301));
#5308=IFCPOLYLOOP((#316,#312,#324,#320));
#5312=IFCFACEOUTERBOUND(#5308,.T.);
#5315=IFCFACE((#5312));
#5319=IFCCLOSEDSHELL((#5260,#5271,#5282,#5293,#5304,#5315));
#5323=IFCFACETEDBREP(#5319);
#5326=IFCSURFACESTYLE('IfcSurfaceStyle_067',.BOTH.,(#5068));
#5328=IFCPRESENTATIONSTYLEASSIGNMENT((#5326));
#5330=IFCSURFACESTYLE('IfcSurfaceStyle_068',.BOTH.,(#5068));
#5332=IFCPRESENTATIONSTYLEASSIGNMENT((#5330));
#5334=IFCSTYLEDITEM(#5323,(#5332),'IfcStyledItem_034');
#5338=IFCPOLYLOOP((#328,#332,#336,#340));
#5342=IFCFACEOUTERBOUND(#5338,.T.);
#5345=IFCFACE((#5342));
#5349=IFCPOLYLOOP((#328,#344,#348,#332));
#5353=IFCFACEOUTERBOUND(#5349,.T.);
#5356=IFCFACE((#5353));
#5361=IFCPOLYLOOP((#332,#348,#352,#336));
#5365=IFCFACEOUTERBOUND(#5361,.T.);
#5368=IFCFACE((#5365));
#5372=IFCPOLYLOOP((#340,#336,#352,#356));
#5376=IFCFACEOUTERBOUND(#5372,.T.);
#5379=IFCFACE((#5376));
#5383=IFCPOLYLOOP((#344,#328,#340,#356));
#5387=IFCFACEOUTERBOUND(#5383,.T.);
#5390=IFCFACE((#5387));
#5394=IFCPOLYLOOP((#348,#344,#356,#352));
#5398=IFCFACEOUTERBOUND(#5394,.T.);
#5401=IFCFACE((#5398));
#5405=IFCCLOSEDSHELL((#5345,#5356,#5368,#5379,#5390,#5401));
#5409=IFCFACETEDBREP(#5405);
#5412=IFCSURFACESTYLE('IfcSurfaceStyle_063',.BOTH.,(#5068));
#5414=IFCPRESENTATIONSTYLEASSIGNMENT((#5412));
#5416=IFCSURFACESTYLE('IfcSurfaceStyle_064',.BOTH.,(#5068));
#5418=IFCPRESENTATIONSTYLEASSIGNMENT((#5416));
#5420=IFCSTYLEDITEM(#5409,(#5418),'IfcStyledItem_032');
#5424=IFCPOLYLOOP((#360,#364,#369,#373));
#5428=IFCFACEOUTERBOUND(#5424,.T.);
#5431=IFCFACE((#5428));
#5435=IFCPOLYLOOP((#360,#377,#381,#364));
#5439=IFCFACEOUTERBOUND(#5435,.T.);
#5442=IFCFACE((#5439));
#5446=IFCPOLYLOOP((#364,#381,#385,#369));
#5450=IFCFACEOUTERBOUND(#5446,.T.);
#5453=IFCFACE((#5450));
#5457=IFCPOLYLOOP((#373,#369,#385,#389));
#5461=IFCFACEOUTERBOUND(#5457,.T.);
#5464=IFCFACE((#5461));
#5468=IFCPOLYLOOP((#377,#360,#373,#389));
#5472=IFCFACEOUTERBOUND(#5468,.T.);
#5475=IFCFACE((#5472));
#5479=IFCPOLYLOOP((#381,#377,#389,#385));
#5483=IFCFACEOUTERBOUND(#5479,.T.);
#5487=IFCFACE((#5483));
#5491=IFCCLOSEDSHELL((#5431,#5442,#5453,#5464,#5475,#5487));
#5495=IFCFACETEDBREP(#5491);
#5498=IFCSURFACESTYLE('IfcSurfaceStyle_055',.BOTH.,(#5068));
#5500=IFCPRESENTATIONSTYLEASSIGNMENT((#5498));
#5502=IFCSURFACESTYLE('IfcSurfaceStyle_056',.BOTH.,(#5068));
#5504=IFCPRESENTATIONSTYLEASSIGNMENT((#5502));
#5506=IFCSTYLEDITEM(#5495,(#5504),'IfcStyledItem_027');
#5510=IFCPOLYLOOP((#393,#397,#401,#405));
#5514=IFCFACEOUTERBOUND(#5510,.T.);
#5517=IFCFACE((#5514));
#5521=IFCPOLYLOOP((#393,#409,#413,#417,#421,#397));
#5525=IFCFACEOUTERBOUND(#5521,.T.);
#5528=IFCFACE((#5525));
#5532=IFCPOLYLOOP((#397,#421,#425,#401));
#5536=IFCFACEOUTERBOUND(#5532,.T.);
#5539=IFCFACE((#5536));
#5543=IFCPOLYLOOP((#405,#401,#425,#429,#433,#437));
#5547=IFCFACEOUTERBOUND(#5543,.T.);
#5550=IFCFACE((#5547));
#5554=IFCPOLYLOOP((#409,#393,#405,#437));
#5558=IFCFACEOUTERBOUND(#5554,.T.);
#5561=IFCFACE((#5558));
#5565=IFCPOLYLOOP((#413,#409,#437,#433));
#5569=IFCFACEOUTERBOUND(#5565,.T.);
#5572=IFCFACE((#5569));
#5576=IFCPOLYLOOP((#417,#413,#433,#429));
#5580=IFCFACEOUTERBOUND(#5576,.T.);
#5583=IFCFACE((#5580));
#5587=IFCPOLYLOOP((#421,#417,#429,#425));
#5591=IFCFACEOUTERBOUND(#5587,.T.);
#5594=IFCFACE((#5591));
#5598=IFCCLOSEDSHELL((#5517,#5528,#5539,#5550,#5561,#5572,#5583,#5594));
#5602=IFCFACETEDBREP(#5598);
#5605=IFCSURFACESTYLE('IfcSurfaceStyle_041',.BOTH.,(#4981));
#5607=IFCPRESENTATIONSTYLEASSIGNMENT((#5605));
#5609=IFCSURFACESTYLE('IfcSurfaceStyle_042',.BOTH.,(#4981));
#5611=IFCPRESENTATIONSTYLEASSIGNMENT((#5609));
#5614=IFCSTYLEDITEM(#5602,(#5611),'IfcStyledItem_021');
#5618=IFCPOLYLOOP((#441,#445,#449,#453));
#5622=IFCFACEOUTERBOUND(#5618,.T.);
#5625=IFCFACE((#5622));
#5629=IFCPOLYLOOP((#441,#457,#461,#445));
#5633=IFCFACEOUTERBOUND(#5629,.T.);
#5636=IFCFACE((#5633));
#5640=IFCPOLYLOOP((#445,#461,#465,#449));
#5644=IFCFACEOUTERBOUND(#5640,.T.);
#5647=IFCFACE((#5644));
#5651=IFCPOLYLOOP((#453,#449,#465,#469));
#5655=IFCFACEOUTERBOUND(#5651,.T.);
#5658=IFCFACE((#5655));
#5662=IFCPOLYLOOP((#457,#441,#453,#469));
#5666=IFCFACEOUTERBOUND(#5662,.T.);
#5669=IFCFACE((#5666));
#5673=IFCPOLYLOOP((#461,#457,#469,#465));
#5677=IFCFACEOUTERBOUND(#5673,.T.);
#5680=IFCFACE((#5677));
#5684=IFCCLOSEDSHELL((#5625,#5636,#5647,#5658,#5669,#5680));
#5688=IFCFACETEDBREP(#5684);
#5691=IFCSURFACESTYLE('IfcSurfaceStyle_037',.BOTH.,(#4981));
#5693=IFCPRESENTATIONSTYLEASSIGNMENT((#5691));
#5695=IFCSURFACESTYLE('IfcSurfaceStyle_038',.BOTH.,(#4981));
#5697=IFCPRESENTATIONSTYLEASSIGNMENT((#5695));
#5699=IFCSTYLEDITEM(#5688,(#5697),'IfcStyledItem_018');
#5703=IFCPOLYLOOP((#473,#477,#481,#485));
#5707=IFCFACEOUTERBOUND(#5703,.T.);
#5710=IFCFACE((#5707));
#5714=IFCPOLYLOOP((#473,#489,#494,#498,#502,#506,#510,#514,#518,#522,#526,#530,#534,#538,#542,#477));
#5718=IFCFACEOUTERBOUND(#5714,.T.);
#5721=IFCFACE((#5718));
#5725=IFCPOLYLOOP((#477,#542,#546,#481));
#5729=IFCFACEOUTERBOUND(#5725,.T.);
#5732=IFCFACE((#5729));
#5736=IFCPOLYLOOP((#485,#481,#546,#550,#554,#558,#562,#566,#570,#574,#578,#582,#586,#590,#594,#598));
#5740=IFCFACEOUTERBOUND(#5736,.T.);
#5744=IFCFACE((#5740));
#5748=IFCPOLYLOOP((#489,#473,#485,#598));
#5752=IFCFACEOUTERBOUND(#5748,.T.);
#5755=IFCFACE((#5752));
#5759=IFCPOLYLOOP((#494,#489,#598,#594));
#5763=IFCFACEOUTERBOUND(#5759,.T.);
#5766=IFCFACE((#5763));
#5770=IFCPOLYLOOP((#498,#494,#594,#590));
#5774=IFCFACEOUTERBOUND(#5770,.T.);
#5777=IFCFACE((#5774));
#5781=IFCPOLYLOOP((#502,#498,#590,#586));
#5785=IFCFACEOUTERBOUND(#5781,.T.);
#5788=IFCFACE((#5785));
#5792=IFCPOLYLOOP((#506,#502,#586,#582));
#5796=IFCFACEOUTERBOUND(#5792,.T.);
#5799=IFCFACE((#5796));
#5803=IFCPOLYLOOP((#510,#506,#582,#578));
#5807=IFCFACEOUTERBOUND(#5803,.T.);
#5810=IFCFACE((#5807));
#5814=IFCPOLYLOOP((#514,#510,#578,#574));
#5818=IFCFACEOUTERBOUND(#5814,.T.);
#5821=IFCFACE((#5818));
#5825=IFCPOLYLOOP((#518,#514,#574,#570));
#5829=IFCFACEOUTERBOUND(#5825,.T.);
#5832=IFCFACE((#5829));
#5836=IFCPOLYLOOP((#522,#518,#570,#566));
#5840=IFCFACEOUTERBOUND(#5836,.T.);
#5843=IFCFACE((#5840));
#5847=IFCPOLYLOOP((#526,#522,#566,#562));
#5851=IFCFACEOUTERBOUND(#5847,.T.);
#5854=IFCFACE((#5851));
#5858=IFCPOLYLOOP((#530,#526,#562,#558));
#5862=IFCFACEOUTERBOUND(#5858,.T.);
#5865=IFCFACE((#5862));
#5870=IFCPOLYLOOP((#534,#530,#558,#554));
#5874=IFCFACEOUTERBOUND(#5870,.T.);
#5877=IFCFACE((#5874));
#5881=IFCPOLYLOOP((#538,#534,#554,#550));
#5885=IFCFACEOUTERBOUND(#5881,.T.);
#5888=IFCFACE((#5885));
#5892=IFCPOLYLOOP((#542,#538,#550,#546));
#5896=IFCFACEOUTERBOUND(#5892,.T.);
#5899=IFCFACE((#5896));
#5903=IFCCLOSEDSHELL((#5710,#5721,#5732,#5744,#5755,#5766,#5777,#5788,#5799,#5810,#5821,#5832,#5843,#5854,#5865,#5877,#5888,#5899));
#5907=IFCFACETEDBREP(#5903);
#5910=IFCSURFACESTYLE('IfcSurfaceStyle_017',.BOTH.,(#4981));
#5912=IFCPRESENTATIONSTYLEASSIGNMENT((#5910));
#5914=IFCSURFACESTYLE('IfcSurfaceStyle_018',.BOTH.,(#4981));
#5916=IFCPRESENTATIONSTYLEASSIGNMENT((#5914));
#5918=IFCSTYLEDITEM(#5907,(#5916),'IfcStyledItem_009');
#5922=IFCPOLYLOOP((#602,#606,#610,#614));
#5926=IFCFACEOUTERBOUND(#5922,.T.);
#5929=IFCFACE((#5926));
#5933=IFCPOLYLOOP((#602,#618,#623,#606));
#5937=IFCFACEOUTERBOUND(#5933,.T.);
#5940=IFCFACE((#5937));
#5944=IFCPOLYLOOP((#606,#623,#627,#610));
#5948=IFCFACEOUTERBOUND(#5944,.T.);
#5951=IFCFACE((#5948));
#5955=IFCPOLYLOOP((#614,#610,#627,#631));
#5959=IFCFACEOUTERBOUND(#5955,.T.);
#5962=IFCFACE((#5959));
#5966=IFCPOLYLOOP((#618,#602,#614,#631));
#5970=IFCFACEOUTERBOUND(#5966,.T.);
#5973=IFCFACE((#5970));
#5977=IFCPOLYLOOP((#623,#618,#631,#627));
#5981=IFCFACEOUTERBOUND(#5977,.T.);
#5984=IFCFACE((#5981));
#5988=IFCCLOSEDSHELL((#5929,#5940,#5951,#5962,#5973,#5984));
#5992=IFCFACETEDBREP(#5988);
#5995=IFCSURFACESTYLE('IfcSurfaceStyle_015',.BOTH.,(#5068));
#5998=IFCPRESENTATIONSTYLEASSIGNMENT((#5995));
#6000=IFCSURFACESTYLE('IfcSurfaceStyle_016',.BOTH.,(#5068));
#6002=IFCPRESENTATIONSTYLEASSIGNMENT((#6000));
#6004=IFCSTYLEDITEM(#5992,(#6002),'IfcStyledItem_008');
#6008=IFCPOLYLOOP((#635,#639,#643,#647));
#6012=IFCFACEOUTERBOUND(#6008,.T.);
#6015=IFCFACE((#6012));
#6019=IFCPOLYLOOP((#635,#651,#655,#639));
#6023=IFCFACEOUTERBOUND(#6019,.T.);
#6026=IFCFACE((#6023));
#6030=IFCPOLYLOOP((#639,#655,#659,#643));
#6034=IFCFACEOUTERBOUND(#6030,.T.);
#6037=IFCFACE((#6034));
#6041=IFCPOLYLOOP((#647,#643,#659,#663));
#6045=IFCFACEOUTERBOUND(#6041,.T.);
#6048=IFCFACE((#6045));
#6052=IFCPOLYLOOP((#651,#635,#647,#663));
#6056=IFCFACEOUTERBOUND(#6052,.T.);
#6059=IFCFACE((#6056));
#6063=IFCPOLYLOOP((#655,#651,#663,#659));
#6067=IFCFACEOUTERBOUND(#6063,.T.);
#6070=IFCFACE((#6067));
#6074=IFCCLOSEDSHELL((#6015,#6026,#6037,#6048,#6059,#6070));
#6078=IFCFACETEDBREP(#6074);
#6081=IFCSURFACESTYLE('IfcSurfaceStyle_004',.BOTH.,(#5068));
#6083=IFCPRESENTATIONSTYLEASSIGNMENT((#6081));
#6085=IFCSURFACESTYLE('IfcSurfaceStyle_005',.BOTH.,(#5068));
#6087=IFCPRESENTATIONSTYLEASSIGNMENT((#6085));
#6089=IFCSTYLEDITEM(#6078,(#6087),'IfcStyledItem_003');
#6093=IFCPOLYLOOP((#667,#671,#675,#679));
#6097=IFCFACEOUTERBOUND(#6093,.T.);
#6100=IFCFACE((#6097));
#6104=IFCPOLYLOOP((#667,#683,#687,#671));
#6108=IFCFACEOUTERBOUND(#6104,.T.);
#6111=IFCFACE((#6108));
#6115=IFCPOLYLOOP((#671,#687,#691,#675));
#6119=IFCFACEOUTERBOUND(#6115,.T.);
#6122=IFCFACE((#6119));
#6127=IFCPOLYLOOP((#679,#675,#691,#695));
#6131=IFCFACEOUTERBOUND(#6127,.T.);
#6134=IFCFACE((#6131));
#6138=IFCPOLYLOOP((#683,#667,#679,#695));
#6142=IFCFACEOUTERBOUND(#6138,.T.);
#6145=IFCFACE((#6142));
#6149=IFCPOLYLOOP((#687,#683,#695,#691));
#6153=IFCFACEOUTERBOUND(#6149,.T.);
#6156=IFCFACE((#6153));
#6160=IFCCLOSEDSHELL((#6100,#6111,#6122,#6134,#6145,#6156));
#6164=IFCFACETEDBREP(#6160);
#6167=IFCSURFACESTYLE('IfcSurfaceStyle_242',.BOTH.,(#5068));
#6169=IFCPRESENTATIONSTYLEASSIGNMENT((#6167));
#6171=IFCSURFACESTYLE('IfcSurfaceStyle_243',.BOTH.,(#5068));
#6173=IFCPRESENTATIONSTYLEASSIGNMENT((#6171));
#6175=IFCSTYLEDITEM(#6164,(#6173),'IfcStyledItem_122');
#6179=IFCPOLYLOOP((#699,#703,#707,#711));
#6183=IFCFACEOUTERBOUND(#6179,.T.);
#6186=IFCFACE((#6183));
#6190=IFCPOLYLOOP((#699,#715,#719,#703));
#6194=IFCFACEOUTERBOUND(#6190,.T.);
#6197=IFCFACE((#6194));
#6201=IFCPOLYLOOP((#703,#719,#723,#707));
#6205=IFCFACEOUTERBOUND(#6201,.T.);
#6208=IFCFACE((#6205));
#6212=IFCPOLYLOOP((#711,#707,#723,#727));
#6216=IFCFACEOUTERBOUND(#6212,.T.);
#6219=IFCFACE((#6216));
#6223=IFCPOLYLOOP((#715,#699,#711,#727));
#6227=IFCFACEOUTERBOUND(#6223,.T.);
#6230=IFCFACE((#6227));
#6234=IFCPOLYLOOP((#719,#715,#727,#723));
#6238=IFCFACEOUTERBOUND(#6234,.T.);
#6241=IFCFACE((#6238));
#6245=IFCCLOSEDSHELL((#6186,#6197,#6208,#6219,#6230,#6241));
#6249=IFCFACETEDBREP(#6245);
#6252=IFCSURFACESTYLE('IfcSurfaceStyle_238',.BOTH.,(#5068));
#6255=IFCPRESENTATIONSTYLEASSIGNMENT((#6252));
#6257=IFCSURFACESTYLE('IfcSurfaceStyle_239',.BOTH.,(#5068));
#6259=IFCPRESENTATIONSTYLEASSIGNMENT((#6257));
#6261=IFCSTYLEDITEM(#6249,(#6259),'IfcStyledItem_120');
#6265=IFCPOLYLOOP((#731,#735,#739,#743));
#6269=IFCFACEOUTERBOUND(#6265,.T.);
#6272=IFCFACE((#6269));
#6276=IFCPOLYLOOP((#731,#747,#752,#735));
#6280=IFCFACEOUTERBOUND(#6276,.T.);
#6283=IFCFACE((#6280));
#6287=IFCPOLYLOOP((#735,#752,#756,#739));
#6291=IFCFACEOUTERBOUND(#6287,.T.);
#6294=IFCFACE((#6291));
#6298=IFCPOLYLOOP((#743,#739,#756,#760));
#6302=IFCFACEOUTERBOUND(#6298,.T.);
#6305=IFCFACE((#6302));
#6309=IFCPOLYLOOP((#747,#731,#743,#760));
#6313=IFCFACEOUTERBOUND(#6309,.T.);
#6316=IFCFACE((#6313));
#6320=IFCPOLYLOOP((#752,#747,#760,#756));
#6324=IFCFACEOUTERBOUND(#6320,.T.);
#6327=IFCFACE((#6324));
#6331=IFCCLOSEDSHELL((#6272,#6283,#6294,#6305,#6316,#6327));
#6335=IFCFACETEDBREP(#6331);
#6338=IFCSURFACESTYLE('IfcSurfaceStyle_234',.BOTH.,(#5068));
#6340=IFCPRESENTATIONSTYLEASSIGNMENT((#6338));
#6342=IFCSURFACESTYLE('IfcSurfaceStyle_235',.BOTH.,(#5068));
#6344=IFCPRESENTATIONSTYLEASSIGNMENT((#6342));
#6346=IFCSTYLEDITEM(#6335,(#6344),'IfcStyledItem_114');
#6350=IFCPOLYLOOP((#764,#768,#772,#776));
#6354=IFCFACEOUTERBOUND(#6350,.T.);
#6357=IFCFACE((#6354));
#6361=IFCPOLYLOOP((#764,#780,#784,#768));
#6365=IFCFACEOUTERBOUND(#6361,.T.);
#6368=IFCFACE((#6365));
#6372=IFCPOLYLOOP((#768,#784,#788,#772));
#6376=IFCFACEOUTERBOUND(#6372,.T.);
#6379=IFCFACE((#6376));
#6384=IFCPOLYLOOP((#776,#772,#788,#792));
#6388=IFCFACEOUTERBOUND(#6384,.T.);
#6391=IFCFACE((#6388));
#6395=IFCPOLYLOOP((#780,#764,#776,#792));
#6399=IFCFACEOUTERBOUND(#6395,.T.);
#6402=IFCFACE((#6399));
#6406=IFCPOLYLOOP((#784,#780,#792,#788));
#6410=IFCFACEOUTERBOUND(#6406,.T.);
#6413=IFCFACE((#6410));
#6417=IFCCLOSEDSHELL((#6357,#6368,#6379,#6391,#6402,#6413));
#6421=IFCFACETEDBREP(#6417);
#6424=IFCSURFACESTYLE('IfcSurfaceStyle_220',.BOTH.,(#5068));
#6426=IFCPRESENTATIONSTYLEASSIGNMENT((#6424));
#6428=IFCSURFACESTYLE('IfcSurfaceStyle_221',.BOTH.,(#5068));
#6430=IFCPRESENTATIONSTYLEASSIGNMENT((#6428));
#6432=IFCSTYLEDITEM(#6421,(#6430),'IfcStyledItem_110');
#6436=IFCPOLYLOOP((#796,#800,#804,#808));
#6440=IFCFACEOUTERBOUND(#6436,.T.);
#6443=IFCFACE((#6440));
#6447=IFCPOLYLOOP((#796,#812,#816,#800));
#6451=IFCFACEOUTERBOUND(#6447,.T.);
#6454=IFCFACE((#6451));
#6458=IFCPOLYLOOP((#800,#816,#820,#804));
#6462=IFCFACEOUTERBOUND(#6458,.T.);
#6465=IFCFACE((#6462));
#6469=IFCPOLYLOOP((#808,#804,#820,#824));
#6473=IFCFACEOUTERBOUND(#6469,.T.);
#6476=IFCFACE((#6473));
#6480=IFCPOLYLOOP((#812,#796,#808,#824));
#6484=IFCFACEOUTERBOUND(#6480,.T.);
#6487=IFCFACE((#6484));
#6491=IFCPOLYLOOP((#816,#812,#824,#820));
#6495=IFCFACEOUTERBOUND(#6491,.T.);
#6498=IFCFACE((#6495));
#6502=IFCCLOSEDSHELL((#6443,#6454,#6465,#6476,#6487,#6498));
#6506=IFCFACETEDBREP(#6502);
#6510=IFCSURFACESTYLE('IfcSurfaceStyle_216',.BOTH.,(#5068));
#6512=IFCPRESENTATIONSTYLEASSIGNMENT((#6510));
#6514=IFCSURFACESTYLE('IfcSurfaceStyle_217',.BOTH.,(#5068));
#6516=IFCPRESENTATIONSTYLEASSIGNMENT((#6514));
#6518=IFCSTYLEDITEM(#6506,(#6516),'IfcStyledItem_108');
#6522=IFCPOLYLOOP((#828,#832,#836,#840));
#6526=IFCFACEOUTERBOUND(#6522,.T.);
#6529=IFCFACE((#6526));
#6533=IFCPOLYLOOP((#828,#844,#848,#852,#856,#832));
#6537=IFCFACEOUTERBOUND(#6533,.T.);
#6540=IFCFACE((#6537));
#6544=IFCPOLYLOOP((#832,#856,#860,#836));
#6548=IFCFACEOUTERBOUND(#6544,.T.);
#6551=IFCFACE((#6548));
#6555=IFCPOLYLOOP((#840,#836,#860,#864,#868,#872));
#6559=IFCFACEOUTERBOUND(#6555,.T.);
#6562=IFCFACE((#6559));
#6566=IFCPOLYLOOP((#844,#828,#840,#872));
#6570=IFCFACEOUTERBOUND(#6566,.T.);
#6573=IFCFACE((#6570));
#6577=IFCPOLYLOOP((#848,#844,#872,#868));
#6581=IFCFACEOUTERBOUND(#6577,.T.);
#6584=IFCFACE((#6581));
#6588=IFCPOLYLOOP((#852,#848,#868,#864));
#6592=IFCFACEOUTERBOUND(#6588,.T.);
#6595=IFCFACE((#6592));
#6599=IFCPOLYLOOP((#856,#852,#864,#860));
#6603=IFCFACEOUTERBOUND(#6599,.T.);
#6606=IFCFACE((#6603));
#6610=IFCCLOSEDSHELL((#6529,#6540,#6551,#6562,#6573,#6584,#6595,#6606));
#6614=IFCFACETEDBREP(#6610);
#6617=IFCSURFACESTYLE('IfcSurfaceStyle_207',.BOTH.,(#4981));
#6619=IFCPRESENTATIONSTYLEASSIGNMENT((#6617));
#6621=IFCSURFACESTYLE('IfcSurfaceStyle_208',.BOTH.,(#4981));
#6623=IFCPRESENTATIONSTYLEASSIGNMENT((#6621));
#6625=IFCSTYLEDITEM(#6614,(#6623),'IfcStyledItem_104');
#6629=IFCPOLYLOOP((#876,#881,#885,#889));
#6633=IFCFACEOUTERBOUND(#6629,.T.);
#6636=IFCFACE((#6633));
#6641=IFCPOLYLOOP((#876,#893,#897,#881));
#6645=IFCFACEOUTERBOUND(#6641,.T.);
#6648=IFCFACE((#6645));
#6652=IFCPOLYLOOP((#881,#897,#901,#885));
#6656=IFCFACEOUTERBOUND(#6652,.T.);
#6659=IFCFACE((#6656));
#6663=IFCPOLYLOOP((#889,#885,#901,#905));
#6667=IFCFACEOUTERBOUND(#6663,.T.);
#6670=IFCFACE((#6667));
#6674=IFCPOLYLOOP((#893,#876,#889,#905));
#6678=IFCFACEOUTERBOUND(#6674,.T.);
#6681=IFCFACE((#6678));
#6685=IFCPOLYLOOP((#897,#893,#905,#901));
#6689=IFCFACEOUTERBOUND(#6685,.T.);
#6692=IFCFACE((#6689));
#6696=IFCCLOSEDSHELL((#6636,#6648,#6659,#6670,#6681,#6692));
#6700=IFCFACETEDBREP(#6696);
#6703=IFCSURFACESTYLE('IfcSurfaceStyle_200',.BOTH.,(#4981));
#6705=IFCPRESENTATIONSTYLEASSIGNMENT((#6703));
#6707=IFCSURFACESTYLE('IfcSurfaceStyle_201',.BOTH.,(#4981));
#6709=IFCPRESENTATIONSTYLEASSIGNMENT((#6707));
#6711=IFCSTYLEDITEM(#6700,(#6709),'IfcStyledItem_100');
#6715=IFCPOLYLOOP((#909,#913,#917,#921));
#6719=IFCFACEOUTERBOUND(#6715,.T.);
#6722=IFCFACE((#6719));
#6726=IFCPOLYLOOP((#909,#925,#929,#933,#937,#941,#945,#949,#953,#957,#961,#965,#969,#913));
#6730=IFCFACEOUTERBOUND(#6726,.T.);
#6733=IFCFACE((#6730));
#6737=IFCPOLYLOOP((#913,#969,#973,#917));
#6741=IFCFACEOUTERBOUND(#6737,.T.);
#6744=IFCFACE((#6741));
#6748=IFCPOLYLOOP((#921,#917,#973,#977,#981,#985,#989,#993,#997,#1001,#1006,#1010,#1014,#1018));
#6752=IFCFACEOUTERBOUND(#6748,.T.);
#6755=IFCFACE((#6752));
#6759=IFCPOLYLOOP((#925,#909,#921,#1018));
#6763=IFCFACEOUTERBOUND(#6759,.T.);
#6767=IFCFACE((#6763));
#6771=IFCPOLYLOOP((#929,#925,#1018,#1014));
#6775=IFCFACEOUTERBOUND(#6771,.T.);
#6778=IFCFACE((#6775));
#6782=IFCPOLYLOOP((#933,#929,#1014,#1010));
#6786=IFCFACEOUTERBOUND(#6782,.T.);
#6789=IFCFACE((#6786));
#6793=IFCPOLYLOOP((#937,#933,#1010,#1006));
#6797=IFCFACEOUTERBOUND(#6793,.T.);
#6800=IFCFACE((#6797));
#6804=IFCPOLYLOOP((#941,#937,#1006,#1001));
#6808=IFCFACEOUTERBOUND(#6804,.T.);
#6811=IFCFACE((#6808));
#6815=IFCPOLYLOOP((#945,#941,#1001,#997));
#6819=IFCFACEOUTERBOUND(#6815,.T.);
#6822=IFCFACE((#6819));
#6826=IFCPOLYLOOP((#949,#945,#997,#993));
#6830=IFCFACEOUTERBOUND(#6826,.T.);
#6833=IFCFACE((#6830));
#6837=IFCPOLYLOOP((#953,#949,#993,#989));
#6841=IFCFACEOUTERBOUND(#6837,.T.);
#6844=IFCFACE((#6841));
#6848=IFCPOLYLOOP((#957,#953,#989,#985));
#6852=IFCFACEOUTERBOUND(#6848,.T.);
#6855=IFCFACE((#6852));
#6859=IFCPOLYLOOP((#961,#957,#985,#981));
#6863=IFCFACEOUTERBOUND(#6859,.T.);
#6866=IFCFACE((#6863));
#6870=IFCPOLYLOOP((#965,#961,#981,#977));
#6874=IFCFACEOUTERBOUND(#6870,.T.);
#6877=IFCFACE((#6874));
#6881=IFCPOLYLOOP((#969,#965,#977,#973));
#6885=IFCFACEOUTERBOUND(#6881,.T.);
#6888=IFCFACE((#6885));
#6892=IFCCLOSEDSHELL((#6722,#6733,#6744,#6755,#6767,#6778,#6789,#6800,#6811,#6822,#6833,#6844,#6855,#6866,#6877,#6888));
#6897=IFCFACETEDBREP(#6892);
#6900=IFCSURFACESTYLE('IfcSurfaceStyle_188',.BOTH.,(#4981));
#6902=IFCPRESENTATIONSTYLEASSIGNMENT((#6900));
#6904=IFCSURFACESTYLE('IfcSurfaceStyle_189',.BOTH.,(#4981));
#6906=IFCPRESENTATIONSTYLEASSIGNMENT((#6904));
#6908=IFCSTYLEDITEM(#6897,(#6906),'IfcStyledItem_095');
#6912=IFCPOLYLOOP((#1022,#1026,#1030,#1034));
#6916=IFCFACEOUTERBOUND(#6912,.T.);
#6919=IFCFACE((#6916));
#6923=IFCPOLYLOOP((#1022,#1038,#1042,#1026));
#6927=IFCFACEOUTERBOUND(#6923,.T.);
#6930=IFCFACE((#6927));
#6934=IFCPOLYLOOP((#1026,#1042,#1046,#1030));
#6938=IFCFACEOUTERBOUND(#6934,.T.);
#6941=IFCFACE((#6938));
#6945=IFCPOLYLOOP((#1034,#1030,#1046,#1050));
#6949=IFCFACEOUTERBOUND(#6945,.T.);
#6952=IFCFACE((#6949));
#6956=IFCPOLYLOOP((#1038,#1022,#1034,#1050));
#6960=IFCFACEOUTERBOUND(#6956,.T.);
#6963=IFCFACE((#6960));
#6967=IFCPOLYLOOP((#1042,#1038,#1050,#1046));
#6971=IFCFACEOUTERBOUND(#6967,.T.);
#6974=IFCFACE((#6971));
#6978=IFCCLOSEDSHELL((#6919,#6930,#6941,#6952,#6963,#6974));
#6982=IFCFACETEDBREP(#6978);
#6985=IFCSURFACESTYLE('IfcSurfaceStyle_179',.BOTH.,(#5068));
#6987=IFCPRESENTATIONSTYLEASSIGNMENT((#6985));
#6989=IFCSURFACESTYLE('IfcSurfaceStyle_180',.BOTH.,(#5068));
#6991=IFCPRESENTATIONSTYLEASSIGNMENT((#6989));
#6993=IFCSTYLEDITEM(#6982,(#6991),'IfcStyledItem_090');
#6997=IFCPOLYLOOP((#1054,#1058,#1062,#1066));
#7001=IFCFACEOUTERBOUND(#6997,.T.);
#7004=IFCFACE((#7001));
#7008=IFCPOLYLOOP((#1054,#1070,#1074,#1058));
#7012=IFCFACEOUTERBOUND(#7008,.T.);
#7015=IFCFACE((#7012));
#7019=IFCPOLYLOOP((#1058,#1074,#1078,#1062));
#7024=IFCFACEOUTERBOUND(#7019,.T.);
#7027=IFCFACE((#7024));
#7031=IFCPOLYLOOP((#1066,#1062,#1078,#1082));
#7035=IFCFACEOUTERBOUND(#7031,.T.);
#7038=IFCFACE((#7035));
#7042=IFCPOLYLOOP((#1070,#1054,#1066,#1082));
#7046=IFCFACEOUTERBOUND(#7042,.T.);
#7049=IFCFACE((#7046));
#7053=IFCPOLYLOOP((#1074,#1070,#1082,#1078));
#7057=IFCFACEOUTERBOUND(#7053,.T.);
#7060=IFCFACE((#7057));
#7064=IFCCLOSEDSHELL((#7004,#7015,#7027,#7038,#7049,#7060));
#7068=IFCFACETEDBREP(#7064);
#7071=IFCSURFACESTYLE('IfcSurfaceStyle_173',.BOTH.,(#5068));
#7073=IFCPRESENTATIONSTYLEASSIGNMENT((#7071));
#7075=IFCSURFACESTYLE('IfcSurfaceStyle_174',.BOTH.,(#5068));
#7077=IFCPRESENTATIONSTYLEASSIGNMENT((#7075));
#7079=IFCSTYLEDITEM(#7068,(#7077),'IfcStyledItem_087');
#7083=IFCPOLYLOOP((#1086,#1090,#1094,#1098));
#7087=IFCFACEOUTERBOUND(#7083,.T.);
#7090=IFCFACE((#7087));
#7094=IFCPOLYLOOP((#1086,#1102,#1106,#1090));
#7098=IFCFACEOUTERBOUND(#7094,.T.);
#7101=IFCFACE((#7098));
#7105=IFCPOLYLOOP((#1090,#1106,#1110,#1094));
#7109=IFCFACEOUTERBOUND(#7105,.T.);
#7112=IFCFACE((#7109));
#7116=IFCPOLYLOOP((#1098,#1094,#1110,#1114));
#7120=IFCFACEOUTERBOUND(#7116,.T.);
#7123=IFCFACE((#7120));
#7127=IFCPOLYLOOP((#1102,#1086,#1098,#1114));
#7131=IFCFACEOUTERBOUND(#7127,.T.);
#7134=IFCFACE((#7131));
#7138=IFCPOLYLOOP((#1106,#1102,#1114,#1110));
#7142=IFCFACEOUTERBOUND(#7138,.T.);
#7145=IFCFACE((#7142));
#7150=IFCCLOSEDSHELL((#7090,#7101,#7112,#7123,#7134,#7145));
#7154=IFCFACETEDBREP(#7150);
#7157=IFCSURFACESTYLE('IfcSurfaceStyle_168',.BOTH.,(#5068));
#7159=IFCPRESENTATIONSTYLEASSIGNMENT((#7157));
#7161=IFCSURFACESTYLE('IfcSurfaceStyle_169',.BOTH.,(#5068));
#7163=IFCPRESENTATIONSTYLEASSIGNMENT((#7161));
#7165=IFCSTYLEDITEM(#7154,(#7163),'IfcStyledItem_085');
#7169=IFCPOLYLOOP((#1118,#1122,#1126,#1130));
#7173=IFCFACEOUTERBOUND(#7169,.T.);
#7176=IFCFACE((#7173));
#7180=IFCPOLYLOOP((#1118,#1135,#1139,#1122));
#7184=IFCFACEOUTERBOUND(#7180,.T.);
#7187=IFCFACE((#7184));
#7191=IFCPOLYLOOP((#1122,#1139,#1143,#1126));
#7195=IFCFACEOUTERBOUND(#7191,.T.);
#7198=IFCFACE((#7195));
#7202=IFCPOLYLOOP((#1130,#1126,#1143,#1147));
#7206=IFCFACEOUTERBOUND(#7202,.T.);
#7209=IFCFACE((#7206));
#7213=IFCPOLYLOOP((#1135,#1118,#1130,#1147));
#7217=IFCFACEOUTERBOUND(#7213,.T.);
#7220=IFCFACE((#7217));
#7224=IFCPOLYLOOP((#1139,#1135,#1147,#1143));
#7228=IFCFACEOUTERBOUND(#7224,.T.);
#7231=IFCFACE((#7228));
#7235=IFCCLOSEDSHELL((#7176,#7187,#7198,#7209,#7220,#7231));
#7239=IFCFACETEDBREP(#7235);
#7242=IFCSURFACESTYLE('IfcSurfaceStyle_155',.BOTH.,(#5068));
#7244=IFCPRESENTATIONSTYLEASSIGNMENT((#7242));
#7246=IFCSURFACESTYLE('IfcSurfaceStyle_156',.BOTH.,(#5068));
#7248=IFCPRESENTATIONSTYLEASSIGNMENT((#7246));
#7250=IFCSTYLEDITEM(#7239,(#7248),'IfcStyledItem_078');
#7254=IFCPOLYLOOP((#1151,#1155,#1159,#1163));
#7258=IFCFACEOUTERBOUND(#7254,.T.);
#7261=IFCFACE((#7258));
#7265=IFCPOLYLOOP((#1151,#1167,#1171,#1155));
#7269=IFCFACEOUTERBOUND(#7265,.T.);
#7272=IFCFACE((#7269));
#7276=IFCPOLYLOOP((#1155,#1171,#1175,#1159));
#7281=IFCFACEOUTERBOUND(#7276,.T.);
#7284=IFCFACE((#7281));
#7288=IFCPOLYLOOP((#1163,#1159,#1175,#1179));
#7292=IFCFACEOUTERBOUND(#7288,.T.);
#7295=IFCFACE((#7292));
#7299=IFCPOLYLOOP((#1167,#1151,#1163,#1179));
#7303=IFCFACEOUTERBOUND(#7299,.T.);
#7306=IFCFACE((#7303));
#7310=IFCPOLYLOOP((#1171,#1167,#1179,#1175));
#7314=IFCFACEOUTERBOUND(#7310,.T.);
#7317=IFCFACE((#7314));
#7321=IFCCLOSEDSHELL((#7261,#7272,#7284,#7295,#7306,#7317));
#7325=IFCFACETEDBREP(#7321);
#7328=IFCSURFACESTYLE('IfcSurfaceStyle_149',.BOTH.,(#5068));
#7330=IFCPRESENTATIONSTYLEASSIGNMENT((#7328));
#7332=IFCSURFACESTYLE('IfcSurfaceStyle_150',.BOTH.,(#5068));
#7334=IFCPRESENTATIONSTYLEASSIGNMENT((#7332));
#7336=IFCSTYLEDITEM(#7325,(#7334),'IfcStyledItem_075');
#7340=IFCPOLYLOOP((#1183,#1187,#1191,#1195));
#7344=IFCFACEOUTERBOUND(#7340,.T.);
#7347=IFCFACE((#7344));
#7351=IFCPOLYLOOP((#1187,#1183,#1199,#1203));
#7355=IFCFACEOUTERBOUND(#7351,.T.);
#7358=IFCFACE((#7355));
#7362=IFCPOLYLOOP((#1191,#1187,#1203,#1207));
#7366=IFCFACEOUTERBOUND(#7362,.T.);
#7369=IFCFACE((#7366));
#7373=IFCPOLYLOOP((#1195,#1191,#1207,#1211));
#7377=IFCFACEOUTERBOUND(#7373,.T.);
#7380=IFCFACE((#7377));
#7384=IFCPOLYLOOP((#1183,#1195,#1211,#1199));
#7388=IFCFACEOUTERBOUND(#7384,.T.);
#7391=IFCFACE((#7388));
#7395=IFCPOLYLOOP((#1203,#1199,#1211,#1207));
#7399=IFCFACEOUTERBOUND(#7395,.T.);
#7402=IFCFACE((#7399));
#7407=IFCCLOSEDSHELL((#7347,#7358,#7369,#7380,#7391,#7402));
#7411=IFCFACETEDBREP(#7407);
#7414=IFCSURFACESTYLE('IfcSurfaceStyle_144',.BOTH.,(#5068));
#7416=IFCPRESENTATIONSTYLEASSIGNMENT((#7414));
#7418=IFCSURFACESTYLE('IfcSurfaceStyle_145',.BOTH.,(#5068));
#7420=IFCPRESENTATIONSTYLEASSIGNMENT((#7418));
#7422=IFCSTYLEDITEM(#7411,(#7420),'IfcStyledItem_073');
#7426=IFCPOLYLOOP((#1215,#1219,#1223,#1227));
#7430=IFCFACEOUTERBOUND(#7426,.T.);
#7433=IFCFACE((#7430));
#7437=IFCPOLYLOOP((#1219,#1215,#1231,#1235));
#7441=IFCFACEOUTERBOUND(#7437,.T.);
#7444=IFCFACE((#7441));
#7448=IFCPOLYLOOP((#1223,#1219,#1235,#1239));
#7452=IFCFACEOUTERBOUND(#7448,.T.);
#7455=IFCFACE((#7452));
#7459=IFCPOLYLOOP((#1227,#1223,#1239,#1243));
#7463=IFCFACEOUTERBOUND(#7459,.T.);
#7466=IFCFACE((#7463));
#7470=IFCPOLYLOOP((#1215,#1227,#1243,#1231));
#7474=IFCFACEOUTERBOUND(#7470,.T.);
#7477=IFCFACE((#7474));
#7481=IFCPOLYLOOP((#1235,#1231,#1243,#1239));
#7485=IFCFACEOUTERBOUND(#7481,.T.);
#7488=IFCFACE((#7485));
#7492=IFCCLOSEDSHELL((#7433,#7444,#7455,#7466,#7477,#7488));
#7496=IFCFACETEDBREP(#7492);
#7499=IFCSURFACESTYLE('IfcSurfaceStyle_135',.BOTH.,(#5068));
#7501=IFCPRESENTATIONSTYLEASSIGNMENT((#7499));
#7503=IFCSURFACESTYLE('IfcSurfaceStyle_136',.BOTH.,(#5068));
#7505=IFCPRESENTATIONSTYLEASSIGNMENT((#7503));
#7507=IFCSTYLEDITEM(#7496,(#7505),'IfcStyledItem_068');
#7511=IFCPOLYLOOP((#1247,#1251,#1255,#1259));
#7515=IFCFACEOUTERBOUND(#7511,.T.);
#7518=IFCFACE((#7515));
#7522=IFCPOLYLOOP((#1251,#1247,#1264,#1268));
#7526=IFCFACEOUTERBOUND(#7522,.T.);
#7529=IFCFACE((#7526));
#7534=IFCPOLYLOOP((#1255,#1251,#1268,#1272));
#7538=IFCFACEOUTERBOUND(#7534,.T.);
#7541=IFCFACE((#7538));
#7545=IFCPOLYLOOP((#1259,#1255,#1272,#1276));
#7549=IFCFACEOUTERBOUND(#7545,.T.);
#7552=IFCFACE((#7549));
#7556=IFCPOLYLOOP((#1247,#1259,#1276,#1264));
#7560=IFCFACEOUTERBOUND(#7556,.T.);
#7563=IFCFACE((#7560));
#7567=IFCPOLYLOOP((#1268,#1264,#1276,#1272));
#7571=IFCFACEOUTERBOUND(#7567,.T.);
#7574=IFCFACE((#7571));
#7578=IFCCLOSEDSHELL((#7518,#7529,#7541,#7552,#7563,#7574));
#7582=IFCFACETEDBREP(#7578);
#7585=IFCSURFACESTYLE('IfcSurfaceStyle_132',.BOTH.,(#5068));
#7587=IFCPRESENTATIONSTYLEASSIGNMENT((#7585));
#7589=IFCSURFACESTYLE('IfcSurfaceStyle_134',.BOTH.,(#5068));
#7591=IFCPRESENTATIONSTYLEASSIGNMENT((#7589));
#7593=IFCSTYLEDITEM(#7582,(#7591),'IfcStyledItem_067');
#7597=IFCPOLYLOOP((#1280,#1284,#1288,#1292));
#7601=IFCFACEOUTERBOUND(#7597,.T.);
#7604=IFCFACE((#7601));
#7608=IFCPOLYLOOP((#1284,#1280,#1296,#1300));
#7612=IFCFACEOUTERBOUND(#7608,.T.);
#7615=IFCFACE((#7612));
#7619=IFCPOLYLOOP((#1288,#1284,#1300,#1304));
#7623=IFCFACEOUTERBOUND(#7619,.T.);
#7626=IFCFACE((#7623));
#7630=IFCPOLYLOOP((#1292,#1288,#1304,#1308));
#7634=IFCFACEOUTERBOUND(#7630,.T.);
#7637=IFCFACE((#7634));
#7641=IFCPOLYLOOP((#1280,#1292,#1308,#1296));
#7645=IFCFACEOUTERBOUND(#7641,.T.);
#7648=IFCFACE((#7645));
#7652=IFCPOLYLOOP((#1300,#1296,#1308,#1304));
#7656=IFCFACEOUTERBOUND(#7652,.T.);
#7659=IFCFACE((#7656));
#7664=IFCCLOSEDSHELL((#7604,#7615,#7626,#7637,#7648,#7659));
#7668=IFCFACETEDBREP(#7664);
#7671=IFCSURFACESTYLE('IfcSurfaceStyle_126',.BOTH.,(#5068));
#7673=IFCPRESENTATIONSTYLEASSIGNMENT((#7671));
#7675=IFCSURFACESTYLE('IfcSurfaceStyle_128',.BOTH.,(#5068));
#7677=IFCPRESENTATIONSTYLEASSIGNMENT((#7675));
#7679=IFCSTYLEDITEM(#7668,(#7677),'IfcStyledItem_064');
#7683=IFCPOLYLOOP((#1312,#1316,#1320,#1324));
#7687=IFCFACEOUTERBOUND(#7683,.T.);
#7690=IFCFACE((#7687));
#7694=IFCPOLYLOOP((#1316,#1312,#1328,#1332));
#7698=IFCFACEOUTERBOUND(#7694,.T.);
#7701=IFCFACE((#7698));
#7705=IFCPOLYLOOP((#1320,#1316,#1332,#1336));
#7709=IFCFACEOUTERBOUND(#7705,.T.);
#7712=IFCFACE((#7709));
#7716=IFCPOLYLOOP((#1324,#1320,#1336,#1340));
#7720=IFCFACEOUTERBOUND(#7716,.T.);
#7723=IFCFACE((#7720));
#7727=IFCPOLYLOOP((#1312,#1324,#1340,#1328));
#7731=IFCFACEOUTERBOUND(#7727,.T.);
#7734=IFCFACE((#7731));
#7738=IFCPOLYLOOP((#1332,#1328,#1340,#1336));
#7742=IFCFACEOUTERBOUND(#7738,.T.);
#7745=IFCFACE((#7742));
#7749=IFCCLOSEDSHELL((#7690,#7701,#7712,#7723,#7734,#7745));
#7753=IFCFACETEDBREP(#7749);
#7756=IFCSURFACESTYLE('IfcSurfaceStyle_120',.BOTH.,(#5068));
#7758=IFCPRESENTATIONSTYLEASSIGNMENT((#7756));
#7760=IFCSURFACESTYLE('IfcSurfaceStyle_122',.BOTH.,(#5068));
#7762=IFCPRESENTATIONSTYLEASSIGNMENT((#7760));
#7764=IFCSTYLEDITEM(#7753,(#7762),'IfcStyledItem_061');
#7768=IFCPOLYLOOP((#1344,#1348,#1352,#1356));
#7772=IFCFACEOUTERBOUND(#7768,.T.);
#7775=IFCFACE((#7772));
#7779=IFCPOLYLOOP((#1348,#1344,#1360,#1364));
#7783=IFCFACEOUTERBOUND(#7779,.T.);
#7786=IFCFACE((#7783));
#7791=IFCPOLYLOOP((#1352,#1348,#1364,#1368));
#7795=IFCFACEOUTERBOUND(#7791,.T.);
#7798=IFCFACE((#7795));
#7802=IFCPOLYLOOP((#1356,#1352,#1368,#1372));
#7806=IFCFACEOUTERBOUND(#7802,.T.);
#7809=IFCFACE((#7806));
#7813=IFCPOLYLOOP((#1344,#1356,#1372,#1360));
#7817=IFCFACEOUTERBOUND(#7813,.T.);
#7820=IFCFACE((#7817));
#7824=IFCPOLYLOOP((#1364,#1360,#1372,#1368));
#7828=IFCFACEOUTERBOUND(#7824,.T.);
#7831=IFCFACE((#7828));
#7835=IFCCLOSEDSHELL((#7775,#7786,#7798,#7809,#7820,#7831));
#7839=IFCFACETEDBREP(#7835);
#7842=IFCSURFACESTYLE('IfcSurfaceStyle_114',.BOTH.,(#5068));
#7844=IFCPRESENTATIONSTYLEASSIGNMENT((#7842));
#7846=IFCSURFACESTYLE('IfcSurfaceStyle_116',.BOTH.,(#5068));
#7848=IFCPRESENTATIONSTYLEASSIGNMENT((#7846));
#7850=IFCSTYLEDITEM(#7839,(#7848),'IfcStyledItem_058');
#7854=IFCPOLYLOOP((#1376,#1380,#1384,#1388));
#7858=IFCFACEOUTERBOUND(#7854,.T.);
#7861=IFCFACE((#7858));
#7865=IFCPOLYLOOP((#1380,#1376,#1393,#1397));
#7869=IFCFACEOUTERBOUND(#7865,.T.);
#7872=IFCFACE((#7869));
#7876=IFCPOLYLOOP((#1384,#1380,#1397,#1401));
#7880=IFCFACEOUTERBOUND(#7876,.T.);
#7883=IFCFACE((#7880));
#7887=IFCPOLYLOOP((#1388,#1384,#1401,#1405));
#7891=IFCFACEOUTERBOUND(#7887,.T.);
#7894=IFCFACE((#7891));
#7898=IFCPOLYLOOP((#1376,#1388,#1405,#1393));
#7902=IFCFACEOUTERBOUND(#7898,.T.);
#7905=IFCFACE((#7902));
#7909=IFCPOLYLOOP((#1397,#1393,#1405,#1401));
#7913=IFCFACEOUTERBOUND(#7909,.T.);
#7916=IFCFACE((#7913));
#7921=IFCCLOSEDSHELL((#7861,#7872,#7883,#7894,#7905,#7916));
#7925=IFCFACETEDBREP(#7921);
#7928=IFCSURFACESTYLE('IfcSurfaceStyle_110',.BOTH.,(#5068));
#7930=IFCPRESENTATIONSTYLEASSIGNMENT((#7928));
#7932=IFCSURFACESTYLE('IfcSurfaceStyle_112',.BOTH.,(#5068));
#7934=IFCPRESENTATIONSTYLEASSIGNMENT((#7932));
#7936=IFCSTYLEDITEM(#7925,(#7934),'IfcStyledItem_056');
#7940=IFCPOLYLOOP((#1409,#1413,#1417,#1421));
#7944=IFCFACEOUTERBOUND(#7940,.T.);
#7947=IFCFACE((#7944));
#7951=IFCPOLYLOOP((#1413,#1409,#1425,#1429));
#7955=IFCFACEOUTERBOUND(#7951,.T.);
#7958=IFCFACE((#7955));
#7962=IFCPOLYLOOP((#1417,#1413,#1429,#1433));
#7966=IFCFACEOUTERBOUND(#7962,.T.);
#7969=IFCFACE((#7966));
#7973=IFCPOLYLOOP((#1421,#1417,#1433,#1437));
#7977=IFCFACEOUTERBOUND(#7973,.T.);
#7980=IFCFACE((#7977));
#7984=IFCPOLYLOOP((#1409,#1421,#1437,#1425));
#7988=IFCFACEOUTERBOUND(#7984,.T.);
#7991=IFCFACE((#7988));
#7995=IFCPOLYLOOP((#1429,#1425,#1437,#1433));
#7999=IFCFACEOUTERBOUND(#7995,.T.);
#8002=IFCFACE((#7999));
#8006=IFCCLOSEDSHELL((#7947,#7958,#7969,#7980,#7991,#8002));
#8010=IFCFACETEDBREP(#8006);
#8013=IFCSURFACESTYLE('IfcSurfaceStyle_100',.BOTH.,(#5068));
#8015=IFCPRESENTATIONSTYLEASSIGNMENT((#8013));
#8017=IFCSURFACESTYLE('IfcSurfaceStyle_102',.BOTH.,(#5068));
#8019=IFCPRESENTATIONSTYLEASSIGNMENT((#8017));
#8021=IFCSTYLEDITEM(#8010,(#8019),'IfcStyledItem_051');
#8025=IFCPOLYLOOP((#1441,#1445,#1449,#1453));
#8029=IFCFACEOUTERBOUND(#8025,.T.);
#8032=IFCFACE((#8029));
#8036=IFCPOLYLOOP((#1445,#1441,#1457,#1461));
#8040=IFCFACEOUTERBOUND(#8036,.T.);
#8043=IFCFACE((#8040));
#8048=IFCPOLYLOOP((#1449,#1445,#1461,#1465));
#8052=IFCFACEOUTERBOUND(#8048,.T.);
#8055=IFCFACE((#8052));
#8059=IFCPOLYLOOP((#1453,#1449,#1465,#1469));
#8063=IFCFACEOUTERBOUND(#8059,.T.);
#8066=IFCFACE((#8063));
#8070=IFCPOLYLOOP((#1441,#1453,#1469,#1457));
#8074=IFCFACEOUTERBOUND(#8070,.T.);
#8077=IFCFACE((#8074));
#8081=IFCPOLYLOOP((#1461,#1457,#1469,#1465));
#8085=IFCFACEOUTERBOUND(#8081,.T.);
#8088=IFCFACE((#8085));
#8092=IFCCLOSEDSHELL((#8032,#8043,#8055,#8066,#8077,#8088));
#8096=IFCFACETEDBREP(#8092);
#8099=IFCSURFACESTYLE('IfcSurfaceStyle_094',.BOTH.,(#5068));
#8101=IFCPRESENTATIONSTYLEASSIGNMENT((#8099));
#8103=IFCSURFACESTYLE('IfcSurfaceStyle_096',.BOTH.,(#5068));
#8105=IFCPRESENTATIONSTYLEASSIGNMENT((#8103));
#8107=IFCSTYLEDITEM(#8096,(#8105),'IfcStyledItem_048');
#8111=IFCPOLYLOOP((#1473,#1477,#1481,#1485));
#8115=IFCFACEOUTERBOUND(#8111,.T.);
#8118=IFCFACE((#8115));
#8122=IFCPOLYLOOP((#1477,#1473,#1489,#1493));
#8126=IFCFACEOUTERBOUND(#8122,.T.);
#8129=IFCFACE((#8126));
#8133=IFCPOLYLOOP((#1481,#1477,#1493,#1497));
#8137=IFCFACEOUTERBOUND(#8133,.T.);
#8140=IFCFACE((#8137));
#8144=IFCPOLYLOOP((#1485,#1481,#1497,#1501));
#8148=IFCFACEOUTERBOUND(#8144,.T.);
#8151=IFCFACE((#8148));
#8155=IFCPOLYLOOP((#1473,#1485,#1501,#1489));
#8159=IFCFACEOUTERBOUND(#8155,.T.);
#8162=IFCFACE((#8159));
#8166=IFCPOLYLOOP((#1493,#1489,#1501,#1497));
#8170=IFCFACEOUTERBOUND(#8166,.T.);
#8174=IFCFACE((#8170));
#8178=IFCCLOSEDSHELL((#8118,#8129,#8140,#8151,#8162,#8174));
#8182=IFCFACETEDBREP(#8178);
#8185=IFCSURFACESTYLE('IfcSurfaceStyle_088',.BOTH.,(#5068));
#8187=IFCPRESENTATIONSTYLEASSIGNMENT((#8185));
#8189=IFCSURFACESTYLE('IfcSurfaceStyle_090',.BOTH.,(#5068));
#8191=IFCPRESENTATIONSTYLEASSIGNMENT((#8189));
#8193=IFCSTYLEDITEM(#8182,(#8191),'IfcStyledItem_045');
#8197=IFCPOLYLOOP((#1505,#1509,#1513,#1518));
#8201=IFCFACEOUTERBOUND(#8197,.T.);
#8204=IFCFACE((#8201));
#8208=IFCPOLYLOOP((#1509,#1505,#1522,#1526));
#8212=IFCFACEOUTERBOUND(#8208,.T.);
#8215=IFCFACE((#8212));
#8219=IFCPOLYLOOP((#1513,#1509,#1526,#1530));
#8223=IFCFACEOUTERBOUND(#8219,.T.);
#8226=IFCFACE((#8223));
#8230=IFCPOLYLOOP((#1518,#1513,#1530,#1534));
#8234=IFCFACEOUTERBOUND(#8230,.T.);
#8237=IFCFACE((#8234));
#8241=IFCPOLYLOOP((#1505,#1518,#1534,#1522));
#8245=IFCFACEOUTERBOUND(#8241,.T.);
#8248=IFCFACE((#8245));
#8252=IFCPOLYLOOP((#1526,#1522,#1534,#1530));
#8256=IFCFACEOUTERBOUND(#8252,.T.);
#8259=IFCFACE((#8256));
#8263=IFCCLOSEDSHELL((#8204,#8215,#8226,#8237,#8248,#8259));
#8267=IFCFACETEDBREP(#8263);
#8270=IFCSURFACESTYLE('IfcSurfaceStyle_076',.BOTH.,(#5068));
#8272=IFCPRESENTATIONSTYLEASSIGNMENT((#8270));
#8274=IFCSURFACESTYLE('IfcSurfaceStyle_078',.BOTH.,(#5068));
#8276=IFCPRESENTATIONSTYLEASSIGNMENT((#8274));
#8278=IFCSTYLEDITEM(#8267,(#8276),'IfcStyledItem_040');
#8282=IFCPOLYLOOP((#1538,#1542,#1546,#1550));
#8286=IFCFACEOUTERBOUND(#8282,.T.);
#8289=IFCFACE((#8286));
#8293=IFCPOLYLOOP((#1542,#1538,#1554,#1558));
#8297=IFCFACEOUTERBOUND(#8293,.T.);
#8300=IFCFACE((#8297));
#8305=IFCPOLYLOOP((#1546,#1542,#1558,#1562));
#8309=IFCFACEOUTERBOUND(#8305,.T.);
#8312=IFCFACE((#8309));
#8316=IFCPOLYLOOP((#1550,#1546,#1562,#1566));
#8320=IFCFACEOUTERBOUND(#8316,.T.);
#8323=IFCFACE((#8320));
#8327=IFCPOLYLOOP((#1538,#1550,#1566,#1554));
#8331=IFCFACEOUTERBOUND(#8327,.T.);
#8334=IFCFACE((#8331));
#8338=IFCPOLYLOOP((#1558,#1554,#1566,#1562));
#8342=IFCFACEOUTERBOUND(#8338,.T.);
#8345=IFCFACE((#8342));
#8349=IFCCLOSEDSHELL((#8289,#8300,#8312,#8323,#8334,#8345));
#8353=IFCFACETEDBREP(#8349);
#8356=IFCSURFACESTYLE('IfcSurfaceStyle_070',.BOTH.,(#5068));
#8358=IFCPRESENTATIONSTYLEASSIGNMENT((#8356));
#8360=IFCSURFACESTYLE('IfcSurfaceStyle_072',.BOTH.,(#5068));
#8362=IFCPRESENTATIONSTYLEASSIGNMENT((#8360));
#8364=IFCSTYLEDITEM(#8353,(#8362),'IfcStyledItem_036');
#8368=IFCPOLYLOOP((#1570,#1574,#1578,#1582));
#8372=IFCFACEOUTERBOUND(#8368,.T.);
#8375=IFCFACE((#8372));
#8379=IFCPOLYLOOP((#1574,#1570,#1586,#1590));
#8383=IFCFACEOUTERBOUND(#8379,.T.);
#8386=IFCFACE((#8383));
#8390=IFCPOLYLOOP((#1578,#1574,#1590,#1594));
#8394=IFCFACEOUTERBOUND(#8390,.T.);
#8397=IFCFACE((#8394));
#8401=IFCPOLYLOOP((#1582,#1578,#1594,#1598));
#8405=IFCFACEOUTERBOUND(#8401,.T.);
#8408=IFCFACE((#8405));
#8412=IFCPOLYLOOP((#1570,#1582,#1598,#1586));
#8416=IFCFACEOUTERBOUND(#8412,.T.);
#8419=IFCFACE((#8416));
#8423=IFCPOLYLOOP((#1590,#1586,#1598,#1594));
#8427=IFCFACEOUTERBOUND(#8423,.T.);
#8431=IFCFACE((#8427));
#8435=IFCCLOSEDSHELL((#8375,#8386,#8397,#8408,#8419,#8431));
#8439=IFCFACETEDBREP(#8435);
#8442=IFCSURFACESTYLE('IfcSurfaceStyle_065',.BOTH.,(#5068));
#8444=IFCPRESENTATIONSTYLEASSIGNMENT((#8442));
#8446=IFCSURFACESTYLE('IfcSurfaceStyle_066',.BOTH.,(#5068));
#8448=IFCPRESENTATIONSTYLEASSIGNMENT((#8446));
#8450=IFCSTYLEDITEM(#8439,(#8448),'IfcStyledItem_033');
#8454=IFCPOLYLOOP((#1602,#1606,#1610,#1614));
#8458=IFCFACEOUTERBOUND(#8454,.T.);
#8461=IFCFACE((#8458));
#8465=IFCPOLYLOOP((#1606,#1602,#1618,#1622));
#8469=IFCFACEOUTERBOUND(#8465,.T.);
#8472=IFCFACE((#8469));
#8476=IFCPOLYLOOP((#1610,#1606,#1622,#1626));
#8480=IFCFACEOUTERBOUND(#8476,.T.);
#8483=IFCFACE((#8480));
#8487=IFCPOLYLOOP((#1614,#1610,#1626,#1630));
#8491=IFCFACEOUTERBOUND(#8487,.T.);
#8494=IFCFACE((#8491));
#8498=IFCPOLYLOOP((#1602,#1614,#1630,#1618));
#8502=IFCFACEOUTERBOUND(#8498,.T.);
#8505=IFCFACE((#8502));
#8509=IFCPOLYLOOP((#1622,#1618,#1630,#1626));
#8513=IFCFACEOUTERBOUND(#8509,.T.);
#8516=IFCFACE((#8513));
#8520=IFCCLOSEDSHELL((#8461,#8472,#8483,#8494,#8505,#8516));
#8524=IFCFACETEDBREP(#8520);
#8527=IFCSURFACESTYLE('IfcSurfaceStyle_057',.BOTH.,(#5068));
#8529=IFCPRESENTATIONSTYLEASSIGNMENT((#8527));
#8531=IFCSURFACESTYLE('IfcSurfaceStyle_058',.BOTH.,(#5068));
#8533=IFCPRESENTATIONSTYLEASSIGNMENT((#8531));
#8535=IFCSTYLEDITEM(#8524,(#8533),'IfcStyledItem_029');
#8539=IFCPOLYLOOP((#1634,#1638,#1642,#1647));
#8543=IFCFACEOUTERBOUND(#8539,.T.);
#8546=IFCFACE((#8543));
#8550=IFCPOLYLOOP((#1638,#1634,#1651,#1655));
#8554=IFCFACEOUTERBOUND(#8550,.T.);
#8558=IFCFACE((#8554));
#8562=IFCPOLYLOOP((#1642,#1638,#1655,#1659));
#8566=IFCFACEOUTERBOUND(#8562,.T.);
#8569=IFCFACE((#8566));
#8573=IFCPOLYLOOP((#1647,#1642,#1659,#1663));
#8577=IFCFACEOUTERBOUND(#8573,.T.);
#8580=IFCFACE((#8577));
#8584=IFCPOLYLOOP((#1634,#1647,#1663,#1651));
#8588=IFCFACEOUTERBOUND(#8584,.T.);
#8591=IFCFACE((#8588));
#8595=IFCPOLYLOOP((#1655,#1651,#1663,#1659));
#8599=IFCFACEOUTERBOUND(#8595,.T.);
#8602=IFCFACE((#8599));
#8606=IFCCLOSEDSHELL((#8546,#8558,#8569,#8580,#8591,#8602));
#8610=IFCFACETEDBREP(#8606);
#8613=IFCSURFACESTYLE('IfcSurfaceStyle_051',.BOTH.,(#5068));
#8615=IFCPRESENTATIONSTYLEASSIGNMENT((#8613));
#8617=IFCSURFACESTYLE('IfcSurfaceStyle_052',.BOTH.,(#5068));
#8619=IFCPRESENTATIONSTYLEASSIGNMENT((#8617));
#8621=IFCSTYLEDITEM(#8610,(#8619),'IfcStyledItem_026');
#8625=IFCPOLYLOOP((#1667,#1671,#1675,#1679));
#8629=IFCFACEOUTERBOUND(#8625,.T.);
#8632=IFCFACE((#8629));
#8636=IFCPOLYLOOP((#1671,#1667,#1683,#1687));
#8640=IFCFACEOUTERBOUND(#8636,.T.);
#8643=IFCFACE((#8640));
#8647=IFCPOLYLOOP((#1675,#1671,#1687,#1691));
#8651=IFCFACEOUTERBOUND(#8647,.T.);
#8654=IFCFACE((#8651));
#8658=IFCPOLYLOOP((#1679,#1675,#1691,#1695));
#8662=IFCFACEOUTERBOUND(#8658,.T.);
#8665=IFCFACE((#8662));
#8669=IFCPOLYLOOP((#1667,#1679,#1695,#1683));
#8673=IFCFACEOUTERBOUND(#8669,.T.);
#8676=IFCFACE((#8673));
#8680=IFCPOLYLOOP((#1687,#1683,#1695,#1691));
#8684=IFCFACEOUTERBOUND(#8680,.T.);
#8688=IFCFACE((#8684));
#8692=IFCCLOSEDSHELL((#8632,#8643,#8654,#8665,#8676,#8688));
#8696=IFCFACETEDBREP(#8692);
#8699=IFCSURFACESTYLE('IfcSurfaceStyle_047',.BOTH.,(#5068));
#8701=IFCPRESENTATIONSTYLEASSIGNMENT((#8699));
#8703=IFCSURFACESTYLE('IfcSurfaceStyle_048',.BOTH.,(#5068));
#8705=IFCPRESENTATIONSTYLEASSIGNMENT((#8703));
#8707=IFCSTYLEDITEM(#8696,(#8705),'IfcStyledItem_024');
#8711=IFCPOLYLOOP((#1699,#1703,#1707,#1711));
#8715=IFCFACEOUTERBOUND(#8711,.T.);
#8718=IFCFACE((#8715));
#8722=IFCPOLYLOOP((#1703,#1699,#1715,#1719));
#8726=IFCFACEOUTERBOUND(#8722,.T.);
#8729=IFCFACE((#8726));
#8733=IFCPOLYLOOP((#1707,#1703,#1719,#1723));
#8737=IFCFACEOUTERBOUND(#8733,.T.);
#8740=IFCFACE((#8737));
#8744=IFCPOLYLOOP((#1711,#1707,#1723,#1727));
#8748=IFCFACEOUTERBOUND(#8744,.T.);
#8751=IFCFACE((#8748));
#8755=IFCPOLYLOOP((#1699,#1711,#1727,#1715));
#8759=IFCFACEOUTERBOUND(#8755,.T.);
#8762=IFCFACE((#8759));
#8766=IFCPOLYLOOP((#1719,#1715,#1727,#1723));
#8770=IFCFACEOUTERBOUND(#8766,.T.);
#8773=IFCFACE((#8770));
#8777=IFCCLOSEDSHELL((#8718,#8729,#8740,#8751,#8762,#8773));
#8781=IFCFACETEDBREP(#8777);
#8784=IFCSURFACESTYLE('IfcSurfaceStyle_033',.BOTH.,(#5068));
#8786=IFCPRESENTATIONSTYLEASSIGNMENT((#8784));
#8788=IFCSURFACESTYLE('IfcSurfaceStyle_034',.BOTH.,(#5068));
#8790=IFCPRESENTATIONSTYLEASSIGNMENT((#8788));
#8792=IFCSTYLEDITEM(#8781,(#8790),'IfcStyledItem_017');
#8796=IFCPOLYLOOP((#1731,#1735,#1739,#1743));
#8800=IFCFACEOUTERBOUND(#8796,.T.);
#8803=IFCFACE((#8800));
#8807=IFCPOLYLOOP((#1735,#1731,#1747,#1751));
#8811=IFCFACEOUTERBOUND(#8807,.T.);
#8815=IFCFACE((#8811));
#8819=IFCPOLYLOOP((#1739,#1735,#1751,#1755));
#8823=IFCFACEOUTERBOUND(#8819,.T.);
#8826=IFCFACE((#8823));
#8830=IFCPOLYLOOP((#1743,#1739,#1755,#1759));
#8834=IFCFACEOUTERBOUND(#8830,.T.);
#8837=IFCFACE((#8834));
#8841=IFCPOLYLOOP((#1731,#1743,#1759,#1747));
#8845=IFCFACEOUTERBOUND(#8841,.T.);
#8848=IFCFACE((#8845));
#8852=IFCPOLYLOOP((#1751,#1747,#1759,#1755));
#8856=IFCFACEOUTERBOUND(#8852,.T.);
#8859=IFCFACE((#8856));
#8863=IFCCLOSEDSHELL((#8803,#8815,#8826,#8837,#8848,#8859));
#8867=IFCFACETEDBREP(#8863);
#8870=IFCSURFACESTYLE('IfcSurfaceStyle_031',.BOTH.,(#5068));
#8872=IFCPRESENTATIONSTYLEASSIGNMENT((#8870));
#8874=IFCSURFACESTYLE('IfcSurfaceStyle_032',.BOTH.,(#5068));
#8876=IFCPRESENTATIONSTYLEASSIGNMENT((#8874));
#8878=IFCSTYLEDITEM(#8867,(#8876),'IfcStyledItem_016');
#8882=IFCPOLYLOOP((#1763,#1767,#1771,#1776));
#8886=IFCFACEOUTERBOUND(#8882,.T.);
#8889=IFCFACE((#8886));
#8893=IFCPOLYLOOP((#1763,#1780,#1784,#1767));
#8897=IFCFACEOUTERBOUND(#8893,.T.);
#8900=IFCPOLYLOOP((#1788,#1792,#1796,#1800));
#8904=IFCFACEBOUND(#8900,.T.);
#8907=IFCFACE((#8897,#8904));
#8911=IFCPOLYLOOP((#1767,#1784,#1804,#1771));
#8915=IFCFACEOUTERBOUND(#8911,.T.);
#8918=IFCFACE((#8915));
#8922=IFCPOLYLOOP((#1776,#1771,#1804,#1808));
#8926=IFCFACEOUTERBOUND(#8922,.T.);
#8929=IFCPOLYLOOP((#1812,#1816,#1820,#1824));
#8933=IFCFACEBOUND(#8929,.T.);
#8936=IFCFACE((#8926,#8933));
#8940=IFCPOLYLOOP((#1780,#1763,#1776,#1808));
#8945=IFCFACEOUTERBOUND(#8940,.T.);
#8948=IFCFACE((#8945));
#8952=IFCPOLYLOOP((#1784,#1780,#1808,#1804));
#8956=IFCFACEOUTERBOUND(#8952,.T.);
#8959=IFCFACE((#8956));
#8963=IFCPOLYLOOP((#1792,#1788,#1812,#1824));
#8967=IFCFACEOUTERBOUND(#8963,.T.);
#8970=IFCFACE((#8967));
#8974=IFCPOLYLOOP((#1796,#1792,#1824,#1820));
#8978=IFCFACEOUTERBOUND(#8974,.T.);
#8981=IFCFACE((#8978));
#8985=IFCPOLYLOOP((#1800,#1796,#1820,#1816));
#8989=IFCFACEOUTERBOUND(#8985,.T.);
#8992=IFCFACE((#8989));
#8996=IFCPOLYLOOP((#1788,#1800,#1816,#1812));
#9000=IFCFACEOUTERBOUND(#8996,.T.);
#9003=IFCFACE((#9000));
#9007=IFCCLOSEDSHELL((#8889,#8907,#8918,#8936,#8948,#8959,#8970,#8981,#8992,#9003));
#9011=IFCFACETEDBREP(#9007);
#9014=IFCCOLOURRGB('IfcColourRgb_001',0.64802013999999997,0.63831539999999998,0.57413596);
#9015=IFCSURFACESTYLERENDERING(#9014,0.,IFCNORMALISEDRATIOMEASURE(0.),$,$,$,IFCNORMALISEDRATIOMEASURE(0.),$,.NOTDEFINED.);
#9016=IFCSURFACESTYLE('IfcSurfaceStyle_020',.BOTH.,(#9015));
#9018=IFCPRESENTATIONSTYLEASSIGNMENT((#9016));
#9020=IFCSURFACESTYLE('IfcSurfaceStyle_022',.BOTH.,(#9015));
#9022=IFCPRESENTATIONSTYLEASSIGNMENT((#9020));
#9024=IFCSTYLEDITEM(#9011,(#9022),'IfcStyledItem_011');
#9028=IFCPOLYLOOP((#1828,#1832,#1836,#1840));
#9032=IFCFACEOUTERBOUND(#9028,.T.);
#9035=IFCFACE((#9032));
#9039=IFCPOLYLOOP((#1828,#1844,#1848,#1832));
#9043=IFCFACEOUTERBOUND(#9039,.T.);
#9046=IFCFACE((#9043));
#9050=IFCPOLYLOOP((#1832,#1848,#1852,#1836));
#9054=IFCFACEOUTERBOUND(#9050,.T.);
#9057=IFCFACE((#9054));
#9061=IFCPOLYLOOP((#1840,#1836,#1852,#1856));
#9065=IFCFACEOUTERBOUND(#9061,.T.);
#9068=IFCFACE((#9065));
#9073=IFCPOLYLOOP((#1844,#1828,#1840,#1856));
#9077=IFCFACEOUTERBOUND(#9073,.T.);
#9080=IFCFACE((#9077));
#9084=IFCPOLYLOOP((#1848,#1844,#1856,#1852));
#9088=IFCFACEOUTERBOUND(#9084,.T.);
#9091=IFCFACE((#9088));
#9095=IFCCLOSEDSHELL((#9035,#9046,#9057,#9068,#9080,#9091));
#9099=IFCFACETEDBREP(#9095);
#9102=IFCSURFACESTYLE('IfcSurfaceStyle_010',.BOTH.,(#5068));
#9104=IFCPRESENTATIONSTYLEASSIGNMENT((#9102));
#9106=IFCSURFACESTYLE('IfcSurfaceStyle_011',.BOTH.,(#5068));
#9108=IFCPRESENTATIONSTYLEASSIGNMENT((#9106));
#9110=IFCSTYLEDITEM(#9099,(#9108),'IfcStyledItem_006');
#9114=IFCPOLYLOOP((#1860,#1864,#1868,#1872));
#9118=IFCFACEOUTERBOUND(#9114,.T.);
#9121=IFCFACE((#9118));
#9125=IFCPOLYLOOP((#1860,#1876,#1880,#1864));
#9129=IFCFACEOUTERBOUND(#9125,.T.);
#9132=IFCFACE((#9129));
#9136=IFCPOLYLOOP((#1864,#1880,#1884,#1868));
#9140=IFCFACEOUTERBOUND(#9136,.T.);
#9143=IFCFACE((#9140));
#9147=IFCPOLYLOOP((#1872,#1868,#1884,#1888));
#9151=IFCFACEOUTERBOUND(#9147,.T.);
#9154=IFCFACE((#9151));
#9158=IFCPOLYLOOP((#1876,#1860,#1872,#1888));
#9162=IFCFACEOUTERBOUND(#9158,.T.);
#9165=IFCFACE((#9162));
#9169=IFCPOLYLOOP((#1880,#1876,#1888,#1884));
#9173=IFCFACEOUTERBOUND(#9169,.T.);
#9176=IFCFACE((#9173));
#9180=IFCCLOSEDSHELL((#9121,#9132,#9143,#9154,#9165,#9176));
#9184=IFCFACETEDBREP(#9180);
#9187=IFCSURFACESTYLE('IfcSurfaceStyle_002',.BOTH.,(#5068));
#9189=IFCPRESENTATIONSTYLEASSIGNMENT((#9187));
#9191=IFCSURFACESTYLE('IfcSurfaceStyle_003',.BOTH.,(#5068));
#9193=IFCPRESENTATIONSTYLEASSIGNMENT((#9191));
#9195=IFCSTYLEDITEM(#9184,(#9193),'IfcStyledItem_002');
#9200=IFCPOLYLOOP((#1892,#1896,#1900,#1905));
#9204=IFCFACEOUTERBOUND(#9200,.T.);
#9207=IFCFACE((#9204));
#9211=IFCPOLYLOOP((#1892,#1909,#1913,#1896));
#9215=IFCFACEOUTERBOUND(#9211,.T.);
#9218=IFCFACE((#9215));
#9222=IFCPOLYLOOP((#1896,#1913,#1917,#1900));
#9226=IFCFACEOUTERBOUND(#9222,.T.);
#9229=IFCFACE((#9226));
#9233=IFCPOLYLOOP((#1905,#1900,#1917,#1921));
#9237=IFCFACEOUTERBOUND(#9233,.T.);
#9240=IFCFACE((#9237));
#9244=IFCPOLYLOOP((#1909,#1892,#1905,#1921));
#9248=IFCFACEOUTERBOUND(#9244,.T.);
#9251=IFCFACE((#9248));
#9255=IFCPOLYLOOP((#1913,#1909,#1921,#1917));
#9259=IFCFACEOUTERBOUND(#9255,.T.);
#9262=IFCFACE((#9259));
#9266=IFCCLOSEDSHELL((#9207,#9218,#9229,#9240,#9251,#9262));
#9270=IFCFACETEDBREP(#9266);
#9273=IFCSURFACESTYLE('IfcSurfaceStyle_248',.BOTH.,(#5068));
#9275=IFCPRESENTATIONSTYLEASSIGNMENT((#9273));
#9277=IFCSURFACESTYLE('IfcSurfaceStyle_249',.BOTH.,(#5068));
#9279=IFCPRESENTATIONSTYLEASSIGNMENT((#9277));
#9281=IFCSTYLEDITEM(#9270,(#9279),'IfcStyledItem_124');
#9285=IFCPOLYLOOP((#1925,#1929,#1933,#1937));
#9289=IFCFACEOUTERBOUND(#9285,.T.);
#9292=IFCFACE((#9289));
#9296=IFCPOLYLOOP((#1925,#1941,#1945,#1929));
#9300=IFCFACEOUTERBOUND(#9296,.T.);
#9303=IFCFACE((#9300));
#9307=IFCPOLYLOOP((#1929,#1945,#1949,#1933));
#9311=IFCFACEOUTERBOUND(#9307,.T.);
#9314=IFCFACE((#9311));
#9318=IFCPOLYLOOP((#1937,#1933,#1949,#1953));
#9322=IFCFACEOUTERBOUND(#9318,.T.);
#9326=IFCFACE((#9322));
#9330=IFCPOLYLOOP((#1941,#1925,#1937,#1953));
#9334=IFCFACEOUTERBOUND(#9330,.T.);
#9337=IFCFACE((#9334));
#9341=IFCPOLYLOOP((#1945,#1941,#1953,#1949));
#9345=IFCFACEOUTERBOUND(#9341,.T.);
#9348=IFCFACE((#9345));
#9352=IFCCLOSEDSHELL((#9292,#9303,#9314,#9326,#9337,#9348));
#9356=IFCFACETEDBREP(#9352);
#9359=IFCSURFACESTYLE('IfcSurfaceStyle_236',.BOTH.,(#5068));
#9361=IFCPRESENTATIONSTYLEASSIGNMENT((#9359));
#9363=IFCSURFACESTYLE('IfcSurfaceStyle_237',.BOTH.,(#5068));
#9365=IFCPRESENTATIONSTYLEASSIGNMENT((#9363));
#9367=IFCSTYLEDITEM(#9356,(#9365),'IfcStyledItem_118');
#9371=IFCPOLYLOOP((#1957,#1961,#1965,#1969));
#9375=IFCFACEOUTERBOUND(#9371,.T.);
#9378=IFCFACE((#9375));
#9382=IFCPOLYLOOP((#1957,#1973,#1977,#1961));
#9386=IFCFACEOUTERBOUND(#9382,.T.);
#9389=IFCFACE((#9386));
#9393=IFCPOLYLOOP((#1961,#1977,#1981,#1965));
#9397=IFCFACEOUTERBOUND(#9393,.T.);
#9400=IFCFACE((#9397));
#9404=IFCPOLYLOOP((#1969,#1965,#1981,#1985));
#9408=IFCFACEOUTERBOUND(#9404,.T.);
#9411=IFCFACE((#9408));
#9415=IFCPOLYLOOP((#1973,#1957,#1969,#1985));
#9419=IFCFACEOUTERBOUND(#9415,.T.);
#9422=IFCFACE((#9419));
#9426=IFCPOLYLOOP((#1977,#1973,#1985,#1981));
#9430=IFCFACEOUTERBOUND(#9426,.T.);
#9433=IFCFACE((#9430));
#9437=IFCCLOSEDSHELL((#9378,#9389,#9400,#9411,#9422,#9433));
#9441=IFCFACETEDBREP(#9437);
#9444=IFCSURFACESTYLE('IfcSurfaceStyle_232',.BOTH.,(#5068));
#9446=IFCPRESENTATIONSTYLEASSIGNMENT((#9444));
#9448=IFCSURFACESTYLE('IfcSurfaceStyle_233',.BOTH.,(#5068));
#9450=IFCPRESENTATIONSTYLEASSIGNMENT((#9448));
#9452=IFCSTYLEDITEM(#9441,(#9450),'IfcStyledItem_117');
#9457=IFCPOLYLOOP((#1989,#1993,#1997,#2001));
#9461=IFCFACEOUTERBOUND(#9457,.T.);
#9464=IFCFACE((#9461));
#9468=IFCPOLYLOOP((#1989,#2005,#2009,#1993));
#9472=IFCFACEOUTERBOUND(#9468,.T.);
#9475=IFCFACE((#9472));
#9479=IFCPOLYLOOP((#1993,#2009,#2013,#1997));
#9483=IFCFACEOUTERBOUND(#9479,.T.);
#9486=IFCFACE((#9483));
#9490=IFCPOLYLOOP((#2001,#1997,#2013,#2017));
#9494=IFCFACEOUTERBOUND(#9490,.T.);
#9497=IFCFACE((#9494));
#9501=IFCPOLYLOOP((#2005,#1989,#2001,#2017));
#9505=IFCFACEOUTERBOUND(#9501,.T.);
#9508=IFCFACE((#9505));
#9512=IFCPOLYLOOP((#2009,#2005,#2017,#2013));
#9516=IFCFACEOUTERBOUND(#9512,.T.);
#9519=IFCFACE((#9516));
#9523=IFCCLOSEDSHELL((#9464,#9475,#9486,#9497,#9508,#9519));
#9527=IFCFACETEDBREP(#9523);
#9530=IFCSURFACESTYLE('IfcSurfaceStyle_226',.BOTH.,(#5068));
#9532=IFCPRESENTATIONSTYLEASSIGNMENT((#9530));
#9534=IFCSURFACESTYLE('IfcSurfaceStyle_227',.BOTH.,(#5068));
#9536=IFCPRESENTATIONSTYLEASSIGNMENT((#9534));
#9538=IFCSTYLEDITEM(#9527,(#9536),'IfcStyledItem_113');
#9542=IFCPOLYLOOP((#2021,#2025,#2030,#2034));
#9546=IFCFACEOUTERBOUND(#9542,.T.);
#9549=IFCFACE((#9546));
#9553=IFCPOLYLOOP((#2021,#2038,#2042,#2025));
#9557=IFCFACEOUTERBOUND(#9553,.T.);
#9560=IFCFACE((#9557));
#9564=IFCPOLYLOOP((#2025,#2042,#2046,#2030));
#9568=IFCFACEOUTERBOUND(#9564,.T.);
#9571=IFCFACE((#9568));
#9575=IFCPOLYLOOP((#2034,#2030,#2046,#2050));
#9579=IFCFACEOUTERBOUND(#9575,.T.);
#9583=IFCFACE((#9579));
#9587=IFCPOLYLOOP((#2038,#2021,#2034,#2050));
#9591=IFCFACEOUTERBOUND(#9587,.T.);
#9594=IFCFACE((#9591));
#9598=IFCPOLYLOOP((#2042,#2038,#2050,#2046));
#9602=IFCFACEOUTERBOUND(#9598,.T.);
#9605=IFCFACE((#9602));
#9609=IFCCLOSEDSHELL((#9549,#9560,#9571,#9583,#9594,#9605));
#9613=IFCFACETEDBREP(#9609);
#9616=IFCSURFACESTYLE('IfcSurfaceStyle_212',.BOTH.,(#5068));
#9618=IFCPRESENTATIONSTYLEASSIGNMENT((#9616));
#9620=IFCSURFACESTYLE('IfcSurfaceStyle_213',.BOTH.,(#5068));
#9622=IFCPRESENTATIONSTYLEASSIGNMENT((#9620));
#9624=IFCSTYLEDITEM(#9613,(#9622),'IfcStyledItem_106');
#9628=IFCPOLYLOOP((#2054,#2058,#2062,#2066));
#9632=IFCFACEOUTERBOUND(#9628,.T.);
#9635=IFCFACE((#9632));
#9639=IFCPOLYLOOP((#2054,#2070,#2074,#2058));
#9643=IFCFACEOUTERBOUND(#9639,.T.);
#9646=IFCFACE((#9643));
#9650=IFCPOLYLOOP((#2058,#2074,#2078,#2062));
#9654=IFCFACEOUTERBOUND(#9650,.T.);
#9657=IFCFACE((#9654));
#9661=IFCPOLYLOOP((#2066,#2062,#2078,#2082));
#9665=IFCFACEOUTERBOUND(#9661,.T.);
#9668=IFCFACE((#9665));
#9672=IFCPOLYLOOP((#2070,#2054,#2066,#2082));
#9676=IFCFACEOUTERBOUND(#9672,.T.);
#9679=IFCFACE((#9676));
#9683=IFCPOLYLOOP((#2074,#2070,#2082,#2078));
#9687=IFCFACEOUTERBOUND(#9683,.T.);
#9690=IFCFACE((#9687));
#9694=IFCCLOSEDSHELL((#9635,#9646,#9657,#9668,#9679,#9690));
#9698=IFCFACETEDBREP(#9694);
#9701=IFCSURFACESTYLE('IfcSurfaceStyle_209',.BOTH.,(#5068));
#9703=IFCPRESENTATIONSTYLEASSIGNMENT((#9701));
#9705=IFCSURFACESTYLE('IfcSurfaceStyle_210',.BOTH.,(#5068));
#9707=IFCPRESENTATIONSTYLEASSIGNMENT((#9705));
#9710=IFCSTYLEDITEM(#9698,(#9707),'IfcStyledItem_105');
#9714=IFCPOLYLOOP((#2086,#2090,#2094,#2098));
#9718=IFCFACEOUTERBOUND(#9714,.T.);
#9721=IFCFACE((#9718));
#9725=IFCPOLYLOOP((#2090,#2086,#2102,#2106));
#9729=IFCFACEOUTERBOUND(#9725,.T.);
#9732=IFCFACE((#9729));
#9736=IFCPOLYLOOP((#2094,#2090,#2106,#2110));
#9740=IFCFACEOUTERBOUND(#9736,.T.);
#9743=IFCFACE((#9740));
#9747=IFCPOLYLOOP((#2098,#2094,#2110,#2114));
#9751=IFCFACEOUTERBOUND(#9747,.T.);
#9754=IFCFACE((#9751));
#9758=IFCPOLYLOOP((#2086,#2098,#2114,#2102));
#9762=IFCFACEOUTERBOUND(#9758,.T.);
#9765=IFCFACE((#9762));
#9769=IFCPOLYLOOP((#2106,#2102,#2114,#2110));
#9773=IFCFACEOUTERBOUND(#9769,.T.);
#9776=IFCFACE((#9773));
#9780=IFCCLOSEDSHELL((#9721,#9732,#9743,#9754,#9765,#9776));
#9784=IFCFACETEDBREP(#9780);
#9787=IFCSURFACESTYLE('IfcSurfaceStyle_203',.BOTH.,(#9015));
#9789=IFCPRESENTATIONSTYLEASSIGNMENT((#9787));
#9791=IFCSURFACESTYLE('IfcSurfaceStyle_204',.BOTH.,(#9015));
#9793=IFCPRESENTATIONSTYLEASSIGNMENT((#9791));
#9795=IFCSTYLEDITEM(#9784,(#9793),'IfcStyledItem_102');
#9799=IFCPOLYLOOP((#2118,#2122,#2126,#2130));
#9803=IFCFACEOUTERBOUND(#9799,.T.);
#9806=IFCFACE((#9803));
#9810=IFCPOLYLOOP((#2118,#2134,#2138,#2122));
#9814=IFCFACEOUTERBOUND(#9810,.T.);
#9817=IFCPOLYLOOP((#2142,#2146,#2150,#2154));
#9821=IFCFACEBOUND(#9817,.T.);
#9824=IFCFACE((#9814,#9821));
#9828=IFCPOLYLOOP((#2122,#2138,#2159,#2126));
#9832=IFCFACEOUTERBOUND(#9828,.T.);
#9835=IFCFACE((#9832));
#9840=IFCPOLYLOOP((#2130,#2126,#2159,#2163));
#9844=IFCFACEOUTERBOUND(#9840,.T.);
#9847=IFCPOLYLOOP((#2167,#2171,#2175,#2179));
#9851=IFCFACEBOUND(#9847,.T.);
#9854=IFCFACE((#9844,#9851));
#9858=IFCPOLYLOOP((#2134,#2118,#2130,#2163));
#9862=IFCFACEOUTERBOUND(#9858,.T.);
#9865=IFCFACE((#9862));
#9869=IFCPOLYLOOP((#2138,#2134,#2163,#2159));
#9873=IFCFACEOUTERBOUND(#9869,.T.);
#9876=IFCFACE((#9873));
#9880=IFCPOLYLOOP((#2146,#2142,#2167,#2179));
#9884=IFCFACEOUTERBOUND(#9880,.T.);
#9887=IFCFACE((#9884));
#9891=IFCPOLYLOOP((#2150,#2146,#2179,#2175));
#9895=IFCFACEOUTERBOUND(#9891,.T.);
#9898=IFCFACE((#9895));
#9902=IFCPOLYLOOP((#2154,#2150,#2175,#2171));
#9906=IFCFACEOUTERBOUND(#9902,.T.);
#9909=IFCFACE((#9906));
#9913=IFCPOLYLOOP((#2142,#2154,#2171,#2167));
#9917=IFCFACEOUTERBOUND(#9913,.T.);
#9920=IFCFACE((#9917));
#9924=IFCCLOSEDSHELL((#9806,#9824,#9835,#9854,#9865,#9876,#9887,#9898,#9909,#9920));
#9928=IFCFACETEDBREP(#9924);
#9931=IFCSURFACESTYLE('IfcSurfaceStyle_190',.BOTH.,(#9015));
#10115=IFCPOLYLOOP((#2247,#2251,#2255,#2259));
#10119=IFCFACEOUTERBOUND(#10115,.T.);
#10122=IFCFACE((#10119));
#10126=IFCPOLYLOOP((#2247,#2263,#2267,#2251));
#10130=IFCFACEOUTERBOUND(#10126,.T.);
#10133=IFCFACE((#10130));
#10137=IFCPOLYLOOP((#2251,#2267,#2271,#2255));
#10141=IFCFACEOUTERBOUND(#10137,.T.);
#10144=IFCFACE((#10141));
#10148=IFCPOLYLOOP((#2259,#2255,#2271,#2275));
#10152=IFCFACEOUTERBOUND(#10148,.T.);
#10155=IFCFACE((#10152));
#10159=IFCPOLYLOOP((#2263,#2247,#2259,#2275));
#10163=IFCFACEOUTERBOUND(#10159,.T.);
#10166=IFCFACE((#10163));
#10170=IFCPOLYLOOP((#2267,#2263,#2275,#2271));
#10174=IFCFACEOUTERBOUND(#10170,.T.);
#10177=IFCFACE((#10174));
#10181=IFCCLOSEDSHELL((#10122,#10133,#10144,#10155,#10166,#10177));
#10185=IFCFACETEDBREP(#10181);
#10188=IFCSURFACESTYLE('IfcSurfaceStyle_170',.BOTH.,(#5068));
#10190=IFCPRESENTATIONSTYLEASSIGNMENT((#10188));
#10192=IFCSURFACESTYLE('IfcSurfaceStyle_171',.BOTH.,(#5068));
#10194=IFCPRESENTATIONSTYLEASSIGNMENT((#10192));
#10196=IFCSTYLEDITEM(#10185,(#10194),'IfcStyledItem_086');
#10200=IFCPOLYLOOP((#2279,#2283,#2288,#2292));
#10204=IFCFACEOUTERBOUND(#10200,.T.);
#10207=IFCFACE((#10204));
#10211=IFCPOLYLOOP((#2279,#2296,#2300,#2283));
#10215=IFCFACEOUTERBOUND(#10211,.T.);
#10218=IFCFACE((#10215));
#10223=IFCPOLYLOOP((#2283,#2300,#2304,#2288));
#10227=IFCFACEOUTERBOUND(#10223,.T.);
#10230=IFCFACE((#10227));
#10234=IFCPOLYLOOP((#2292,#2288,#2304,#2308));
#10238=IFCFACEOUTERBOUND(#10234,.T.);
#10241=IFCFACE((#10238));
#10245=IFCPOLYLOOP((#2296,#2279,#2292,#2308));
#10249=IFCFACEOUTERBOUND(#10245,.T.);
#10252=IFCFACE((#10249));
#10256=IFCPOLYLOOP((#2300,#2296,#2308,#2304));
#10260=IFCFACEOUTERBOUND(#10256,.T.);
#10263=IFCFACE((#10260));
#10267=IFCCLOSEDSHELL((#10207,#10218,#10230,#10241,#10252,#10263));
#10271=IFCFACETEDBREP(#10267);
#10274=IFCSURFACESTYLE('IfcSurfaceStyle_166',.BOTH.,(#5068));
#10276=IFCPRESENTATIONSTYLEASSIGNMENT((#10274));
#10278=IFCSURFACESTYLE('IfcSurfaceStyle_167',.BOTH.,(#5068));
#10280=IFCPRESENTATIONSTYLEASSIGNMENT((#10278));
#10282=IFCSTYLEDITEM(#10271,(#10280),'IfcStyledItem_084');
#10286=IFCPOLYLOOP((#2312,#2316,#2320,#2324));
#10290=IFCFACEOUTERBOUND(#10286,.T.);
#10293=IFCFACE((#10290));
#10297=IFCPOLYLOOP((#2312,#2328,#2332,#2316));
#10301=IFCFACEOUTERBOUND(#10297,.T.);
#10304=IFCFACE((#10301));
#10308=IFCPOLYLOOP((#2316,#2332,#2336,#2320));
#10312=IFCFACEOUTERBOUND(#10308,.T.);
#10315=IFCFACE((#10312));
#10319=IFCPOLYLOOP((#2324,#2320,#2336,#2340));
#10323=IFCFACEOUTERBOUND(#10319,.T.);
#10326=IFCFACE((#10323));
#10330=IFCPOLYLOOP((#2328,#2312,#2324,#2340));
#10334=IFCFACEOUTERBOUND(#10330,.T.);
#10337=IFCFACE((#10334));
#10341=IFCPOLYLOOP((#2332,#2328,#2340,#2336));
#10345=IFCFACEOUTERBOUND(#10341,.T.);
#10348=IFCFACE((#10345));
#10353=IFCCLOSEDSHELL((#10293,#10304,#10315,#10326,#10337,#10348));
#10357=IFCFACETEDBREP(#10353);
#10360=IFCSURFACESTYLE('IfcSurfaceStyle_161',.BOTH.,(#5068));
#10362=IFCPRESENTATIONSTYLEASSIGNMENT((#10360));
#10364=IFCSURFACESTYLE('IfcSurfaceStyle_162',.BOTH.,(#5068));
#10366=IFCPRESENTATIONSTYLEASSIGNMENT((#10364));
#10368=IFCSTYLEDITEM(#10357,(#10366),'IfcStyledItem_081');
#10372=IFCPOLYLOOP((#2344,#2348,#2352,#2356));
#10376=IFCFACEOUTERBOUND(#10372,.T.);
#10379=IFCFACE((#10376));
#10383=IFCPOLYLOOP((#2344,#2360,#2364,#2348));
#10387=IFCFACEOUTERBOUND(#10383,.T.);
#10390=IFCFACE((#10387));
#10394=IFCPOLYLOOP((#2348,#2364,#2368,#2352));
#10398=IFCFACEOUTERBOUND(#10394,.T.);
#10401=IFCFACE((#10398));
#10405=IFCPOLYLOOP((#2356,#2352,#2368,#2372));
#10409=IFCFACEOUTERBOUND(#10405,.T.);
#10412=IFCFACE((#10409));
#10416=IFCPOLYLOOP((#2360,#2344,#2356,#2372));
#10420=IFCFACEOUTERBOUND(#10416,.T.);
#10423=IFCFACE((#10420));
#10427=IFCPOLYLOOP((#2364,#2360,#2372,#2368));
#10431=IFCFACEOUTERBOUND(#10427,.T.);
#10434=IFCFACE((#10431));
#10438=IFCCLOSEDSHELL((#10379,#10390,#10401,#10412,#10423,#10434));
#10442=IFCFACETEDBREP(#10438);
#10445=IFCSURFACESTYLE('IfcSurfaceStyle_146',.BOTH.,(#5068));
#10447=IFCPRESENTATIONSTYLEASSIGNMENT((#10445));
#10449=IFCSURFACESTYLE('IfcSurfaceStyle_147',.BOTH.,(#5068));
#10451=IFCPRESENTATIONSTYLEASSIGNMENT((#10449));
#10453=IFCSTYLEDITEM(#10442,(#10451),'IfcStyledItem_074');
#10457=IFCPOLYLOOP((#2376,#2380,#2384,#2388));
#10461=IFCFACEOUTERBOUND(#10457,.T.);
#10464=IFCFACE((#10461));
#10468=IFCPOLYLOOP((#2376,#2392,#2396,#2380));
#10472=IFCFACEOUTERBOUND(#10468,.T.);
#10475=IFCFACE((#10472));
#10480=IFCPOLYLOOP((#2380,#2396,#2400,#2384));
#10484=IFCFACEOUTERBOUND(#10480,.T.);
#10487=IFCFACE((#10484));
#10491=IFCPOLYLOOP((#2388,#2384,#2400,#2404));
#10495=IFCFACEOUTERBOUND(#10491,.T.);
#10498=IFCFACE((#10495));
#10502=IFCPOLYLOOP((#2392,#2376,#2388,#2404));
#10506=IFCFACEOUTERBOUND(#10502,.T.);
#10509=IFCFACE((#10506));
#10513=IFCPOLYLOOP((#2396,#2392,#2404,#2400));
#10517=IFCFACEOUTERBOUND(#10513,.T.);
#10520=IFCFACE((#10517));
#10524=IFCCLOSEDSHELL((#10464,#10475,#10487,#10498,#10509,#10520));
#10528=IFCFACETEDBREP(#10524);
#10531=IFCSURFACESTYLE('IfcSurfaceStyle_142',.BOTH.,(#5068));
#10533=IFCPRESENTATIONSTYLEASSIGNMENT((#10531));
#10535=IFCSURFACESTYLE('IfcSurfaceStyle_143',.BOTH.,(#5068));
#10537=IFCPRESENTATIONSTYLEASSIGNMENT((#10535));
#10539=IFCSTYLEDITEM(#10528,(#10537),'IfcStyledItem_072');
#10543=IFCPOLYLOOP((#2408,#2412,#2417,#2421));
#10547=IFCFACEOUTERBOUND(#10543,.T.);
#10550=IFCFACE((#10547));
#10554=IFCPOLYLOOP((#2408,#2425,#2429,#2412));
#10558=IFCFACEOUTERBOUND(#10554,.T.);
#10561=IFCFACE((#10558));
#10565=IFCPOLYLOOP((#2412,#2429,#2433,#2417));
#10569=IFCFACEOUTERBOUND(#10565,.T.);
#10572=IFCFACE((#10569));
#10576=IFCPOLYLOOP((#2421,#2417,#2433,#2437));
#10580=IFCFACEOUTERBOUND(#10576,.T.);
#10583=IFCFACE((#10580));
#10587=IFCPOLYLOOP((#2425,#2408,#2421,#2437));
#10591=IFCFACEOUTERBOUND(#10587,.T.);
#10594=IFCFACE((#10591));
#10598=IFCPOLYLOOP((#2429,#2425,#2437,#2433));
#10602=IFCFACEOUTERBOUND(#10598,.T.);
#10606=IFCFACE((#10602));
#10610=IFCCLOSEDSHELL((#10550,#10561,#10572,#10583,#10594,#10606));
#10614=IFCFACETEDBREP(#10610);
#10617=IFCSURFACESTYLE('IfcSurfaceStyle_137',.BOTH.,(#5068));
#10619=IFCPRESENTATIONSTYLEASSIGNMENT((#10617));
#10621=IFCSURFACESTYLE('IfcSurfaceStyle_138',.BOTH.,(#5068));
#10623=IFCPRESENTATIONSTYLEASSIGNMENT((#10621));
#10625=IFCSTYLEDITEM(#10614,(#10623),'IfcStyledItem_069');
#10629=IFCPOLYLOOP((#2441,#2445,#2449,#2453));
#10633=IFCFACEOUTERBOUND(#10629,.T.);
#10636=IFCFACE((#10633));
#10640=IFCPOLYLOOP((#2445,#2441,#2457,#2461));
#10644=IFCFACEOUTERBOUND(#10640,.T.);
#10647=IFCFACE((#10644));
#10651=IFCPOLYLOOP((#2449,#2445,#2461,#2465));
#10655=IFCFACEOUTERBOUND(#10651,.T.);
#10658=IFCFACE((#10655));
#10662=IFCPOLYLOOP((#2453,#2449,#2465,#2469));
#10666=IFCFACEOUTERBOUND(#10662,.T.);
#10669=IFCFACE((#10666));
#10673=IFCPOLYLOOP((#2441,#2453,#2469,#2457));
#10677=IFCFACEOUTERBOUND(#10673,.T.);
#10680=IFCFACE((#10677));
#10684=IFCPOLYLOOP((#2461,#2457,#2469,#2465));
#10688=IFCFACEOUTERBOUND(#10684,.T.);
#10691=IFCFACE((#10688));
#10695=IFCCLOSEDSHELL((#10636,#10647,#10658,#10669,#10680,#10691));
#10699=IFCFACETEDBREP(#10695);
#10702=IFCSURFACESTYLE('IfcSurfaceStyle_129',.BOTH.,(#9015));
#10704=IFCPRESENTATIONSTYLEASSIGNMENT((#10702));
#10706=IFCSURFACESTYLE('IfcSurfaceStyle_130',.BOTH.,(#9015));
#10708=IFCPRESENTATIONSTYLEASSIGNMENT((#10706));
#10710=IFCSTYLEDITEM(#10699,(#10708),'IfcStyledItem_065');
#10714=IFCPOLYLOOP((#2473,#2477,#2481,#2485));
#10718=IFCFACEOUTERBOUND(#10714,.T.);
#10721=IFCFACE((#10718));
#10725=IFCPOLYLOOP((#2473,#2489,#2493,#2477));
#10729=IFCFACEOUTERBOUND(#10725,.T.);
#10732=IFCPOLYLOOP((#2497,#2501,#2505,#2509));
#10737=IFCFACEBOUND(#10732,.T.);
#10740=IFCFACE((#10729,#10737));
#10744=IFCPOLYLOOP((#2477,#2493,#2513,#2481));
#10748=IFCFACEOUTERBOUND(#10744,.T.);
#10751=IFCFACE((#10748));
#10755=IFCPOLYLOOP((#2485,#2481,#2513,#2517));
#10759=IFCFACEOUTERBOUND(#10755,.T.);
#10762=IFCPOLYLOOP((#2521,#2525,#2529,#2533));
#10766=IFCFACEBOUND(#10762,.T.);
#10769=IFCFACE((#10759,#10766));
#10773=IFCPOLYLOOP((#2489,#2473,#2485,#2517));
#10777=IFCFACEOUTERBOUND(#10773,.T.);
#10780=IFCFACE((#10777));
#10784=IFCPOLYLOOP((#2493,#2489,#2517,#2513));
#10788=IFCFACEOUTERBOUND(#10784,.T.);
#10791=IFCFACE((#10788));
#10795=IFCPOLYLOOP((#2501,#2497,#2521,#2533));
#10799=IFCFACEOUTERBOUND(#10795,.T.);
#10802=IFCFACE((#10799));
#10806=IFCPOLYLOOP((#2505,#2501,#2533,#2529));
#10810=IFCFACEOUTERBOUND(#10806,.T.);
#10813=IFCFACE((#10810));
#10817=IFCPOLYLOOP((#2509,#2505,#2529,#2525));
#10821=IFCFACEOUTERBOUND(#10817,.T.);
#10824=IFCFACE((#10821));
#10828=IFCPOLYLOOP((#2497,#2509,#2525,#2521));
#10832=IFCFACEOUTERBOUND(#10828,.T.);
#10835=IFCFACE((#10832));
#10839=IFCCLOSEDSHELL((#10721,#10740,#10751,#10769,#10780,#10791,#10802,#10813,#10824,#10835));
#10843=IFCFACETEDBREP(#10839);
#10846=IFCSURFACESTYLE('IfcSurfaceStyle_123',.BOTH.,(#9015));
#10848=IFCPRESENTATIONSTYLEASSIGNMENT((#10846));
#10850=IFCSURFACESTYLE('IfcSurfaceStyle_124',.BOTH.,(#9015));
#10852=IFCPRESENTATIONSTYLEASSIGNMENT((#10850));
#10854=IFCSTYLEDITEM(#10843,(#10852),'IfcStyledItem_062');
#10858=IFCPOLYLOOP((#2537,#2542,#2546,#2550));
#10863=IFCFACEOUTERBOUND(#10858,.T.);
#10866=IFCFACE((#10863));
#10870=IFCPOLYLOOP((#2537,#2554,#2558,#2542));
#10874=IFCFACEOUTERBOUND(#10870,.T.);
#10877=IFCFACE((#10874));
#10881=IFCPOLYLOOP((#2542,#2558,#2562,#2546));
#10885=IFCFACEOUTERBOUND(#10881,.T.);
#10888=IFCFACE((#10885));
#10892=IFCPOLYLOOP((#2550,#2546,#2562,#2566));
#10896=IFCFACEOUTERBOUND(#10892,.T.);
#10899=IFCFACE((#10896));
#10903=IFCPOLYLOOP((#2554,#2537,#2550,#2566));
#10907=IFCFACEOUTERBOUND(#10903,.T.);
#10910=IFCFACE((#10907));
#10914=IFCPOLYLOOP((#2558,#2554,#2566,#2562));
#10918=IFCFACEOUTERBOUND(#10914,.T.);
#10921=IFCFACE((#10918));
#10925=IFCCLOSEDSHELL((#10866,#10877,#10888,#10899,#10910,#10921));
#10929=IFCFACETEDBREP(#10925);
#10932=IFCSURFACESTYLE('IfcSurfaceStyle_117',.BOTH.,(#5068));
#10934=IFCPRESENTATIONSTYLEASSIGNMENT((#10932));
#10936=IFCSURFACESTYLE('IfcSurfaceStyle_118',.BOTH.,(#5068));
#10938=IFCPRESENTATIONSTYLEASSIGNMENT((#10936));
#10940=IFCSTYLEDITEM(#10929,(#10938),'IfcStyledItem_059');
#10944=IFCPOLYLOOP((#2570,#2574,#2578,#2582));
#10948=IFCFACEOUTERBOUND(#10944,.T.);
#10951=IFCFACE((#10948));
#10955=IFCPOLYLOOP((#2570,#2586,#2590,#2574));
#10959=IFCFACEOUTERBOUND(#10955,.T.);
#10962=IFCFACE((#10959));
#10966=IFCPOLYLOOP((#2574,#2590,#2594,#2578));
#10970=IFCFACEOUTERBOUND(#10966,.T.);
#10973=IFCFACE((#10970));
#10977=IFCPOLYLOOP((#2582,#2578,#2594,#2598));
#10981=IFCFACEOUTERBOUND(#10977,.T.);
#10984=IFCFACE((#10981));
#10988=IFCPOLYLOOP((#2586,#2570,#2582,#2598));
#10993=IFCFACEOUTERBOUND(#10988,.T.);
#10996=IFCFACE((#10993));
#11000=IFCPOLYLOOP((#2590,#2586,#2598,#2594));
#11004=IFCFACEOUTERBOUND(#11000,.T.);
#11007=IFCFACE((#11004));
#11011=IFCCLOSEDSHELL((#10951,#10962,#10973,#10984,#10996,#11007));
#11015=IFCFACETEDBREP(#11011);
#11018=IFCSURFACESTYLE('IfcSurfaceStyle_107',.BOTH.,(#5068));
#11020=IFCPRESENTATIONSTYLEASSIGNMENT((#11018));
#11022=IFCSURFACESTYLE('IfcSurfaceStyle_108',.BOTH.,(#5068));
#11024=IFCPRESENTATIONSTYLEASSIGNMENT((#11022));
#11026=IFCSTYLEDITEM(#11015,(#11024),'IfcStyledItem_054');
#11030=IFCPOLYLOOP((#2602,#2606,#2610,#2614));
#11034=IFCFACEOUTERBOUND(#11030,.T.);
#11037=IFCFACE((#11034));
#11041=IFCPOLYLOOP((#2602,#2618,#2622,#2606));
#11045=IFCFACEOUTERBOUND(#11041,.T.);
#11048=IFCFACE((#11045));
#11052=IFCPOLYLOOP((#2606,#2622,#2626,#2610));
#11056=IFCFACEOUTERBOUND(#11052,.T.);
#11059=IFCFACE((#11056));
#11063=IFCPOLYLOOP((#2614,#2610,#2626,#2630));
#11067=IFCFACEOUTERBOUND(#11063,.T.);
#11070=IFCFACE((#11067));
#11074=IFCPOLYLOOP((#2618,#2602,#2614,#2630));
#11078=IFCFACEOUTERBOUND(#11074,.T.);
#11081=IFCFACE((#11078));
#11085=IFCPOLYLOOP((#2622,#2618,#2630,#2626));
#11089=IFCFACEOUTERBOUND(#11085,.T.);
#11092=IFCFACE((#11089));
#11096=IFCCLOSEDSHELL((#11037,#11048,#11059,#11070,#11081,#11092));
#11100=IFCFACETEDBREP(#11096);
#11103=IFCSURFACESTYLE('IfcSurfaceStyle_103',.BOTH.,(#5068));
#11105=IFCPRESENTATIONSTYLEASSIGNMENT((#11103));
#11107=IFCSURFACESTYLE('IfcSurfaceStyle_104',.BOTH.,(#5068));
#11109=IFCPRESENTATIONSTYLEASSIGNMENT((#11107));
#11111=IFCSTYLEDITEM(#11100,(#11109),'IfcStyledItem_052');
#11115=IFCPOLYLOOP((#2634,#2638,#2642,#2646));
#11120=IFCFACEOUTERBOUND(#11115,.T.);
#11123=IFCFACE((#11120));
#11127=IFCPOLYLOOP((#2634,#2650,#2654,#2638));
#11131=IFCFACEOUTERBOUND(#11127,.T.);
#11134=IFCFACE((#11131));
#11138=IFCPOLYLOOP((#2638,#2654,#2658,#2642));
#11142=IFCFACEOUTERBOUND(#11138,.T.);
#11145=IFCFACE((#11142));
#11149=IFCPOLYLOOP((#2646,#2642,#2658,#2662));
#11153=IFCFACEOUTERBOUND(#11149,.T.);
#11156=IFCFACE((#11153));
#11160=IFCPOLYLOOP((#2650,#2634,#2646,#2662));
#11164=IFCFACEOUTERBOUND(#11160,.T.);
#11167=IFCFACE((#11164));
#11171=IFCPOLYLOOP((#2654,#2650,#2662,#2658));
#11175=IFCFACEOUTERBOUND(#11171,.T.);
#11178=IFCFACE((#11175));
#11182=IFCCLOSEDSHELL((#11123,#11134,#11145,#11156,#11167,#11178));
#11186=IFCFACETEDBREP(#11182);
#11189=IFCSURFACESTYLE('IfcSurfaceStyle_097',.BOTH.,(#5068));
#11191=IFCPRESENTATIONSTYLEASSIGNMENT((#11189));
#11193=IFCSURFACESTYLE('IfcSurfaceStyle_098',.BOTH.,(#5068));
#11195=IFCPRESENTATIONSTYLEASSIGNMENT((#11193));
#11197=IFCSTYLEDITEM(#11186,(#11195),'IfcStyledItem_049');
#11201=IFCPOLYLOOP((#2666,#2671,#2675,#2679));
#11205=IFCFACEOUTERBOUND(#11201,.T.);
#11208=IFCFACE((#11205));
#11212=IFCPOLYLOOP((#2666,#2683,#2687,#2671));
#11216=IFCFACEOUTERBOUND(#11212,.T.);
#11219=IFCFACE((#11216));
#11223=IFCPOLYLOOP((#2671,#2687,#2691,#2675));
#11227=IFCFACEOUTERBOUND(#11223,.T.);
#11230=IFCFACE((#11227));
#11234=IFCPOLYLOOP((#2679,#2675,#2691,#2695));
#11238=IFCFACEOUTERBOUND(#11234,.T.);
#11241=IFCFACE((#11238));
#11246=IFCPOLYLOOP((#2683,#2666,#2679,#2695));
#11250=IFCFACEOUTERBOUND(#11246,.T.);
#11253=IFCFACE((#11250));
#11257=IFCPOLYLOOP((#2687,#2683,#2695,#2691));
#11261=IFCFACEOUTERBOUND(#11257,.T.);
#11264=IFCFACE((#11261));
#11268=IFCCLOSEDSHELL((#11208,#11219,#11230,#11241,#11253,#11264));
#11272=IFCFACETEDBREP(#11268);
#11275=IFCSURFACESTYLE('IfcSurfaceStyle_083',.BOTH.,(#5068));
#11277=IFCPRESENTATIONSTYLEASSIGNMENT((#11275));
#11279=IFCSURFACESTYLE('IfcSurfaceStyle_084',.BOTH.,(#5068));
#11281=IFCPRESENTATIONSTYLEASSIGNMENT((#11279));
#11283=IFCSTYLEDITEM(#11272,(#11281),'IfcStyledItem_042');
#11287=IFCPOLYLOOP((#2699,#2703,#2707,#2711));
#11291=IFCFACEOUTERBOUND(#11287,.T.);
#11294=IFCFACE((#11291));
#11298=IFCPOLYLOOP((#2699,#2715,#2719,#2703));
#11302=IFCFACEOUTERBOUND(#11298,.T.);
#11305=IFCFACE((#11302));
#11309=IFCPOLYLOOP((#2703,#2719,#2723,#2707));
#11313=IFCFACEOUTERBOUND(#11309,.T.);
#11316=IFCFACE((#11313));
#11320=IFCPOLYLOOP((#2711,#2707,#2723,#2727));
#11324=IFCFACEOUTERBOUND(#11320,.T.);
#11327=IFCFACE((#11324));
#11331=IFCPOLYLOOP((#2715,#2699,#2711,#2727));
#11335=IFCFACEOUTERBOUND(#11331,.T.);
#11338=IFCFACE((#11335));
#11342=IFCPOLYLOOP((#2719,#2715,#2727,#2723));
#11346=IFCFACEOUTERBOUND(#11342,.T.);
#11349=IFCFACE((#11346));
#11353=IFCCLOSEDSHELL((#11294,#11305,#11316,#11327,#11338,#11349));
#11357=IFCFACETEDBREP(#11353);
#11360=IFCSURFACESTYLE('IfcSurfaceStyle_079',.BOTH.,(#5068));
#11362=IFCPRESENTATIONSTYLEASSIGNMENT((#11360));
#11364=IFCSURFACESTYLE('IfcSurfaceStyle_080',.BOTH.,(#5068));
#11366=IFCPRESENTATIONSTYLEASSIGNMENT((#11364));
#11368=IFCSTYLEDITEM(#11357,(#11366),'IfcStyledItem_041');
#11372=IFCPOLYLOOP((#2731,#2735,#2739,#2743));
#11377=IFCFACEOUTERBOUND(#11372,.T.);
#11380=IFCFACE((#11377));
#11384=IFCPOLYLOOP((#2731,#2747,#2751,#2735));
#11388=IFCFACEOUTERBOUND(#11384,.T.);
#11391=IFCFACE((#11388));
#11395=IFCPOLYLOOP((#2735,#2751,#2755,#2739));
#11399=IFCFACEOUTERBOUND(#11395,.T.);
#11402=IFCFACE((#11399));
#11406=IFCPOLYLOOP((#2743,#2739,#2755,#2759));
#11410=IFCFACEOUTERBOUND(#11406,.T.);
#11413=IFCFACE((#11410));
#11417=IFCPOLYLOOP((#2747,#2731,#2743,#2759));
#11421=IFCFACEOUTERBOUND(#11417,.T.);
#11424=IFCFACE((#11421));
#11428=IFCPOLYLOOP((#2751,#2747,#2759,#2755));
#11432=IFCFACEOUTERBOUND(#11428,.T.);
#11435=IFCFACE((#11432));
#11439=IFCCLOSEDSHELL((#11380,#11391,#11402,#11413,#11424,#11435));
#11443=IFCFACETEDBREP(#11439);
#11446=IFCSURFACESTYLE('IfcSurfaceStyle_073',.BOTH.,(#5068));
#11448=IFCPRESENTATIONSTYLEASSIGNMENT((#11446));
#11450=IFCSURFACESTYLE('IfcSurfaceStyle_074',.BOTH.,(#5068));
#11452=IFCPRESENTATIONSTYLEASSIGNMENT((#11450));
#11454=IFCSTYLEDITEM(#11443,(#11452),'IfcStyledItem_038');
#11458=IFCPOLYLOOP((#2763,#2767,#2771,#2775));
#11462=IFCFACEOUTERBOUND(#11458,.T.);
#11465=IFCFACE((#11462));
#11469=IFCPOLYLOOP((#2763,#2779,#2783,#2767));
#11473=IFCFACEOUTERBOUND(#11469,.T.);
#11476=IFCFACE((#11473));
#11480=IFCPOLYLOOP((#2767,#2783,#2787,#2771));
#11484=IFCFACEOUTERBOUND(#11480,.T.);
#11487=IFCFACE((#11484));
#11491=IFCPOLYLOOP((#2775,#2771,#2787,#2791));
#11495=IFCFACEOUTERBOUND(#11491,.T.);
#11498=IFCFACE((#11495));
#11503=IFCPOLYLOOP((#2779,#2763,#2775,#2791));
#11507=IFCFACEOUTERBOUND(#11503,.T.);
#11510=IFCFACE((#11507));
#11514=IFCPOLYLOOP((#2783,#2779,#2791,#2787));
#11518=IFCFACEOUTERBOUND(#11514,.T.);
#11521=IFCFACE((#11518));
#11525=IFCCLOSEDSHELL((#11465,#11476,#11487,#11498,#11510,#11521));
#11529=IFCFACETEDBREP(#11525);
#11532=IFCSURFACESTYLE('IfcSurfaceStyle_061',.BOTH.,(#5068));
#11534=IFCPRESENTATIONSTYLEASSIGNMENT((#11532));
#11536=IFCSURFACESTYLE('IfcSurfaceStyle_062',.BOTH.,(#5068));
#11538=IFCPRESENTATIONSTYLEASSIGNMENT((#11536));
#11540=IFCSTYLEDITEM(#11529,(#11538),'IfcStyledItem_031');
#11544=IFCPOLYLOOP((#2795,#2800,#2804,#2808));
#11548=IFCFACEOUTERBOUND(#11544,.T.);
#11551=IFCFACE((#11548));
#11555=IFCPOLYLOOP((#2795,#2812,#2816,#2800));
#11559=IFCFACEOUTERBOUND(#11555,.T.);
#11562=IFCPOLYLOOP((#2820,#2824,#2828,#2832));
#11566=IFCFACEBOUND(#11562,.T.);
#11569=IFCFACE((#11559,#11566));
#11573=IFCPOLYLOOP((#2800,#2816,#2836,#2804));
#11577=IFCFACEOUTERBOUND(#11573,.T.);
#11580=IFCFACE((#11577));
#11584=IFCPOLYLOOP((#2808,#2804,#2836,#2840));
#11588=IFCFACEOUTERBOUND(#11584,.T.);
#11591=IFCPOLYLOOP((#2844,#2848,#2852,#2856));
#11595=IFCFACEBOUND(#11591,.T.);
#11598=IFCFACE((#11588,#11595));
#11602=IFCPOLYLOOP((#2812,#2795,#2808,#2840));
#11606=IFCFACEOUTERBOUND(#11602,.T.);
#11609=IFCFACE((#11606));
#11613=IFCPOLYLOOP((#2816,#2812,#2840,#2836));
#11617=IFCFACEOUTERBOUND(#11613,.T.);
#11620=IFCFACE((#11617));
#11624=IFCPOLYLOOP((#2824,#2820,#2844,#2856));
#11628=IFCFACEOUTERBOUND(#11624,.T.);
#11632=IFCFACE((#11628));
#11636=IFCPOLYLOOP((#2828,#2824,#2856,#2852));
#11640=IFCFACEOUTERBOUND(#11636,.T.);
#11643=IFCFACE((#11640));
#11647=IFCPOLYLOOP((#2832,#2828,#2852,#2848));
#11651=IFCFACEOUTERBOUND(#11647,.T.);
#11654=IFCFACE((#11651));
#11658=IFCPOLYLOOP((#2820,#2832,#2848,#2844));
#11662=IFCFACEOUTERBOUND(#11658,.T.);
#11665=IFCFACE((#11662));
#11669=IFCCLOSEDSHELL((#11551,#11569,#11580,#11598,#11609,#11620,#11632,#11643,#11654,#11665));
#11673=IFCFACETEDBREP(#11669);
#11676=IFCSURFACESTYLE('IfcSurfaceStyle_053',.BOTH.,(#9015));
#11678=IFCPRESENTATIONSTYLEASSIGNMENT((#11676));
#11680=IFCSURFACESTYLE('IfcSurfaceStyle_054',.BOTH.,(#9015));
#11682=IFCPRESENTATIONSTYLEASSIGNMENT((#11680));
#11684=IFCSTYLEDITEM(#11673,(#11682),'IfcStyledItem_028');
#11688=IFCPOLYLOOP((#2860,#2864,#2868,#2872));
#11692=IFCFACEOUTERBOUND(#11688,.T.);
#11695=IFCFACE((#11692));
#11699=IFCPOLYLOOP((#2860,#2876,#2880,#2864));
#11703=IFCFACEOUTERBOUND(#11699,.T.);
#11706=IFCFACE((#11703));
#11710=IFCPOLYLOOP((#2864,#2880,#2884,#2868));
#11714=IFCFACEOUTERBOUND(#11710,.T.);
#11717=IFCFACE((#11714));
#11721=IFCPOLYLOOP((#2872,#2868,#2884,#2888));
#11725=IFCFACEOUTERBOUND(#11721,.T.);
#11728=IFCFACE((#11725));
#11732=IFCPOLYLOOP((#2876,#2860,#2872,#2888));
#11736=IFCFACEOUTERBOUND(#11732,.T.);
#11739=IFCFACE((#11736));
#11743=IFCPOLYLOOP((#2880,#2876,#2888,#2884));
#11747=IFCFACEOUTERBOUND(#11743,.T.);
#11750=IFCFACE((#11747));
#11754=IFCCLOSEDSHELL((#11695,#11706,#11717,#11728,#11739,#11750));
#11759=IFCFACETEDBREP(#11754);
#11762=IFCSURFACESTYLE('IfcSurfaceStyle_043',.BOTH.,(#5068));
#11764=IFCPRESENTATIONSTYLEASSIGNMENT((#11762));
#11766=IFCSURFACESTYLE('IfcSurfaceStyle_044',.BOTH.,(#5068));
#11768=IFCPRESENTATIONSTYLEASSIGNMENT((#11766));
#11770=IFCSTYLEDITEM(#11759,(#11768),'IfcStyledItem_022');
#11774=IFCPOLYLOOP((#2892,#2896,#2900,#2904));
#11778=IFCFACEOUTERBOUND(#11774,.T.);
#11781=IFCFACE((#11778));
#11785=IFCPOLYLOOP((#2892,#2908,#2912,#2896));
#11789=IFCFACEOUTERBOUND(#11785,.T.);
#11792=IFCFACE((#11789));
#11796=IFCPOLYLOOP((#2896,#2912,#2916,#2900));
#11800=IFCFACEOUTERBOUND(#11796,.T.);
#11803=IFCFACE((#11800));
#11807=IFCPOLYLOOP((#2904,#2900,#2916,#2920));
#11811=IFCFACEOUTERBOUND(#11807,.T.);
#11814=IFCFACE((#11811));
#11818=IFCPOLYLOOP((#2908,#2892,#2904,#2920));
#11822=IFCFACEOUTERBOUND(#11818,.T.);
#11825=IFCFACE((#11822));
#11829=IFCPOLYLOOP((#2912,#2908,#2920,#2916));
#11833=IFCFACEOUTERBOUND(#11829,.T.);
#11836=IFCFACE((#11833));
#11840=IFCCLOSEDSHELL((#11781,#11792,#11803,#11814,#11825,#11836));
#11844=IFCFACETEDBREP(#11840);
#11847=IFCSURFACESTYLE('IfcSurfaceStyle_035',.BOTH.,(#5068));
#11849=IFCPRESENTATIONSTYLEASSIGNMENT((#11847));
#11851=IFCSURFACESTYLE('IfcSurfaceStyle_036',.BOTH.,(#5068));
#11853=IFCPRESENTATIONSTYLEASSIGNMENT((#11851));
#11855=IFCSTYLEDITEM(#11844,(#11853),'IfcStyledItem_019');
#11859=IFCPOLYLOOP((#2924,#2929,#2933,#2937));
#11863=IFCFACEOUTERBOUND(#11859,.T.);
#11866=IFCFACE((#11863));
#11870=IFCPOLYLOOP((#2924,#2941,#2945,#2929));
#11874=IFCFACEOUTERBOUND(#11870,.T.);
#11877=IFCFACE((#11874));
#11881=IFCPOLYLOOP((#2929,#2945,#2949,#2933));
#11886=IFCFACEOUTERBOUND(#11881,.T.);
#11889=IFCFACE((#11886));
#11893=IFCPOLYLOOP((#2937,#2933,#2949,#2953));
#11897=IFCFACEOUTERBOUND(#11893,.T.);
#11900=IFCFACE((#11897));
#11904=IFCPOLYLOOP((#2941,#2924,#2937,#2953));
#11908=IFCFACEOUTERBOUND(#11904,.T.);
#11911=IFCFACE((#11908));
#11915=IFCPOLYLOOP((#2945,#2941,#2953,#2949));
#11919=IFCFACEOUTERBOUND(#11915,.T.);
#11922=IFCFACE((#11919));
#11926=IFCCLOSEDSHELL((#11866,#11877,#11889,#11900,#11911,#11922));
#11930=IFCFACETEDBREP(#11926);
#11933=IFCSURFACESTYLE('IfcSurfaceStyle_027',.BOTH.,(#5068));
#11935=IFCPRESENTATIONSTYLEASSIGNMENT((#11933));
#11937=IFCSURFACESTYLE('IfcSurfaceStyle_028',.BOTH.,(#5068));
#11939=IFCPRESENTATIONSTYLEASSIGNMENT((#11937));
#11941=IFCSTYLEDITEM(#11930,(#11939),'IfcStyledItem_014');
#11945=IFCPOLYLOOP((#2957,#2961,#2965,#2969));
#11949=IFCFACEOUTERBOUND(#11945,.T.);
#11952=IFCFACE((#11949));
#11956=IFCPOLYLOOP((#2957,#2973,#2977,#2961));
#11960=IFCFACEOUTERBOUND(#11956,.T.);
#11963=IFCFACE((#11960));
#11967=IFCPOLYLOOP((#2961,#2977,#2981,#2965));
#11971=IFCFACEOUTERBOUND(#11967,.T.);
#11974=IFCFACE((#11971));
#11978=IFCPOLYLOOP((#2969,#2965,#2981,#2985));
#11982=IFCFACEOUTERBOUND(#11978,.T.);
#11985=IFCFACE((#11982));
#11989=IFCPOLYLOOP((#2973,#2957,#2969,#2985));
#11993=IFCFACEOUTERBOUND(#11989,.T.);
#11996=IFCFACE((#11993));
#12000=IFCPOLYLOOP((#2977,#2973,#2985,#2981));
#12004=IFCFACEOUTERBOUND(#12000,.T.);
#12007=IFCFACE((#12004));
#12011=IFCCLOSEDSHELL((#11952,#11963,#11974,#11985,#11996,#12007));
#12016=IFCFACETEDBREP(#12011);
#12019=IFCSURFACESTYLE('IfcSurfaceStyle_023',.BOTH.,(#5068));
#12021=IFCPRESENTATIONSTYLEASSIGNMENT((#12019));
#12023=IFCSURFACESTYLE('IfcSurfaceStyle_024',.BOTH.,(#5068));
#12025=IFCPRESENTATIONSTYLEASSIGNMENT((#12023));
#12027=IFCSTYLEDITEM(#12016,(#12025),'IfcStyledItem_012');
#12031=IFCPOLYLOOP((#2989,#2993,#2997,#3001));
#12035=IFCFACEOUTERBOUND(#12031,.T.);
#12038=IFCFACE((#12035));
#12042=IFCPOLYLOOP((#2989,#3005,#3009,#2993));
#12046=IFCFACEOUTERBOUND(#12042,.T.);
#12049=IFCFACE((#12046));
#12053=IFCPOLYLOOP((#2993,#3009,#3013,#2997));
#12057=IFCFACEOUTERBOUND(#12053,.T.);
#12060=IFCFACE((#12057));
#12064=IFCPOLYLOOP((#3001,#2997,#3013,#3017));
#12068=IFCFACEOUTERBOUND(#12064,.T.);
#12071=IFCFACE((#12068));
#12075=IFCPOLYLOOP((#3005,#2989,#3001,#3017));
#12079=IFCFACEOUTERBOUND(#12075,.T.);
#12082=IFCFACE((#12079));
#12086=IFCPOLYLOOP((#3009,#3005,#3017,#3013));
#12090=IFCFACEOUTERBOUND(#12086,.T.);
#12093=IFCFACE((#12090));
#12097=IFCCLOSEDSHELL((#12038,#12049,#12060,#12071,#12082,#12093));
#12101=IFCFACETEDBREP(#12097);
#12104=IFCSURFACESTYLE('IfcSurfaceStyle_013',.BOTH.,(#5068));
#12106=IFCPRESENTATIONSTYLEASSIGNMENT((#12104));
#12108=IFCSURFACESTYLE('IfcSurfaceStyle_014',.BOTH.,(#5068));
#12110=IFCPRESENTATIONSTYLEASSIGNMENT((#12108));
#12112=IFCSTYLEDITEM(#12101,(#12110),'IfcStyledItem_007');
#12116=IFCPOLYLOOP((#3021,#3025,#3029,#3033));
#12120=IFCFACEOUTERBOUND(#12116,.T.);
#12123=IFCFACE((#12120));
#12127=IFCPOLYLOOP((#3021,#3037,#3041,#3025));
#12131=IFCFACEOUTERBOUND(#12127,.T.);
#12134=IFCFACE((#12131));
#12138=IFCPOLYLOOP((#3025,#3041,#3045,#3029));
#12143=IFCFACEOUTERBOUND(#12138,.T.);
#12146=IFCFACE((#12143));
#12150=IFCPOLYLOOP((#3033,#3029,#3045,#3049));
#12154=IFCFACEOUTERBOUND(#12150,.T.);
#12157=IFCFACE((#12154));
#12161=IFCPOLYLOOP((#3037,#3021,#3033,#3049));
#12165=IFCFACEOUTERBOUND(#12161,.T.);
#12168=IFCFACE((#12165));
#12172=IFCPOLYLOOP((#3041,#3037,#3049,#3045));
#12176=IFCFACEOUTERBOUND(#12172,.T.);
#12179=IFCFACE((#12176));
#12183=IFCCLOSEDSHELL((#12123,#12134,#12146,#12157,#12168,#12179));
#12187=IFCFACETEDBREP(#12183);
#12190=IFCSURFACESTYLE('IfcSurfaceStyle_008',.BOTH.,(#5068));
#12192=IFCPRESENTATIONSTYLEASSIGNMENT((#12190));
#12194=IFCSURFACESTYLE('IfcSurfaceStyle_009',.BOTH.,(#5068));
#12196=IFCPRESENTATIONSTYLEASSIGNMENT((#12194));
#12198=IFCSTYLEDITEM(#12187,(#12196),'IfcStyledItem_005');
#12202=IFCPOLYLOOP((#3054,#3058,#3062,#3066));
#12206=IFCFACEOUTERBOUND(#12202,.T.);
#12209=IFCFACE((#12206));
#12213=IFCPOLYLOOP((#3054,#3070,#3074,#3058));
#12217=IFCFACEOUTERBOUND(#12213,.T.);
#12220=IFCFACE((#12217));
#12224=IFCPOLYLOOP((#3058,#3074,#3078,#3062));
#12228=IFCFACEOUTERBOUND(#12224,.T.);
#12231=IFCFACE((#12228));
#12235=IFCPOLYLOOP((#3066,#3062,#3078,#3082));
#12239=IFCFACEOUTERBOUND(#12235,.T.);
#12242=IFCFACE((#12239));
#12246=IFCPOLYLOOP((#3070,#3054,#3066,#3082));
#12250=IFCFACEOUTERBOUND(#12246,.T.);
#12253=IFCFACE((#12250));
#12257=IFCPOLYLOOP((#3074,#3070,#3082,#3078));
#12261=IFCFACEOUTERBOUND(#12257,.T.);
#12264=IFCFACE((#12261));
#12268=IFCCLOSEDSHELL((#12209,#12220,#12231,#12242,#12253,#12264));
#12273=IFCFACETEDBREP(#12268);
#12276=IFCSURFACESTYLE('IfcSurfaceStyle_006',.BOTH.,(#5068));
#12278=IFCPRESENTATIONSTYLEASSIGNMENT((#12276));
#12280=IFCSURFACESTYLE('IfcSurfaceStyle_007',.BOTH.,(#5068));
#12282=IFCPRESENTATIONSTYLEASSIGNMENT((#12280));
#12284=IFCSTYLEDITEM(#12273,(#12282),'IfcStyledItem_004');
#12288=IFCPOLYLOOP((#3086,#3090,#3094,#3098));
#12292=IFCFACEOUTERBOUND(#12288,.T.);
#12295=IFCFACE((#12292));
#12299=IFCPOLYLOOP((#3086,#3102,#3106,#3090));
#12303=IFCFACEOUTERBOUND(#12299,.T.);
#12306=IFCFACE((#12303));
#12310=IFCPOLYLOOP((#3090,#3106,#3110,#3094));
#12314=IFCFACEOUTERBOUND(#12310,.T.);
#12317=IFCFACE((#12314));
#12321=IFCPOLYLOOP((#3098,#3094,#3110,#3114));
#12325=IFCFACEOUTERBOUND(#12321,.T.);
#12328=IFCFACE((#12325));
#12332=IFCPOLYLOOP((#3102,#3086,#3098,#3114));
#12336=IFCFACEOUTERBOUND(#12332,.T.);
#12339=IFCFACE((#12336));
#12343=IFCPOLYLOOP((#3106,#3102,#3114,#3110));
#12347=IFCFACEOUTERBOUND(#12343,.T.);
#12350=IFCFACE((#12347));
#12354=IFCCLOSEDSHELL((#12295,#12306,#12317,#12328,#12339,#12350));
#12358=IFCFACETEDBREP(#12354);
#12361=IFCSURFACESTYLE('IfcSurfaceStyle_244',.BOTH.,(#5068));
#12363=IFCPRESENTATIONSTYLEASSIGNMENT((#12361));
#12365=IFCSURFACESTYLE('IfcSurfaceStyle_245',.BOTH.,(#5068));
#12367=IFCPRESENTATIONSTYLEASSIGNMENT((#12365));
#12369=IFCSTYLEDITEM(#12358,(#12367),'IfcStyledItem_119');
#12373=IFCPOLYLOOP((#3118,#3122,#3126,#3130));
#12377=IFCFACEOUTERBOUND(#12373,.T.);
#12380=IFCFACE((#12377));
#12384=IFCPOLYLOOP((#3118,#3134,#3138,#3122));
#12388=IFCFACEOUTERBOUND(#12384,.T.);
#12391=IFCPOLYLOOP((#3142,#3146,#3150,#3154));
#12395=IFCFACEBOUND(#12391,.T.);
#12399=IFCFACE((#12388,#12395));
#12403=IFCPOLYLOOP((#3122,#3138,#3158,#3126));
#12407=IFCFACEOUTERBOUND(#12403,.T.);
#12410=IFCFACE((#12407));
#12414=IFCPOLYLOOP((#3130,#3126,#3158,#3162));
#12418=IFCFACEOUTERBOUND(#12414,.T.);
#12421=IFCPOLYLOOP((#3166,#3170,#3174,#3178));
#12425=IFCFACEBOUND(#12421,.T.);
#12428=IFCFACE((#12418,#12425));
#12432=IFCPOLYLOOP((#3134,#3118,#3130,#3162));
#12436=IFCFACEOUTERBOUND(#12432,.T.);
#12439=IFCFACE((#12436));
#12443=IFCPOLYLOOP((#3138,#3134,#3162,#3158));
#12447=IFCFACEOUTERBOUND(#12443,.T.);
#12450=IFCFACE((#12447));
#12454=IFCPOLYLOOP((#3146,#3142,#3166,#3178));
#12458=IFCFACEOUTERBOUND(#12454,.T.);
#12461=IFCFACE((#12458));
#12465=IFCPOLYLOOP((#3150,#3146,#3178,#3174));
#12469=IFCFACEOUTERBOUND(#12465,.T.);
#12472=IFCFACE((#12469));
#12476=IFCPOLYLOOP((#3154,#3150,#3174,#3170));
#12480=IFCFACEOUTERBOUND(#12476,.T.);
#12483=IFCFACE((#12480));
#12487=IFCPOLYLOOP((#3142,#3154,#3170,#3166));
#12491=IFCFACEOUTERBOUND(#12487,.T.);
#12494=IFCFACE((#12491));
#12498=IFCCLOSEDSHELL((#12380,#12399,#12410,#12428,#12439,#12450,#12461,#12472,#12483,#12494));
#12502=IFCFACETEDBREP(#12498);
#12505=IFCSURFACESTYLE('IfcSurfaceStyle_228',.BOTH.,(#9015));
#12507=IFCPRESENTATIONSTYLEASSIGNMENT((#12505));
#12509=IFCSURFACESTYLE('IfcSurfaceStyle_229',.BOTH.,(#9015));
#12511=IFCPRESENTATIONSTYLEASSIGNMENT((#12509));
#12513=IFCSTYLEDITEM(#12502,(#12511),'IfcStyledItem_115');
#12517=IFCPOLYLOOP((#3183,#3187,#3191,#3195));
#12521=IFCFACEOUTERBOUND(#12517,.T.);
#12524=IFCFACE((#12521));
#12529=IFCPOLYLOOP((#3187,#3183,#3199,#3203));
#12533=IFCFACEOUTERBOUND(#12529,.T.);
#12536=IFCFACE((#12533));
#12540=IFCPOLYLOOP((#3191,#3187,#3203,#3207));
#12544=IFCFACEOUTERBOUND(#12540,.T.);
#12547=IFCFACE((#12544));
#12551=IFCPOLYLOOP((#3195,#3191,#3207,#3211));
#12555=IFCFACEOUTERBOUND(#12551,.T.);
#12558=IFCFACE((#12555));
#12562=IFCPOLYLOOP((#3183,#3195,#3211,#3199));
#12566=IFCFACEOUTERBOUND(#12562,.T.);
#12569=IFCFACE((#12566));
#12573=IFCPOLYLOOP((#3203,#3199,#3211,#3207));
#12577=IFCFACEOUTERBOUND(#12573,.T.);
#12580=IFCFACE((#12577));
#12584=IFCCLOSEDSHELL((#12524,#12536,#12547,#12558,#12569,#12580));
#12588=IFCFACETEDBREP(#12584);
#12591=IFCSURFACESTYLE('IfcSurfaceStyle_222',.BOTH.,(#5068));
#12593=IFCPRESENTATIONSTYLEASSIGNMENT((#12591));
#12595=IFCSURFACESTYLE('IfcSurfaceStyle_223',.BOTH.,(#5068));
#12597=IFCPRESENTATIONSTYLEASSIGNMENT((#12595));
#12599=IFCSTYLEDITEM(#12588,(#12597),'IfcStyledItem_111');
#12603=IFCPOLYLOOP((#3215,#3219,#3223,#3227));
#12607=IFCFACEOUTERBOUND(#12603,.T.);
#12610=IFCFACE((#12607));
#12614=IFCPOLYLOOP((#3219,#3215,#3231,#3235));
#12618=IFCFACEOUTERBOUND(#12614,.T.);
#12621=IFCFACE((#12618));
#12625=IFCPOLYLOOP((#3223,#3219,#3235,#3239));
#12629=IFCFACEOUTERBOUND(#12625,.T.);
#12632=IFCFACE((#12629));
#12636=IFCPOLYLOOP((#3227,#3223,#3239,#3243));
#12640=IFCFACEOUTERBOUND(#12636,.T.);
#12643=IFCFACE((#12640));
#12647=IFCPOLYLOOP((#3215,#3227,#3243,#3231));
#12651=IFCFACEOUTERBOUND(#12647,.T.);
#12655=IFCFACE((#12651));
#12659=IFCPOLYLOOP((#3235,#3231,#3243,#3239));
#12663=IFCFACEOUTERBOUND(#12659,.T.);
#12666=IFCFACE((#12663));
#12670=IFCCLOSEDSHELL((#12610,#12621,#12632,#12643,#12655,#12666));
#12674=IFCFACETEDBREP(#12670);
#12677=IFCSURFACESTYLE('IfcSurfaceStyle_218',.BOTH.,(#5068));
#12679=IFCPRESENTATIONSTYLEASSIGNMENT((#12677));
#12681=IFCSURFACESTYLE('IfcSurfaceStyle_219',.BOTH.,(#5068));
#12683=IFCPRESENTATIONSTYLEASSIGNMENT((#12681));
#12685=IFCSTYLEDITEM(#12674,(#12683),'IfcStyledItem_109');
#12689=IFCPOLYLOOP((#3247,#3251,#3255,#3259));
#12693=IFCFACEOUTERBOUND(#12689,.T.);
#12696=IFCFACE((#12693));
#12700=IFCPOLYLOOP((#3251,#3247,#3263,#3267));
#12704=IFCFACEOUTERBOUND(#12700,.T.);
#12707=IFCFACE((#12704));
#12711=IFCPOLYLOOP((#3255,#3251,#3267,#3271));
#12715=IFCFACEOUTERBOUND(#12711,.T.);
#12718=IFCFACE((#12715));
#12722=IFCPOLYLOOP((#3259,#3255,#3271,#3275));
#12726=IFCFACEOUTERBOUND(#12722,.T.);
#12729=IFCFACE((#12726));
#12733=IFCPOLYLOOP((#3247,#3259,#3275,#3263));
#12737=IFCFACEOUTERBOUND(#12733,.T.);
#12740=IFCFACE((#12737));
#12744=IFCPOLYLOOP((#3267,#3263,#3275,#3271));
#12748=IFCFACEOUTERBOUND(#12744,.T.);
#12751=IFCFACE((#12748));
#12755=IFCCLOSEDSHELL((#12696,#12707,#12718,#12729,#12740,#12751));
#12759=IFCFACETEDBREP(#12755);
#12762=IFCSURFACESTYLE('IfcSurfaceStyle_205',.BOTH.,(#5068));
#12764=IFCPRESENTATIONSTYLEASSIGNMENT((#12762));
#12766=IFCSURFACESTYLE('IfcSurfaceStyle_206',.BOTH.,(#5068));
#12768=IFCPRESENTATIONSTYLEASSIGNMENT((#12766));
#12770=IFCSTYLEDITEM(#12759,(#12768),'IfcStyledItem_103');
#12774=IFCPOLYLOOP((#3279,#3283,#3287,#3291));
#12778=IFCFACEOUTERBOUND(#12774,.T.);
#12782=IFCFACE((#12778));
#12786=IFCPOLYLOOP((#3283,#3279,#3295,#3299));
#12790=IFCFACEOUTERBOUND(#12786,.T.);
#12793=IFCFACE((#12790));
#12797=IFCPOLYLOOP((#3287,#3283,#3299,#3303));
#12801=IFCFACEOUTERBOUND(#12797,.T.);
#12804=IFCFACE((#12801));
#12808=IFCPOLYLOOP((#3291,#3287,#3303,#3307));
#12812=IFCFACEOUTERBOUND(#12808,.T.);
#12815=IFCFACE((#12812));
#12819=IFCPOLYLOOP((#3279,#3291,#3307,#3295));
#12823=IFCFACEOUTERBOUND(#12819,.T.);
#12826=IFCFACE((#12823));
#12830=IFCPOLYLOOP((#3299,#3295,#3307,#3303));
#12834=IFCFACEOUTERBOUND(#12830,.T.);
#12837=IFCFACE((#12834));
#12841=IFCCLOSEDSHELL((#12782,#12793,#12804,#12815,#12826,#12837));
#12845=IFCFACETEDBREP(#12841);
#12848=IFCSURFACESTYLE('IfcSurfaceStyle_198',.BOTH.,(#5068));
#12850=IFCPRESENTATIONSTYLEASSIGNMENT((#12848));
#12852=IFCSURFACESTYLE('IfcSurfaceStyle_199',.BOTH.,(#5068));
#12854=IFCPRESENTATIONSTYLEASSIGNMENT((#12852));
#12856=IFCSTYLEDITEM(#12845,(#12854),'IfcStyledItem_099');
#12860=IFCPOLYLOOP((#3312,#3316,#3320,#3324));
#12864=IFCFACEOUTERBOUND(#12860,.T.);
#12867=IFCFACE((#12864));
#12871=IFCPOLYLOOP((#3316,#3312,#3328,#3332));
#12875=IFCFACEOUTERBOUND(#12871,.T.);
#12878=IFCFACE((#12875));
#12882=IFCPOLYLOOP((#3320,#3316,#3332,#3336));
#12886=IFCFACEOUTERBOUND(#12882,.T.);
#12889=IFCFACE((#12886));
#12893=IFCPOLYLOOP((#3324,#3320,#3336,#3340));
#12897=IFCFACEOUTERBOUND(#12893,.T.);
#12900=IFCFACE((#12897));
#12904=IFCPOLYLOOP((#3312,#3324,#3340,#3328));
#12908=IFCFACEOUTERBOUND(#12904,.T.);
#12912=IFCFACE((#12908));
#12916=IFCPOLYLOOP((#3332,#3328,#3340,#3336));
#12920=IFCFACEOUTERBOUND(#12916,.T.);
#12923=IFCFACE((#12920));
#12927=IFCCLOSEDSHELL((#12867,#12878,#12889,#12900,#12912,#12923));
#12931=IFCFACETEDBREP(#12927);
#12934=IFCSURFACESTYLE('IfcSurfaceStyle_194',.BOTH.,(#5068));
#12936=IFCPRESENTATIONSTYLEASSIGNMENT((#12934));
#12938=IFCSURFACESTYLE('IfcSurfaceStyle_195',.BOTH.,(#5068));
#12940=IFCPRESENTATIONSTYLEASSIGNMENT((#12938));
#12942=IFCSTYLEDITEM(#12931,(#12940),'IfcStyledItem_096');
#12946=IFCPOLYLOOP((#3344,#3348,#3352,#3356));
#12950=IFCFACEOUTERBOUND(#12946,.T.);
#12953=IFCFACE((#12950));
#12957=IFCPOLYLOOP((#3348,#3344,#3360,#3364));
#12961=IFCFACEOUTERBOUND(#12957,.T.);
#12964=IFCFACE((#12961));
#12968=IFCPOLYLOOP((#3352,#3348,#3364,#3368));
#12972=IFCFACEOUTERBOUND(#12968,.T.);
#12975=IFCFACE((#12972));
#12979=IFCPOLYLOOP((#3356,#3352,#3368,#3372));
#12983=IFCFACEOUTERBOUND(#12979,.T.);
#12986=IFCFACE((#12983));
#12990=IFCPOLYLOOP((#3344,#3356,#3372,#3360));
#12994=IFCFACEOUTERBOUND(#12990,.T.);
#12997=IFCFACE((#12994));
#13001=IFCPOLYLOOP((#3364,#3360,#3372,#3368));
#13005=IFCFACEOUTERBOUND(#13001,.T.);
#13008=IFCFACE((#13005));
#13012=IFCCLOSEDSHELL((#12953,#12964,#12975,#12986,#12997,#13008));
#13016=IFCFACETEDBREP(#13012);
#13019=IFCSURFACESTYLE('IfcSurfaceStyle_186',.BOTH.,(#5068));
#13021=IFCPRESENTATIONSTYLEASSIGNMENT((#13019));
#13023=IFCSURFACESTYLE('IfcSurfaceStyle_187',.BOTH.,(#5068));
#13025=IFCPRESENTATIONSTYLEASSIGNMENT((#13023));
#13027=IFCSTYLEDITEM(#13016,(#13025),'IfcStyledItem_094');
#13031=IFCPOLYLOOP((#3376,#3380,#3384,#3388));
#13035=IFCFACEOUTERBOUND(#13031,.T.);
#13039=IFCFACE((#13035));
#13043=IFCPOLYLOOP((#3376,#3392,#3396,#3380));
#13047=IFCFACEOUTERBOUND(#13043,.T.);
#13050=IFCPOLYLOOP((#3400,#3404,#3408,#3412));
#13054=IFCFACEBOUND(#13050,.T.);
#13057=IFCFACE((#13047,#13054));
#13061=IFCPOLYLOOP((#3380,#3396,#3416,#3384));
#13065=IFCFACEOUTERBOUND(#13061,.T.);
#13068=IFCFACE((#13065));
#13072=IFCPOLYLOOP((#3388,#3384,#3416,#3420));
#13076=IFCFACEOUTERBOUND(#13072,.T.);
#13079=IFCPOLYLOOP((#3424,#3428,#3432,#3436));
#13083=IFCFACEBOUND(#13079,.T.);
#13086=IFCFACE((#13076,#13083));
#13090=IFCPOLYLOOP((#3392,#3376,#3388,#3420));
#13094=IFCFACEOUTERBOUND(#13090,.T.);
#13097=IFCFACE((#13094));
#13101=IFCPOLYLOOP((#3396,#3392,#3420,#3416));
#13105=IFCFACEOUTERBOUND(#13101,.T.);
#13108=IFCFACE((#13105));
#13112=IFCPOLYLOOP((#3404,#3400,#3424,#3436));
#13116=IFCFACEOUTERBOUND(#13112,.T.);
#13119=IFCFACE((#13116));
#13123=IFCPOLYLOOP((#3408,#3404,#3436,#3432));
#13127=IFCFACEOUTERBOUND(#13123,.T.);
#13130=IFCFACE((#13127));
#13134=IFCPOLYLOOP((#3412,#3408,#3432,#3428));
#13138=IFCFACEOUTERBOUND(#13134,.T.);
#13141=IFCFACE((#13138));
#13145=IFCPOLYLOOP((#3400,#3412,#3428,#3424));
#13149=IFCFACEOUTERBOUND(#13145,.T.);
#13152=IFCFACE((#13149));
#13156=IFCCLOSEDSHELL((#13039,#13057,#13068,#13086,#13097,#13108,#13119,#13130,#13141,#13152));
#13160=IFCFACETEDBREP(#13156);
#13163=IFCSURFACESTYLE('IfcSurfaceStyle_181',.BOTH.,(#9015));
#13166=IFCPRESENTATIONSTYLEASSIGNMENT((#13163));
#13168=IFCSURFACESTYLE('IfcSurfaceStyle_182',.BOTH.,(#9015));
#13170=IFCPRESENTATIONSTYLEASSIGNMENT((#13168));
#13172=IFCSTYLEDITEM(#13160,(#13170),'IfcStyledItem_091');
#13176=IFCPOLYLOOP((#3441,#3445,#3449,#3453));
#13180=IFCFACEOUTERBOUND(#13176,.T.);
#13183=IFCFACE((#13180));
#13187=IFCPOLYLOOP((#3445,#3441,#3457,#3461));
#13191=IFCFACEOUTERBOUND(#13187,.T.);
#13194=IFCFACE((#13191));
#13198=IFCPOLYLOOP((#3449,#3445,#3461,#3465));
#13202=IFCFACEOUTERBOUND(#13198,.T.);
#13205=IFCFACE((#13202));
#13209=IFCPOLYLOOP((#3453,#3449,#3465,#3469));
#13213=IFCFACEOUTERBOUND(#13209,.T.);
#13216=IFCFACE((#13213));
#13220=IFCPOLYLOOP((#3441,#3453,#3469,#3457));
#13224=IFCFACEOUTERBOUND(#13220,.T.);
#13227=IFCFACE((#13224));
#13231=IFCPOLYLOOP((#3461,#3457,#3469,#3465));
#13235=IFCFACEOUTERBOUND(#13231,.T.);
#13238=IFCFACE((#13235));
#13242=IFCCLOSEDSHELL((#13183,#13194,#13205,#13216,#13227,#13238));
#13246=IFCFACETEDBREP(#13242);
#13249=IFCSURFACESTYLE('IfcSurfaceStyle_175',.BOTH.,(#5068));
#13251=IFCPRESENTATIONSTYLEASSIGNMENT((#13249));
#13253=IFCSURFACESTYLE('IfcSurfaceStyle_176',.BOTH.,(#5068));
#13255=IFCPRESENTATIONSTYLEASSIGNMENT((#13253));
#13257=IFCSTYLEDITEM(#13246,(#13255),'IfcStyledItem_088');
#13261=IFCPOLYLOOP((#3473,#3477,#3481,#3485));
#13265=IFCFACEOUTERBOUND(#13261,.T.);
#13268=IFCFACE((#13265));
#13272=IFCPOLYLOOP((#3477,#3473,#3489,#3493));
#13276=IFCFACEOUTERBOUND(#13272,.T.);
#13279=IFCFACE((#13276));
#13283=IFCPOLYLOOP((#3481,#3477,#3493,#3497));
#13287=IFCFACEOUTERBOUND(#13283,.T.);
#13290=IFCFACE((#13287));
#13295=IFCPOLYLOOP((#3485,#3481,#3497,#3501));
#13299=IFCFACEOUTERBOUND(#13295,.T.);
#13302=IFCFACE((#13299));
#13306=IFCPOLYLOOP((#3473,#3485,#3501,#3489));
#13310=IFCFACEOUTERBOUND(#13306,.T.);
#13313=IFCFACE((#13310));
#13317=IFCPOLYLOOP((#3493,#3489,#3501,#3497));
#13321=IFCFACEOUTERBOUND(#13317,.T.);
#13324=IFCFACE((#13321));
#13328=IFCCLOSEDSHELL((#13268,#13279,#13290,#13302,#13313,#13324));
#13332=IFCFACETEDBREP(#13328);
#13335=IFCSURFACESTYLE('IfcSurfaceStyle_163',.BOTH.,(#5068));
#13337=IFCPRESENTATIONSTYLEASSIGNMENT((#13335));
#13339=IFCSURFACESTYLE('IfcSurfaceStyle_164',.BOTH.,(#5068));
#13341=IFCPRESENTATIONSTYLEASSIGNMENT((#13339));
#13343=IFCSTYLEDITEM(#13332,(#13341),'IfcStyledItem_082');
#13347=IFCPOLYLOOP((#3505,#3509,#3513,#3517));
#13351=IFCFACEOUTERBOUND(#13347,.T.);
#13354=IFCFACE((#13351));
#13358=IFCPOLYLOOP((#3509,#3505,#3521,#3525));
#13362=IFCFACEOUTERBOUND(#13358,.T.);
#13365=IFCFACE((#13362));
#13369=IFCPOLYLOOP((#3513,#3509,#3525,#3529));
#13373=IFCFACEOUTERBOUND(#13369,.T.);
#13376=IFCFACE((#13373));
#13380=IFCPOLYLOOP((#3517,#3513,#3529,#3533));
#13384=IFCFACEOUTERBOUND(#13380,.T.);
#13387=IFCFACE((#13384));
#13391=IFCPOLYLOOP((#3505,#3517,#3533,#3521));
#13395=IFCFACEOUTERBOUND(#13391,.T.);
#13398=IFCFACE((#13395));
#13402=IFCPOLYLOOP((#3525,#3521,#3533,#3529));
#13406=IFCFACEOUTERBOUND(#13402,.T.);
#13409=IFCFACE((#13406));
#13413=IFCCLOSEDSHELL((#13354,#13365,#13376,#13387,#13398,#13409));
#13417=IFCFACETEDBREP(#13413);
#13420=IFCSURFACESTYLE('IfcSurfaceStyle_157',.BOTH.,(#5068));
#13423=IFCPRESENTATIONSTYLEASSIGNMENT((#13420));
#13425=IFCSURFACESTYLE('IfcSurfaceStyle_158',.BOTH.,(#5068));
#13427=IFCPRESENTATIONSTYLEASSIGNMENT((#13425));
#13429=IFCSTYLEDITEM(#13417,(#13427),'IfcStyledItem_079');
#13433=IFCPOLYLOOP((#3537,#3541,#3545,#3549));
#13437=IFCFACEOUTERBOUND(#13433,.T.);
#13440=IFCFACE((#13437));
#13444=IFCPOLYLOOP((#3541,#3537,#3553,#3557));
#13448=IFCFACEOUTERBOUND(#13444,.T.);
#13451=IFCFACE((#13448));
#13455=IFCPOLYLOOP((#3545,#3541,#3557,#3561));
#13459=IFCFACEOUTERBOUND(#13455,.T.);
#13462=IFCFACE((#13459));
#13466=IFCPOLYLOOP((#3549,#3545,#3561,#3566));
#13470=IFCFACEOUTERBOUND(#13466,.T.);
#13473=IFCFACE((#13470));
#13477=IFCPOLYLOOP((#3537,#3549,#3566,#3553));
#13481=IFCFACEOUTERBOUND(#13477,.T.);
#13484=IFCFACE((#13481));
#13488=IFCPOLYLOOP((#3557,#3553,#3566,#3561));
#13492=IFCFACEOUTERBOUND(#13488,.T.);
#13495=IFCFACE((#13492));
#13499=IFCCLOSEDSHELL((#13440,#13451,#13462,#13473,#13484,#13495));
#13503=IFCFACETEDBREP(#13499);
#13506=IFCSURFACESTYLE('IfcSurfaceStyle_151',.BOTH.,(#5068));
#13508=IFCPRESENTATIONSTYLEASSIGNMENT((#13506));
#13510=IFCSURFACESTYLE('IfcSurfaceStyle_152',.BOTH.,(#5068));
#13512=IFCPRESENTATIONSTYLEASSIGNMENT((#13510));
#13514=IFCSTYLEDITEM(#13503,(#13512),'IfcStyledItem_076');
#13518=IFCPOLYLOOP((#3570,#3574,#3578,#3582));
#13522=IFCFACEOUTERBOUND(#13518,.T.);
#13525=IFCFACE((#13522));
#13529=IFCPOLYLOOP((#3574,#3570,#3586,#3590));
#13533=IFCFACEOUTERBOUND(#13529,.T.);
#13536=IFCFACE((#13533));
#13540=IFCPOLYLOOP((#3578,#3574,#3590,#3594));
#13544=IFCFACEOUTERBOUND(#13540,.T.);
#13547=IFCFACE((#13544));
#13552=IFCPOLYLOOP((#3582,#3578,#3594,#3598));
#13556=IFCFACEOUTERBOUND(#13552,.T.);
#13559=IFCFACE((#13556));
#13563=IFCPOLYLOOP((#3570,#3582,#3598,#3586));
#13567=IFCFACEOUTERBOUND(#13563,.T.);
#13570=IFCFACE((#13567));
#13574=IFCPOLYLOOP((#3590,#3586,#3598,#3594));
#13578=IFCFACEOUTERBOUND(#13574,.T.);
#13581=IFCFACE((#13578));
#13585=IFCCLOSEDSHELL((#13525,#13536,#13547,#13559,#13570,#13581));
#13589=IFCFACETEDBREP(#13585);
#13592=IFCSURFACESTYLE('IfcSurfaceStyle_139',.BOTH.,(#5068));
#13594=IFCPRESENTATIONSTYLEASSIGNMENT((#13592));
#13596=IFCSURFACESTYLE('IfcSurfaceStyle_140',.BOTH.,(#5068));
#13598=IFCPRESENTATIONSTYLEASSIGNMENT((#13596));
#13600=IFCSTYLEDITEM(#13589,(#13598),'IfcStyledItem_070');
#13604=IFCPOLYLOOP((#3602,#3606,#3610,#3614));
#13608=IFCFACEOUTERBOUND(#13604,.T.);
#13611=IFCFACE((#13608));
#13615=IFCPOLYLOOP((#3602,#3618,#3622,#3606));
#13619=IFCFACEOUTERBOUND(#13615,.T.);
#13622=IFCPOLYLOOP((#3626,#3630,#3634,#3638));
#13626=IFCFACEBOUND(#13622,.T.);
#13629=IFCFACE((#13619,#13626));
#13633=IFCPOLYLOOP((#3606,#3622,#3642,#3610));
#13637=IFCFACEOUTERBOUND(#13633,.T.);
#13640=IFCFACE((#13637));
#13644=IFCPOLYLOOP((#3614,#3610,#3642,#3646));
#13648=IFCFACEOUTERBOUND(#13644,.T.);
#13651=IFCPOLYLOOP((#3650,#3654,#3658,#3662));
#13655=IFCFACEBOUND(#13651,.T.);
#13658=IFCFACE((#13648,#13655));
#13662=IFCPOLYLOOP((#3618,#3602,#3614,#3646));
#13666=IFCFACEOUTERBOUND(#13662,.T.);
#13669=IFCFACE((#13666));
#13673=IFCPOLYLOOP((#3622,#3618,#3646,#3642));
#13678=IFCFACEOUTERBOUND(#13673,.T.);
#13681=IFCFACE((#13678));
#13685=IFCPOLYLOOP((#3630,#3626,#3650,#3662));
#13689=IFCFACEOUTERBOUND(#13685,.T.);
#13692=IFCFACE((#13689));
#13696=IFCPOLYLOOP((#3634,#3630,#3662,#3658));
#13700=IFCFACEOUTERBOUND(#13696,.T.);
#13703=IFCFACE((#13700));
#13707=IFCPOLYLOOP((#3638,#3634,#3658,#3654));
#13711=IFCFACEOUTERBOUND(#13707,.T.);
#13714=IFCFACE((#13711));
#13718=IFCPOLYLOOP((#3626,#3638,#3654,#3650));
#13722=IFCFACEOUTERBOUND(#13718,.T.);
#13725=IFCFACE((#13722));
#13729=IFCCLOSEDSHELL((#13611,#13629,#13640,#13658,#13669,#13681,#13692,#13703,#13714,#13725));
#13733=IFCFACETEDBREP(#13729);
#13736=IFCSURFACESTYLE('IfcSurfaceStyle_131',.BOTH.,(#9015));
#13738=IFCPRESENTATIONSTYLEASSIGNMENT((#13736));
#13740=IFCSURFACESTYLE('IfcSurfaceStyle_133',.BOTH.,(#9015));
#13742=IFCPRESENTATIONSTYLEASSIGNMENT((#13740));
#13744=IFCSTYLEDITEM(#13733,(#13742),'IfcStyledItem_066');
#13748=IFCPOLYLOOP((#3666,#3670,#3674,#3678));
#13752=IFCFACEOUTERBOUND(#13748,.T.);
#13755=IFCFACE((#13752));
#13759=IFCPOLYLOOP((#3666,#3682,#3686,#3670));
#13763=IFCFACEOUTERBOUND(#13759,.T.);
#13766=IFCFACE((#13763));
#13770=IFCPOLYLOOP((#3670,#3686,#3690,#3674));
#13774=IFCFACEOUTERBOUND(#13770,.T.);
#13777=IFCFACE((#13774));
#13781=IFCPOLYLOOP((#3678,#3674,#3690,#3695));
#13785=IFCFACEOUTERBOUND(#13781,.T.);
#13788=IFCFACE((#13785));
#13792=IFCPOLYLOOP((#3682,#3666,#3678,#3695));
#13796=IFCFACEOUTERBOUND(#13792,.T.);
#13799=IFCFACE((#13796));
#13803=IFCPOLYLOOP((#3686,#3682,#3695,#3690));
#13808=IFCFACEOUTERBOUND(#13803,.T.);
#13811=IFCFACE((#13808));
#13815=IFCCLOSEDSHELL((#13755,#13766,#13777,#13788,#13799,#13811));
#13819=IFCFACETEDBREP(#13815);
#13822=IFCSURFACESTYLE('IfcSurfaceStyle_125',.BOTH.,(#5068));
#13824=IFCPRESENTATIONSTYLEASSIGNMENT((#13822));
#13826=IFCSURFACESTYLE('IfcSurfaceStyle_127',.BOTH.,(#5068));
#13828=IFCPRESENTATIONSTYLEASSIGNMENT((#13826));
#13830=IFCSTYLEDITEM(#13819,(#13828),'IfcStyledItem_063');
#13834=IFCPOLYLOOP((#3699,#3703,#3707,#3711));
#13838=IFCFACEOUTERBOUND(#13834,.T.);
#13841=IFCFACE((#13838));
#13845=IFCPOLYLOOP((#3699,#3715,#3719,#3703));
#13849=IFCFACEOUTERBOUND(#13845,.T.);
#13852=IFCFACE((#13849));
#13856=IFCPOLYLOOP((#3703,#3719,#3723,#3707));
#13860=IFCFACEOUTERBOUND(#13856,.T.);
#13863=IFCFACE((#13860));
#13867=IFCPOLYLOOP((#3711,#3707,#3723,#3727));
#13871=IFCFACEOUTERBOUND(#13867,.T.);
#13874=IFCFACE((#13871));
#13878=IFCPOLYLOOP((#3715,#3699,#3711,#3727));
#13882=IFCFACEOUTERBOUND(#13878,.T.);
#13885=IFCFACE((#13882));
#13889=IFCPOLYLOOP((#3719,#3715,#3727,#3723));
#13893=IFCFACEOUTERBOUND(#13889,.T.);
#13896=IFCFACE((#13893));
#13900=IFCCLOSEDSHELL((#13841,#13852,#13863,#13874,#13885,#13896));
#13904=IFCFACETEDBREP(#13900);
#13907=IFCSURFACESTYLE('IfcSurfaceStyle_119',.BOTH.,(#5068));
#13909=IFCPRESENTATIONSTYLEASSIGNMENT((#13907));
#13911=IFCSURFACESTYLE('IfcSurfaceStyle_121',.BOTH.,(#5068));
#13913=IFCPRESENTATIONSTYLEASSIGNMENT((#13911));
#13915=IFCSTYLEDITEM(#13904,(#13913),'IfcStyledItem_060');
#13919=IFCPOLYLOOP((#3731,#3735,#3739,#3743));
#13923=IFCFACEOUTERBOUND(#13919,.T.);
#13926=IFCFACE((#13923));
#13930=IFCPOLYLOOP((#3731,#3747,#3751,#3735));
#13935=IFCFACEOUTERBOUND(#13930,.T.);
#13938=IFCFACE((#13935));
#13942=IFCPOLYLOOP((#3735,#3751,#3755,#3739));
#13946=IFCFACEOUTERBOUND(#13942,.T.);
#13949=IFCFACE((#13946));
#13953=IFCPOLYLOOP((#3743,#3739,#3755,#3759));
#13957=IFCFACEOUTERBOUND(#13953,.T.);
#13960=IFCFACE((#13957));
#13964=IFCPOLYLOOP((#3747,#3731,#3743,#3759));
#13968=IFCFACEOUTERBOUND(#13964,.T.);
#13971=IFCFACE((#13968));
#13975=IFCPOLYLOOP((#3751,#3747,#3759,#3755));
#13979=IFCFACEOUTERBOUND(#13975,.T.);
#13982=IFCFACE((#13979));
#13986=IFCCLOSEDSHELL((#13926,#13938,#13949,#13960,#13971,#13982));
#13990=IFCFACETEDBREP(#13986);
#13993=IFCSURFACESTYLE('IfcSurfaceStyle_113',.BOTH.,(#5068));
#13995=IFCPRESENTATIONSTYLEASSIGNMENT((#13993));
#13997=IFCSURFACESTYLE('IfcSurfaceStyle_115',.BOTH.,(#5068));
#13999=IFCPRESENTATIONSTYLEASSIGNMENT((#13997));
#14001=IFCSTYLEDITEM(#13990,(#13999),'IfcStyledItem_057');
#14005=IFCPOLYLOOP((#3763,#3767,#3771,#3775));
#14009=IFCFACEOUTERBOUND(#14005,.T.);
#14012=IFCFACE((#14009));
#14016=IFCPOLYLOOP((#3763,#3779,#3783,#3767));
#14020=IFCFACEOUTERBOUND(#14016,.T.);
#14023=IFCFACE((#14020));
#14027=IFCPOLYLOOP((#3767,#3783,#3787,#3771));
#14031=IFCFACEOUTERBOUND(#14027,.T.);
#14034=IFCFACE((#14031));
#14038=IFCPOLYLOOP((#3775,#3771,#3787,#3791));
#14042=IFCFACEOUTERBOUND(#14038,.T.);
#14045=IFCFACE((#14042));
#14049=IFCPOLYLOOP((#3779,#3763,#3775,#3791));
#14053=IFCFACEOUTERBOUND(#14049,.T.);
#14056=IFCFACE((#14053));
#14060=IFCPOLYLOOP((#3783,#3779,#3791,#3787));
#14065=IFCFACEOUTERBOUND(#14060,.T.);
#14068=IFCFACE((#14065));
#14072=IFCCLOSEDSHELL((#14012,#14023,#14034,#14045,#14056,#14068));
#14076=IFCFACETEDBREP(#14072);
#14079=IFCSURFACESTYLE('IfcSurfaceStyle_109',.BOTH.,(#5068));
#14081=IFCPRESENTATIONSTYLEASSIGNMENT((#14079));
#14083=IFCSURFACESTYLE('IfcSurfaceStyle_111',.BOTH.,(#5068));
#14085=IFCPRESENTATIONSTYLEASSIGNMENT((#14083));
#14087=IFCSTYLEDITEM(#14076,(#14085),'IfcStyledItem_055');
#14091=IFCPOLYLOOP((#3795,#3799,#3803,#3807));
#14095=IFCFACEOUTERBOUND(#14091,.T.);
#14098=IFCFACE((#14095));
#14102=IFCPOLYLOOP((#3795,#3811,#3815,#3799));
#14106=IFCFACEOUTERBOUND(#14102,.T.);
#14109=IFCFACE((#14106));
#14113=IFCPOLYLOOP((#3799,#3815,#3819,#3803));
#14117=IFCFACEOUTERBOUND(#14113,.T.);
#14120=IFCFACE((#14117));
#14124=IFCPOLYLOOP((#3807,#3803,#3819,#3824));
#14128=IFCFACEOUTERBOUND(#14124,.T.);
#14131=IFCFACE((#14128));
#14135=IFCPOLYLOOP((#3811,#3795,#3807,#3824));
#14139=IFCFACEOUTERBOUND(#14135,.T.);
#14142=IFCFACE((#14139));
#14146=IFCPOLYLOOP((#3815,#3811,#3824,#3819));
#14150=IFCFACEOUTERBOUND(#14146,.T.);
#14153=IFCFACE((#14150));
#14157=IFCCLOSEDSHELL((#14098,#14109,#14120,#14131,#14142,#14153));
#14161=IFCFACETEDBREP(#14157);
#14164=IFCSURFACESTYLE('IfcSurfaceStyle_099',.BOTH.,(#5068));
#14166=IFCPRESENTATIONSTYLEASSIGNMENT((#14164));
#14168=IFCSURFACESTYLE('IfcSurfaceStyle_101',.BOTH.,(#5068));
#14170=IFCPRESENTATIONSTYLEASSIGNMENT((#14168));
#14172=IFCSTYLEDITEM(#14161,(#14170),'IfcStyledItem_050');
#14176=IFCPOLYLOOP((#3828,#3832,#3836,#3840));
#14180=IFCFACEOUTERBOUND(#14176,.T.);
#14183=IFCFACE((#14180));
#14187=IFCPOLYLOOP((#3828,#3844,#3848,#3832));
#14192=IFCFACEOUTERBOUND(#14187,.T.);
#14195=IFCFACE((#14192));
#14199=IFCPOLYLOOP((#3832,#3848,#3852,#3836));
#14203=IFCFACEOUTERBOUND(#14199,.T.);
#14206=IFCFACE((#14203));
#14210=IFCPOLYLOOP((#3840,#3836,#3852,#3856));
#14214=IFCFACEOUTERBOUND(#14210,.T.);
#14217=IFCFACE((#14214));
#14221=IFCPOLYLOOP((#3844,#3828,#3840,#3856));
#14225=IFCFACEOUTERBOUND(#14221,.T.);
#14228=IFCFACE((#14225));
#14232=IFCPOLYLOOP((#3848,#3844,#3856,#3852));
#14236=IFCFACEOUTERBOUND(#14232,.T.);
#14239=IFCFACE((#14236));
#14243=IFCCLOSEDSHELL((#14183,#14195,#14206,#14217,#14228,#14239));
#14247=IFCFACETEDBREP(#14243);
#14250=IFCSURFACESTYLE('IfcSurfaceStyle_093',.BOTH.,(#5068));
#14252=IFCPRESENTATIONSTYLEASSIGNMENT((#14250));
#14254=IFCSURFACESTYLE('IfcSurfaceStyle_095',.BOTH.,(#5068));
#14256=IFCPRESENTATIONSTYLEASSIGNMENT((#14254));
#14258=IFCSTYLEDITEM(#14247,(#14256),'IfcStyledItem_047');
#14262=IFCPOLYLOOP((#3860,#3864,#3868,#3872));
#14266=IFCFACEOUTERBOUND(#14262,.T.);
#14269=IFCFACE((#14266));
#14273=IFCPOLYLOOP((#3860,#3876,#3880,#3864));
#14277=IFCFACEOUTERBOUND(#14273,.T.);
#14280=IFCFACE((#14277));
#14284=IFCPOLYLOOP((#3864,#3880,#3884,#3868));
#14288=IFCFACEOUTERBOUND(#14284,.T.);
#14291=IFCFACE((#14288));
#14295=IFCPOLYLOOP((#3872,#3868,#3884,#3888));
#14299=IFCFACEOUTERBOUND(#14295,.T.);
#14302=IFCFACE((#14299));
#14306=IFCPOLYLOOP((#3876,#3860,#3872,#3888));
#14310=IFCFACEOUTERBOUND(#14306,.T.);
#14313=IFCFACE((#14310));
#14318=IFCPOLYLOOP((#3880,#3876,#3888,#3884));
#14322=IFCFACEOUTERBOUND(#14318,.T.);
#14325=IFCFACE((#14322));
#14329=IFCCLOSEDSHELL((#14269,#14280,#14291,#14302,#14313,#14325));
#14333=IFCFACETEDBREP(#14329);
#14336=IFCSURFACESTYLE('IfcSurfaceStyle_087',.BOTH.,(#5068));
#14338=IFCPRESENTATIONSTYLEASSIGNMENT((#14336));
#14340=IFCSURFACESTYLE('IfcSurfaceStyle_089',.BOTH.,(#5068));
#14342=IFCPRESENTATIONSTYLEASSIGNMENT((#14340));
#14344=IFCSTYLEDITEM(#14333,(#14342),'IfcStyledItem_044');
#14348=IFCPOLYLOOP((#3892,#3896,#3900,#3904));
#14352=IFCFACEOUTERBOUND(#14348,.T.);
#14355=IFCFACE((#14352));
#14359=IFCPOLYLOOP((#3892,#3908,#3912,#3896));
#14363=IFCFACEOUTERBOUND(#14359,.T.);
#14366=IFCFACE((#14363));
#14370=IFCPOLYLOOP((#3896,#3912,#3916,#3900));
#14374=IFCFACEOUTERBOUND(#14370,.T.);
#14377=IFCFACE((#14374));
#14381=IFCPOLYLOOP((#3904,#3900,#3916,#3920));
#14385=IFCFACEOUTERBOUND(#14381,.T.);
#14388=IFCFACE((#14385));
#14392=IFCPOLYLOOP((#3908,#3892,#3904,#3920));
#14396=IFCFACEOUTERBOUND(#14392,.T.);
#14399=IFCFACE((#14396));
#14403=IFCPOLYLOOP((#3912,#3908,#3920,#3916));
#14407=IFCFACEOUTERBOUND(#14403,.T.);
#14410=IFCFACE((#14407));
#14414=IFCCLOSEDSHELL((#14355,#14366,#14377,#14388,#14399,#14410));
#14418=IFCFACETEDBREP(#14414);
#14421=IFCSURFACESTYLE('IfcSurfaceStyle_075',.BOTH.,(#5068));
#14423=IFCPRESENTATIONSTYLEASSIGNMENT((#14421));
#14425=IFCSURFACESTYLE('IfcSurfaceStyle_077',.BOTH.,(#5068));
#14427=IFCPRESENTATIONSTYLEASSIGNMENT((#14425));
#14429=IFCSTYLEDITEM(#14418,(#14427),'IfcStyledItem_039');
#14433=IFCPOLYLOOP((#3924,#3928,#3932,#3936));
#14437=IFCFACEOUTERBOUND(#14433,.T.);
#14440=IFCFACE((#14437));
#14444=IFCPOLYLOOP((#3924,#3940,#3944,#3928));
#14449=IFCFACEOUTERBOUND(#14444,.T.);
#14452=IFCFACE((#14449));
#14456=IFCPOLYLOOP((#3928,#3944,#3948,#3932));
#14460=IFCFACEOUTERBOUND(#14456,.T.);
#14463=IFCFACE((#14460));
#14467=IFCPOLYLOOP((#3936,#3932,#3948,#3953));
#14471=IFCFACEOUTERBOUND(#14467,.T.);
#14474=IFCFACE((#14471));
#14478=IFCPOLYLOOP((#3940,#3924,#3936,#3953));
#14482=IFCFACEOUTERBOUND(#14478,.T.);
#14485=IFCFACE((#14482));
#14489=IFCPOLYLOOP((#3944,#3940,#3953,#3948));
#14493=IFCFACEOUTERBOUND(#14489,.T.);
#14496=IFCFACE((#14493));
#14500=IFCCLOSEDSHELL((#14440,#14452,#14463,#14474,#14485,#14496));
#14504=IFCFACETEDBREP(#14500);
#14507=IFCSURFACESTYLE('IfcSurfaceStyle_069',.BOTH.,(#5068));
#14509=IFCPRESENTATIONSTYLEASSIGNMENT((#14507));
#14511=IFCSURFACESTYLE('IfcSurfaceStyle_071',.BOTH.,(#5068));
#14513=IFCPRESENTATIONSTYLEASSIGNMENT((#14511));
#14515=IFCSTYLEDITEM(#14504,(#14513),'IfcStyledItem_035');
#14519=IFCPOLYLOOP((#3957,#3961,#3965,#3969));
#14523=IFCFACEOUTERBOUND(#14519,.T.);
#14526=IFCFACE((#14523));
#14530=IFCPOLYLOOP((#3957,#3973,#3977,#3961));
#14534=IFCFACEOUTERBOUND(#14530,.T.);
#14537=IFCPOLYLOOP((#3981,#3985,#3989,#3993));
#14541=IFCFACEBOUND(#14537,.T.);
#14544=IFCFACE((#14534,#14541));
#14548=IFCPOLYLOOP((#3961,#3977,#3997,#3965));
#14552=IFCFACEOUTERBOUND(#14548,.T.);
#14555=IFCFACE((#14552));
#14559=IFCPOLYLOOP((#3969,#3965,#3997,#4001));
#14563=IFCFACEOUTERBOUND(#14559,.T.);
#14566=IFCPOLYLOOP((#4005,#4009,#4013,#4017));
#14570=IFCFACEBOUND(#14566,.T.);
#14574=IFCFACE((#14563,#14570));
#14578=IFCPOLYLOOP((#3973,#3957,#3969,#4001));
#14582=IFCFACEOUTERBOUND(#14578,.T.);
#14585=IFCFACE((#14582));
#14589=IFCPOLYLOOP((#3977,#3973,#4001,#3997));
#14593=IFCFACEOUTERBOUND(#14589,.T.);
#14596=IFCFACE((#14593));
#14600=IFCPOLYLOOP((#3985,#3981,#4005,#4017));
#14604=IFCFACEOUTERBOUND(#14600,.T.);
#14607=IFCFACE((#14604));
#14611=IFCPOLYLOOP((#3989,#3985,#4017,#4013));
#14615=IFCFACEOUTERBOUND(#14611,.T.);
#14618=IFCFACE((#14615));
#14622=IFCPOLYLOOP((#3993,#3989,#4013,#4009));
#14626=IFCFACEOUTERBOUND(#14622,.T.);
#14629=IFCFACE((#14626));
#14633=IFCPOLYLOOP((#3981,#3993,#4009,#4005));
#14637=IFCFACEOUTERBOUND(#14633,.T.);
#14640=IFCFACE((#14637));
#14644=IFCCLOSEDSHELL((#14526,#14544,#14555,#14574,#14585,#14596,#14607,#14618,#14629,#14640));
#14648=IFCFACETEDBREP(#14644);
#14651=IFCSURFACESTYLE('IfcSurfaceStyle_059',.BOTH.,(#9015));
#14653=IFCPRESENTATIONSTYLEASSIGNMENT((#14651));
#14655=IFCSURFACESTYLE('IfcSurfaceStyle_060',.BOTH.,(#9015));
#14657=IFCPRESENTATIONSTYLEASSIGNMENT((#14655));
#14659=IFCSTYLEDITEM(#14648,(#14657),'IfcStyledItem_030');
#14663=IFCPOLYLOOP((#4021,#4025,#4029,#4033));
#14667=IFCFACEOUTERBOUND(#14663,.T.);
#14670=IFCFACE((#14667));
#14674=IFCPOLYLOOP((#4025,#4021,#4037,#4041));
#14678=IFCFACEOUTERBOUND(#14674,.T.);
#14681=IFCFACE((#14678));
#14685=IFCPOLYLOOP((#4029,#4025,#4041,#4045));
#14689=IFCFACEOUTERBOUND(#14685,.T.);
#14692=IFCFACE((#14689));
#14696=IFCPOLYLOOP((#4033,#4029,#4045,#4049));
#14700=IFCFACEOUTERBOUND(#14696,.T.);
#14704=IFCFACE((#14700));
#14708=IFCPOLYLOOP((#4021,#4033,#4049,#4037));
#14712=IFCFACEOUTERBOUND(#14708,.T.);
#14715=IFCFACE((#14712));
#14719=IFCPOLYLOOP((#4041,#4037,#4049,#4045));
#14723=IFCFACEOUTERBOUND(#14719,.T.);
#14726=IFCFACE((#14723));
#14730=IFCCLOSEDSHELL((#14670,#14681,#14692,#14704,#14715,#14726));
#14734=IFCFACETEDBREP(#14730);
#14737=IFCSURFACESTYLE('IfcSurfaceStyle_049',.BOTH.,(#5068));
#14739=IFCPRESENTATIONSTYLEASSIGNMENT((#14737));
#14741=IFCSURFACESTYLE('IfcSurfaceStyle_050',.BOTH.,(#5068));
#14743=IFCPRESENTATIONSTYLEASSIGNMENT((#14741));
#14745=IFCSTYLEDITEM(#14734,(#14743),'IfcStyledItem_025');
#14749=IFCPOLYLOOP((#4053,#4057,#4061,#4065));
#14753=IFCFACEOUTERBOUND(#14749,.T.);
#14756=IFCFACE((#14753));
#14760=IFCPOLYLOOP((#4057,#4053,#4069,#4073));
#14764=IFCFACEOUTERBOUND(#14760,.T.);
#14767=IFCFACE((#14764));
#14771=IFCPOLYLOOP((#4061,#4057,#4073,#4078));
#14775=IFCFACEOUTERBOUND(#14771,.T.);
#14778=IFCFACE((#14775));
#14782=IFCPOLYLOOP((#4065,#4061,#4078,#4082));
#14786=IFCFACEOUTERBOUND(#14782,.T.);
#14789=IFCFACE((#14786));
#14793=IFCPOLYLOOP((#4053,#4065,#4082,#4069));
#14797=IFCFACEOUTERBOUND(#14793,.T.);
#14800=IFCFACE((#14797));
#14804=IFCPOLYLOOP((#4073,#4069,#4082,#4078));
#14808=IFCFACEOUTERBOUND(#14804,.T.);
#14811=IFCFACE((#14808));
#14815=IFCCLOSEDSHELL((#14756,#14767,#14778,#14789,#14800,#14811));
#14819=IFCFACETEDBREP(#14815);
#14822=IFCSURFACESTYLE('IfcSurfaceStyle_045',.BOTH.,(#5068));
#14824=IFCPRESENTATIONSTYLEASSIGNMENT((#14822));
#14826=IFCSURFACESTYLE('IfcSurfaceStyle_046',.BOTH.,(#5068));
#14828=IFCPRESENTATIONSTYLEASSIGNMENT((#14826));
#14831=IFCSTYLEDITEM(#14819,(#14828),'IfcStyledItem_023');
#14835=IFCPOLYLOOP((#4086,#4090,#4094,#4098));
#14839=IFCFACEOUTERBOUND(#14835,.T.);
#14842=IFCFACE((#14839));
#14846=IFCPOLYLOOP((#4090,#4086,#4102,#4106));
#14850=IFCFACEOUTERBOUND(#14846,.T.);
#14853=IFCFACE((#14850));
#14857=IFCPOLYLOOP((#4094,#4090,#4106,#4110));
#14861=IFCFACEOUTERBOUND(#14857,.T.);
#14864=IFCFACE((#14861));
#14868=IFCPOLYLOOP((#4098,#4094,#4110,#4114));
#14872=IFCFACEOUTERBOUND(#14868,.T.);
#14875=IFCFACE((#14872));
#14879=IFCPOLYLOOP((#4086,#4098,#4114,#4102));
#14883=IFCFACEOUTERBOUND(#14879,.T.);
#14886=IFCFACE((#14883));
#14890=IFCPOLYLOOP((#4106,#4102,#4114,#4110));
#14894=IFCFACEOUTERBOUND(#14890,.T.);
#14897=IFCFACE((#14894));
#14901=IFCCLOSEDSHELL((#14842,#14853,#14864,#14875,#14886,#14897));
#14905=IFCFACETEDBREP(#14901);
#14908=IFCSURFACESTYLE('IfcSurfaceStyle_039',.BOTH.,(#5068));
#14910=IFCPRESENTATIONSTYLEASSIGNMENT((#14908));
#14912=IFCSURFACESTYLE('IfcSurfaceStyle_040',.BOTH.,(#5068));
#14914=IFCPRESENTATIONSTYLEASSIGNMENT((#14912));
#14916=IFCSTYLEDITEM(#14905,(#14914),'IfcStyledItem_020');
#14920=IFCPOLYLOOP((#4118,#4122,#4126,#4130));
#14924=IFCFACEOUTERBOUND(#14920,.T.);
#14927=IFCFACE((#14924));
#14931=IFCPOLYLOOP((#4122,#4118,#4134,#4138));
#14935=IFCFACEOUTERBOUND(#14931,.T.);
#14938=IFCFACE((#14935));
#14942=IFCPOLYLOOP((#4126,#4122,#4138,#4142));
#14946=IFCFACEOUTERBOUND(#14942,.T.);
#14949=IFCFACE((#14946));
#14953=IFCPOLYLOOP((#4130,#4126,#4142,#4146));
#14958=IFCFACEOUTERBOUND(#14953,.T.);
#14961=IFCFACE((#14958));
#14965=IFCPOLYLOOP((#4118,#4130,#4146,#4134));
#14969=IFCFACEOUTERBOUND(#14965,.T.);
#14972=IFCFACE((#14969));
#14976=IFCPOLYLOOP((#4138,#4134,#4146,#4142));
#14980=IFCFACEOUTERBOUND(#14976,.T.);
#14983=IFCFACE((#14980));
#14987=IFCCLOSEDSHELL((#14927,#14938,#14949,#14961,#14972,#14983));
#14991=IFCFACETEDBREP(#14987);
#14994=IFCSURFACESTYLE('IfcSurfaceStyle_029',.BOTH.,(#5068));
#14996=IFCPRESENTATIONSTYLEASSIGNMENT((#14994));
#14998=IFCSURFACESTYLE('IfcSurfaceStyle_030',.BOTH.,(#5068));
#15000=IFCPRESENTATIONSTYLEASSIGNMENT((#14998));
#15002=IFCSTYLEDITEM(#14991,(#15000),'IfcStyledItem_015');
#15006=IFCPOLYLOOP((#4150,#4154,#4158,#4162));
#15010=IFCFACEOUTERBOUND(#15006,.T.);
#15013=IFCFACE((#15010));
#15017=IFCPOLYLOOP((#4154,#4150,#4166,#4170));
#15021=IFCFACEOUTERBOUND(#15017,.T.);
#15024=IFCFACE((#15021));
#15028=IFCPOLYLOOP((#4158,#4154,#4170,#4174));
#15032=IFCFACEOUTERBOUND(#15028,.T.);
#15035=IFCFACE((#15032));
#15039=IFCPOLYLOOP((#4162,#4158,#4174,#4178));
#15043=IFCFACEOUTERBOUND(#15039,.T.);
#15046=IFCFACE((#15043));
#15050=IFCPOLYLOOP((#4150,#4162,#4178,#4166));
#15054=IFCFACEOUTERBOUND(#15050,.T.);
#15057=IFCFACE((#15054));
#15061=IFCPOLYLOOP((#4170,#4166,#4178,#4174));
#15065=IFCFACEOUTERBOUND(#15061,.T.);
#15068=IFCFACE((#15065));
#15072=IFCCLOSEDSHELL((#15013,#15024,#15035,#15046,#15057,#15068));
#15076=IFCFACETEDBREP(#15072);
#15079=IFCSURFACESTYLE('IfcSurfaceStyle_025',.BOTH.,(#5068));
#15081=IFCPRESENTATIONSTYLEASSIGNMENT((#15079));
#15083=IFCSURFACESTYLE('IfcSurfaceStyle_026',.BOTH.,(#5068));
#15086=IFCPRESENTATIONSTYLEASSIGNMENT((#15083));
#15088=IFCSTYLEDITEM(#15076,(#15086),'IfcStyledItem_013');
#15092=IFCPOLYLOOP((#4182,#4186,#4190,#4194));
#15096=IFCFACEOUTERBOUND(#15092,.T.);
#15099=IFCFACE((#15096));
#15103=IFCPOLYLOOP((#4186,#4182,#4198,#4202));
#15107=IFCFACEOUTERBOUND(#15103,.T.);
#15110=IFCFACE((#15107));
#15114=IFCPOLYLOOP((#4190,#4186,#4202,#4207));
#15118=IFCFACEOUTERBOUND(#15114,.T.);
#15121=IFCFACE((#15118));
#15125=IFCPOLYLOOP((#4194,#4190,#4207,#4211));
#15129=IFCFACEOUTERBOUND(#15125,.T.);
#15132=IFCFACE((#15129));
#15136=IFCPOLYLOOP((#4182,#4194,#4211,#4198));
#15140=IFCFACEOUTERBOUND(#15136,.T.);
#15143=IFCFACE((#15140));
#15147=IFCPOLYLOOP((#4202,#4198,#4211,#4207));
#15151=IFCFACEOUTERBOUND(#15147,.T.);
#15154=IFCFACE((#15151));
#15158=IFCCLOSEDSHELL((#15099,#15110,#15121,#15132,#15143,#15154));
#15162=IFCFACETEDBREP(#15158);
#15165=IFCSURFACESTYLE('IfcSurfaceStyle_019',.BOTH.,(#5068));
#15167=IFCPRESENTATIONSTYLEASSIGNMENT((#15165));
#15169=IFCSURFACESTYLE('IfcSurfaceStyle_021',.BOTH.,(#5068));
#15171=IFCPRESENTATIONSTYLEASSIGNMENT((#15169));
#15173=IFCSTYLEDITEM(#15162,(#15171),'IfcStyledItem_010');
#15177=IFCPOLYLOOP((#4215,#4219,#4223,#4227));
#15181=IFCFACEOUTERBOUND(#15177,.T.);
#15184=IFCFACE((#15181));
#15188=IFCPOLYLOOP((#4215,#4231,#4235,#4219));
#15192=IFCFACEOUTERBOUND(#15188,.T.);
#15195=IFCPOLYLOOP((#4239,#4243,#4247,#4251));
#15199=IFCFACEBOUND(#15195,.T.);
#15202=IFCFACE((#15192,#15199));
#15206=IFCPOLYLOOP((#4219,#4235,#4255,#4223));
#15210=IFCFACEOUTERBOUND(#15206,.T.);
#15214=IFCFACE((#15210));
#15218=IFCPOLYLOOP((#4227,#4223,#4255,#4259));
#15222=IFCFACEOUTERBOUND(#15218,.T.);
#15225=IFCPOLYLOOP((#4263,#4267,#4271,#4275));
#15229=IFCFACEBOUND(#15225,.T.);
#15232=IFCFACE((#15222,#15229));
#15236=IFCPOLYLOOP((#4231,#4215,#4227,#4259));
#15240=IFCFACEOUTERBOUND(#15236,.T.);
#15243=IFCFACE((#15240));
#15247=IFCPOLYLOOP((#4235,#4231,#4259,#4255));
#15251=IFCFACEOUTERBOUND(#15247,.T.);
#15254=IFCFACE((#15251));
#15258=IFCPOLYLOOP((#4243,#4239,#4263,#4275));
#15262=IFCFACEOUTERBOUND(#15258,.T.);
#15265=IFCFACE((#15262));
#15269=IFCPOLYLOOP((#4247,#4243,#4275,#4271));
#15273=IFCFACEOUTERBOUND(#15269,.T.);
#15276=IFCFACE((#15273));
#15280=IFCPOLYLOOP((#4251,#4247,#4271,#4267));
#15284=IFCFACEOUTERBOUND(#15280,.T.);
#15287=IFCFACE((#15284));
#15291=IFCPOLYLOOP((#4239,#4251,#4267,#4263));
#15295=IFCFACEOUTERBOUND(#15291,.T.);
#15298=IFCFACE((#15295));
#15302=IFCCLOSEDSHELL((#15184,#15202,#15214,#15232,#15243,#15254,#15265,#15276,#15287,#15298));
#15306=IFCFACETEDBREP(#15302);
#15309=IFCSURFACESTYLE('IfcSurfaceStyle_012',.BOTH.,(#9015));
#15311=IFCPRESENTATIONSTYLEASSIGNMENT((#15309));
#15313=IFCSURFACESTYLE('IfcSurfaceStyle_001',.BOTH.,(#9015));
#15315=IFCPRESENTATIONSTYLEASSIGNMENT((#15313));
#15317=IFCSTYLEDITEM(#15306,(#15315),'IfcStyledItem_001');
#15321=IFCPOLYLOOP((#4279,#4283,#4287,#4291));
#15325=IFCFACEOUTERBOUND(#15321,.T.);
#15328=IFCFACE((#15325));
#15332=IFCPOLYLOOP((#4283,#4279,#4295,#4299));
#15336=IFCFACEOUTERBOUND(#15332,.T.);
#15339=IFCFACE((#15336));
#15344=IFCPOLYLOOP((#4287,#4283,#4299,#4303));
#15348=IFCFACEOUTERBOUND(#15344,.T.);
#15351=IFCFACE((#15348));
#15355=IFCPOLYLOOP((#4291,#4287,#4303,#4307));
#15359=IFCFACEOUTERBOUND(#15355,.T.);
#15362=IFCFACE((#15359));
#15366=IFCPOLYLOOP((#4279,#4291,#4307,#4295));
#15370=IFCFACEOUTERBOUND(#15366,.T.);
#15373=IFCFACE((#15370));
#15377=IFCPOLYLOOP((#4299,#4295,#4307,#4303));
#15381=IFCFACEOUTERBOUND(#15377,.T.);
#15384=IFCFACE((#15381));
#15388=IFCCLOSEDSHELL((#15328,#15339,#15351,#15362,#15373,#15384));
#15392=IFCFACETEDBREP(#15388);
#15395=IFCSURFACESTYLE('IfcSurfaceStyle_246',.BOTH.,(#5068));
#15397=IFCPRESENTATIONSTYLEASSIGNMENT((#15395));
#15399=IFCSURFACESTYLE('IfcSurfaceStyle_247',.BOTH.,(#5068));
#15401=IFCPRESENTATIONSTYLEASSIGNMENT((#15399));
#15403=IFCSTYLEDITEM(#15392,(#15401),'IfcStyledItem_123');
#15407=IFCPOLYLOOP((#4311,#4315,#4319,#4323));
#15411=IFCFACEOUTERBOUND(#15407,.T.);
#15414=IFCFACE((#15411));
#15418=IFCPOLYLOOP((#4315,#4311,#4327,#4331));
#15422=IFCFACEOUTERBOUND(#15418,.T.);
#15425=IFCFACE((#15422));
#15429=IFCPOLYLOOP((#4319,#4315,#4331,#4336));
#15433=IFCFACEOUTERBOUND(#15429,.T.);
#15436=IFCFACE((#15433));
#15440=IFCPOLYLOOP((#4323,#4319,#4336,#4340));
#15444=IFCFACEOUTERBOUND(#15440,.T.);
#15447=IFCFACE((#15444));
#15451=IFCPOLYLOOP((#4311,#4323,#4340,#4327));
#15455=IFCFACEOUTERBOUND(#15451,.T.);
#15458=IFCFACE((#15455));
#15462=IFCPOLYLOOP((#4331,#4327,#4340,#4336));
#15466=IFCFACEOUTERBOUND(#15462,.T.);
#15470=IFCFACE((#15466));
#15474=IFCCLOSEDSHELL((#15414,#15425,#15436,#15447,#15458,#15470));
#15478=IFCFACETEDBREP(#15474);
#15481=IFCSURFACESTYLE('IfcSurfaceStyle_240',.BOTH.,(#5068));
#15483=IFCPRESENTATIONSTYLEASSIGNMENT((#15481));
#15485=IFCSURFACESTYLE('IfcSurfaceStyle_241',.BOTH.,(#5068));
#15487=IFCPRESENTATIONSTYLEASSIGNMENT((#15485));
#15489=IFCSTYLEDITEM(#15478,(#15487),'IfcStyledItem_121');
#15493=IFCPOLYLOOP((#4344,#4348,#4352,#4356));
#15497=IFCFACEOUTERBOUND(#15493,.T.);
#15500=IFCFACE((#15497));
#15504=IFCPOLYLOOP((#4348,#4344,#4360,#4364));
#15508=IFCFACEOUTERBOUND(#15504,.T.);
#15511=IFCFACE((#15508));
#15515=IFCPOLYLOOP((#4352,#4348,#4364,#4368));
#15519=IFCFACEOUTERBOUND(#15515,.T.);
#15522=IFCFACE((#15519));
#15526=IFCPOLYLOOP((#4356,#4352,#4368,#4372));
#15530=IFCFACEOUTERBOUND(#15526,.T.);
#15533=IFCFACE((#15530));
#15537=IFCPOLYLOOP((#4344,#4356,#4372,#4360));
#15541=IFCFACEOUTERBOUND(#15537,.T.);
#15544=IFCFACE((#15541));
#15548=IFCPOLYLOOP((#4364,#4360,#4372,#4368));
#15552=IFCFACEOUTERBOUND(#15548,.T.);
#15555=IFCFACE((#15552));
#15559=IFCCLOSEDSHELL((#15500,#15511,#15522,#15533,#15544,#15555));
#15563=IFCFACETEDBREP(#15559);
#15566=IFCSURFACESTYLE('IfcSurfaceStyle_230',.BOTH.,(#5068));
#15568=IFCPRESENTATIONSTYLEASSIGNMENT((#15566));
#15570=IFCSURFACESTYLE('IfcSurfaceStyle_231',.BOTH.,(#5068));
#15572=IFCPRESENTATIONSTYLEASSIGNMENT((#15570));
#15574=IFCSTYLEDITEM(#15563,(#15572),'IfcStyledItem_116');
#15578=IFCPOLYLOOP((#4376,#4380,#4384,#4388));
#15582=IFCFACEOUTERBOUND(#15578,.T.);
#15585=IFCFACE((#15582));
#15589=IFCPOLYLOOP((#4380,#4376,#4392,#4396));
#15593=IFCFACEOUTERBOUND(#15589,.T.);
#15596=IFCFACE((#15593));
#15601=IFCPOLYLOOP((#4384,#4380,#4396,#4400));
#15605=IFCFACEOUTERBOUND(#15601,.T.);
#15608=IFCFACE((#15605));
#15612=IFCPOLYLOOP((#4388,#4384,#4400,#4404));
#15616=IFCFACEOUTERBOUND(#15612,.T.);
#15619=IFCFACE((#15616));
#15623=IFCPOLYLOOP((#4376,#4388,#4404,#4392));
#15627=IFCFACEOUTERBOUND(#15623,.T.);
#15630=IFCFACE((#15627));
#15634=IFCPOLYLOOP((#4396,#4392,#4404,#4400));
#15638=IFCFACEOUTERBOUND(#15634,.T.);
#15641=IFCFACE((#15638));
#15645=IFCCLOSEDSHELL((#15585,#15596,#15608,#15619,#15630,#15641));
#15649=IFCFACETEDBREP(#15645);
#15652=IFCSURFACESTYLE('IfcSurfaceStyle_224',.BOTH.,(#5068));
#15654=IFCPRESENTATIONSTYLEASSIGNMENT((#15652));
#15656=IFCSURFACESTYLE('IfcSurfaceStyle_225',.BOTH.,(#5068));
#15658=IFCPRESENTATIONSTYLEASSIGNMENT((#15656));
#15660=IFCSTYLEDITEM(#15649,(#15658),'IfcStyledItem_112');
#15664=IFCPOLYLOOP((#4408,#4412,#4416,#4420));
#15668=IFCFACEOUTERBOUND(#15664,.T.);
#15671=IFCFACE((#15668));
#15675=IFCPOLYLOOP((#4408,#4424,#4428,#4412));
#15679=IFCFACEOUTERBOUND(#15675,.T.);
#15682=IFCPOLYLOOP((#4432,#4436,#4440,#4444));
#15686=IFCFACEBOUND(#15682,.T.);
#15689=IFCFACE((#15679,#15686));
#15693=IFCPOLYLOOP((#4412,#4428,#4448,#4416));
#15697=IFCFACEOUTERBOUND(#15693,.T.);
#15700=IFCFACE((#15697));
#15704=IFCPOLYLOOP((#4420,#4416,#4448,#4452));
#15708=IFCFACEOUTERBOUND(#15704,.T.);
#15711=IFCPOLYLOOP((#4456,#4460,#4465,#4469));
#15715=IFCFACEBOUND(#15711,.T.);
#15718=IFCFACE((#15708,#15715));
#15722=IFCPOLYLOOP((#4424,#4408,#4420,#4452));
#15727=IFCFACEOUTERBOUND(#15722,.T.);
#15730=IFCFACE((#15727));
#15734=IFCPOLYLOOP((#4428,#4424,#4452,#4448));
#15738=IFCFACEOUTERBOUND(#15734,.T.);
#15741=IFCFACE((#15738));
#15745=IFCPOLYLOOP((#4436,#4432,#4456,#4469));
#15749=IFCFACEOUTERBOUND(#15745,.T.);
#15752=IFCFACE((#15749));
#15756=IFCPOLYLOOP((#4440,#4436,#4469,#4465));
#15760=IFCFACEOUTERBOUND(#15756,.T.);
#15763=IFCFACE((#15760));
#15767=IFCPOLYLOOP((#4444,#4440,#4465,#4460));
#15771=IFCFACEOUTERBOUND(#15767,.T.);
#15774=IFCFACE((#15771));
#15778=IFCPOLYLOOP((#4432,#4444,#4460,#4456));
#15782=IFCFACEOUTERBOUND(#15778,.T.);
#15785=IFCFACE((#15782));
#15789=IFCCLOSEDSHELL((#15671,#15689,#15700,#15718,#15730,#15741,#15752,#15763,#15774,#15785));
#15793=IFCFACETEDBREP(#15789);
#15796=IFCSURFACESTYLE('IfcSurfaceStyle_214',.BOTH.,(#9015));
#15798=IFCPRESENTATIONSTYLEASSIGNMENT((#15796));
#15800=IFCSURFACESTYLE('IfcSurfaceStyle_215',.BOTH.,(#9015));
#15802=IFCPRESENTATIONSTYLEASSIGNMENT((#15800));
#15804=IFCSTYLEDITEM(#15793,(#15802),'IfcStyledItem_107');
#15808=IFCPOLYLOOP((#4473,#4477,#4481,#4485));
#15812=IFCFACEOUTERBOUND(#15808,.T.);
#15815=IFCFACE((#15812));
#15819=IFCPOLYLOOP((#4473,#4489,#4493,#4477));
#15823=IFCFACEOUTERBOUND(#15819,.T.);
#15826=IFCFACE((#15823));
#15830=IFCPOLYLOOP((#4477,#4493,#4497,#4481));
#15834=IFCFACEOUTERBOUND(#15830,.T.);
#15837=IFCFACE((#15834));
#15841=IFCPOLYLOOP((#4485,#4481,#4497,#4501));
#15845=IFCFACEOUTERBOUND(#15841,.T.);
#15848=IFCFACE((#15845));
#15852=IFCPOLYLOOP((#4489,#4473,#4485,#4501));
#15857=IFCFACEOUTERBOUND(#15852,.T.);
#15860=IFCFACE((#15857));
#15864=IFCPOLYLOOP((#4493,#4489,#4501,#4497));
#15868=IFCFACEOUTERBOUND(#15864,.T.);
#15871=IFCFACE((#15868));
#15875=IFCCLOSEDSHELL((#15815,#15826,#15837,#15848,#15860,#15871));
#15879=IFCFACETEDBREP(#15875);
#15882=IFCSURFACESTYLE('IfcSurfaceStyle_211',.BOTH.,(#5068));
#15884=IFCPRESENTATIONSTYLEASSIGNMENT((#15882));
#15886=IFCSURFACESTYLE('IfcSurfaceStyle_202',.BOTH.,(#5068));
#15888=IFCPRESENTATIONSTYLEASSIGNMENT((#15886));
#15890=IFCSTYLEDITEM(#15879,(#15888),'IfcStyledItem_101');
#15894=IFCPOLYLOOP((#4505,#4509,#4513,#4517));
#15898=IFCFACEOUTERBOUND(#15894,.T.);
#15901=IFCFACE((#15898));
#15905=IFCPOLYLOOP((#4505,#4521,#4525,#4509));
#15909=IFCFACEOUTERBOUND(#15905,.T.);
#15912=IFCFACE((#15909));
#15916=IFCPOLYLOOP((#4509,#4525,#4529,#4513));
#15920=IFCFACEOUTERBOUND(#15916,.T.);
#15923=IFCFACE((#15920));
#15927=IFCPOLYLOOP((#4517,#4513,#4529,#4533));
#15931=IFCFACEOUTERBOUND(#15927,.T.);
#15934=IFCFACE((#15931));
#15938=IFCPOLYLOOP((#4521,#4505,#4517,#4533));
#15942=IFCFACEOUTERBOUND(#15938,.T.);
#15945=IFCFACE((#15942));
#15949=IFCPOLYLOOP((#4525,#4521,#4533,#4529));
#15953=IFCFACEOUTERBOUND(#15949,.T.);
#15956=IFCFACE((#15953));
#15960=IFCCLOSEDSHELL((#15901,#15912,#15923,#15934,#15945,#15956));
#15964=IFCFACETEDBREP(#15960);
#15967=IFCSURFACESTYLE('IfcSurfaceStyle_196',.BOTH.,(#5068));
#15969=IFCPRESENTATIONSTYLEASSIGNMENT((#15967));
#15971=IFCSURFACESTYLE('IfcSurfaceStyle_197',.BOTH.,(#5068));
#15973=IFCPRESENTATIONSTYLEASSIGNMENT((#15971));
#15975=IFCSTYLEDITEM(#15964,(#15973),'IfcStyledItem_098');
#15979=IFCPOLYLOOP((#4537,#4541,#4545,#4549));
#15984=IFCFACEOUTERBOUND(#15979,.T.);
#15987=IFCFACE((#15984));
#15991=IFCPOLYLOOP((#4537,#4553,#4557,#4541));
#15995=IFCFACEOUTERBOUND(#15991,.T.);
#15998=IFCFACE((#15995));
#16002=IFCPOLYLOOP((#4541,#4557,#4561,#4545));
#16006=IFCFACEOUTERBOUND(#16002,.T.);
#16009=IFCFACE((#16006));
#16013=IFCPOLYLOOP((#4549,#4545,#4561,#4565));
#16017=IFCFACEOUTERBOUND(#16013,.T.);
#16020=IFCFACE((#16017));
#16024=IFCPOLYLOOP((#4553,#4537,#4549,#4565));
#16028=IFCFACEOUTERBOUND(#16024,.T.);
#16031=IFCFACE((#16028));
#16035=IFCPOLYLOOP((#4557,#4553,#4565,#4561));
#16039=IFCFACEOUTERBOUND(#16035,.T.);
#16042=IFCFACE((#16039));
#16046=IFCCLOSEDSHELL((#15987,#15998,#16009,#16020,#16031,#16042));
#16050=IFCFACETEDBREP(#16046);
#16053=IFCSURFACESTYLE('IfcSurfaceStyle_192',.BOTH.,(#5068));
#16055=IFCPRESENTATIONSTYLEASSIGNMENT((#16053));
#16057=IFCSURFACESTYLE('IfcSurfaceStyle_193',.BOTH.,(#5068));
#16059=IFCPRESENTATIONSTYLEASSIGNMENT((#16057));
#16061=IFCSTYLEDITEM(#16050,(#16059),'IfcStyledItem_097');
#16065=IFCPOLYLOOP((#4569,#4573,#4577,#4581));
#16069=IFCFACEOUTERBOUND(#16065,.T.);
#16072=IFCFACE((#16069));
#16076=IFCPOLYLOOP((#4569,#4585,#4590,#4573));
#16080=IFCFACEOUTERBOUND(#16076,.T.);
#16083=IFCFACE((#16080));
#16087=IFCPOLYLOOP((#4573,#4590,#4594,#4577));
#16091=IFCFACEOUTERBOUND(#16087,.T.);
#16094=IFCFACE((#16091));
#16098=IFCPOLYLOOP((#4581,#4577,#4594,#4598));
#16102=IFCFACEOUTERBOUND(#16098,.T.);
#16105=IFCFACE((#16102));
#16110=IFCPOLYLOOP((#4585,#4569,#4581,#4598));
#16114=IFCFACEOUTERBOUND(#16110,.T.);
#16117=IFCFACE((#16114));
#16121=IFCPOLYLOOP((#4590,#4585,#4598,#4594));
#16125=IFCFACEOUTERBOUND(#16121,.T.);
#16128=IFCFACE((#16125));
#16132=IFCCLOSEDSHELL((#16072,#16083,#16094,#16105,#16117,#16128));
#16136=IFCFACETEDBREP(#16132);
#16139=IFCSURFACESTYLE('IfcSurfaceStyle_191',.BOTH.,(#5068));
#16141=IFCPRESENTATIONSTYLEASSIGNMENT((#16139));
#16143=IFCSURFACESTYLE('IfcSurfaceStyle_185',.BOTH.,(#5068));
#16145=IFCPRESENTATIONSTYLEASSIGNMENT((#16143));
#16147=IFCSTYLEDITEM(#16136,(#16145),'IfcStyledItem_093');
#16151=IFCPOLYLOOP((#4602,#4606,#4610,#4614));
#16155=IFCFACEOUTERBOUND(#16151,.T.);
#16158=IFCFACE((#16155));
#16162=IFCPOLYLOOP((#4602,#4618,#4622,#4606));
#16166=IFCFACEOUTERBOUND(#16162,.T.);
#16169=IFCFACE((#16166));
#16173=IFCPOLYLOOP((#4606,#4622,#4626,#4610));
#16177=IFCFACEOUTERBOUND(#16173,.T.);
#16180=IFCFACE((#16177));
#16184=IFCPOLYLOOP((#4614,#4610,#4626,#4630));
#16188=IFCFACEOUTERBOUND(#16184,.T.);
#16191=IFCFACE((#16188));
#16195=IFCPOLYLOOP((#4618,#4602,#4614,#4630));
#16199=IFCFACEOUTERBOUND(#16195,.T.);
#16202=IFCFACE((#16199));
#16206=IFCPOLYLOOP((#4622,#4618,#4630,#4626));
#16210=IFCFACEOUTERBOUND(#16206,.T.);
#16213=IFCFACE((#16210));
#16217=IFCCLOSEDSHELL((#16158,#16169,#16180,#16191,#16202,#16213));
#16221=IFCFACETEDBREP(#16217);
#16224=IFCSURFACESTYLE('IfcSurfaceStyle_183',.BOTH.,(#5068));
#16226=IFCPRESENTATIONSTYLEASSIGNMENT((#16224));
#16228=IFCSURFACESTYLE('IfcSurfaceStyle_184',.BOTH.,(#5068));
#16230=IFCPRESENTATIONSTYLEASSIGNMENT((#16228));
#16232=IFCSTYLEDITEM(#16221,(#16230),'IfcStyledItem_092');
#16236=IFCPOLYLOOP((#4634,#4638,#4642,#4646));
#16241=IFCFACEOUTERBOUND(#16236,.T.);
#16244=IFCFACE((#16241));
#16248=IFCPOLYLOOP((#4634,#4650,#4654,#4638));
#16252=IFCFACEOUTERBOUND(#16248,.T.);
#16255=IFCFACE((#16252));
#16259=IFCPOLYLOOP((#4638,#4654,#4658,#4642));
#16263=IFCFACEOUTERBOUND(#16259,.T.);
#16266=IFCFACE((#16263));
#16270=IFCPOLYLOOP((#4646,#4642,#4658,#4662));
#16274=IFCFACEOUTERBOUND(#16270,.T.);
#16277=IFCFACE((#16274));
#16281=IFCPOLYLOOP((#4650,#4634,#4646,#4662));
#16285=IFCFACEOUTERBOUND(#16281,.T.);
#16288=IFCFACE((#16285));
#16292=IFCPOLYLOOP((#4654,#4650,#4662,#4658));
#16296=IFCFACEOUTERBOUND(#16292,.T.);
#16299=IFCFACE((#16296));
#16303=IFCCLOSEDSHELL((#16244,#16255,#16266,#16277,#16288,#16299));
#16307=IFCFACETEDBREP(#16303);
#16310=IFCSURFACESTYLE('IfcSurfaceStyle_177',.BOTH.,(#5068));
#16312=IFCPRESENTATIONSTYLEASSIGNMENT((#16310));
#16314=IFCSURFACESTYLE('IfcSurfaceStyle_178',.BOTH.,(#5068));
#16316=IFCPRESENTATIONSTYLEASSIGNMENT((#16314));
#16318=IFCSTYLEDITEM(#16307,(#16316),'IfcStyledItem_089');
#16322=IFCPOLYLOOP((#4666,#4670,#4674,#4678));
#16326=IFCFACEOUTERBOUND(#16322,.T.);
#16329=IFCFACE((#16326));
#16333=IFCPOLYLOOP((#4666,#4682,#4686,#4670));
#16337=IFCFACEOUTERBOUND(#16333,.T.);
#16340=IFCFACE((#16337));
#16344=IFCPOLYLOOP((#4670,#4686,#4690,#4674));
#16348=IFCFACEOUTERBOUND(#16344,.T.);
#16351=IFCFACE((#16348));
#16355=IFCPOLYLOOP((#4678,#4674,#4690,#4694));
#16359=IFCFACEOUTERBOUND(#16355,.T.);
#16362=IFCFACE((#16359));
#16367=IFCPOLYLOOP((#4682,#4666,#4678,#4694));
#16371=IFCFACEOUTERBOUND(#16367,.T.);
#16374=IFCFACE((#16371));
#16378=IFCPOLYLOOP((#4686,#4682,#4694,#4690));
#16382=IFCFACEOUTERBOUND(#16378,.T.);
#16385=IFCFACE((#16382));
#16389=IFCCLOSEDSHELL((#16329,#16340,#16351,#16362,#16374,#16385));
#16393=IFCFACETEDBREP(#16389);
#16396=IFCSURFACESTYLE('IfcSurfaceStyle_172',.BOTH.,(#5068));
#16398=IFCPRESENTATIONSTYLEASSIGNMENT((#16396));
#16400=IFCSURFACESTYLE('IfcSurfaceStyle_165',.BOTH.,(#5068));
#16402=IFCPRESENTATIONSTYLEASSIGNMENT((#16400));
#16404=IFCSTYLEDITEM(#16393,(#16402),'IfcStyledItem_083');
#16408=IFCPOLYLOOP((#4698,#4702,#4706,#4710));
#16412=IFCFACEOUTERBOUND(#16408,.T.);
#16415=IFCFACE((#16412));
#16419=IFCPOLYLOOP((#4698,#4714,#4719,#4702));
#16423=IFCFACEOUTERBOUND(#16419,.T.);
#16426=IFCFACE((#16423));
#16430=IFCPOLYLOOP((#4702,#4719,#4723,#4706));
#16434=IFCFACEOUTERBOUND(#16430,.T.);
#16437=IFCFACE((#16434));
#16441=IFCPOLYLOOP((#4710,#4706,#4723,#4727));
#16445=IFCFACEOUTERBOUND(#16441,.T.);
#16448=IFCFACE((#16445));
#16452=IFCPOLYLOOP((#4714,#4698,#4710,#4727));
#16456=IFCFACEOUTERBOUND(#16452,.T.);
#16459=IFCFACE((#16456));
#16463=IFCPOLYLOOP((#4719,#4714,#4727,#4723));
#16467=IFCFACEOUTERBOUND(#16463,.T.);
#16470=IFCFACE((#16467));
#16474=IFCCLOSEDSHELL((#16415,#16426,#16437,#16448,#16459,#16470));
#16478=IFCFACETEDBREP(#16474);
#16481=IFCSURFACESTYLE('IfcSurfaceStyle_159',.BOTH.,(#5068));
#16483=IFCPRESENTATIONSTYLEASSIGNMENT((#16481));
#16485=IFCSURFACESTYLE('IfcSurfaceStyle_160',.BOTH.,(#5068));
#16487=IFCPRESENTATIONSTYLEASSIGNMENT((#16485));
#16489=IFCSTYLEDITEM(#16478,(#16487),'IfcStyledItem_080');
#16494=IFCPOLYLOOP((#4731,#4735,#4739,#4743));
#16498=IFCFACEOUTERBOUND(#16494,.T.);
#16501=IFCFACE((#16498));
#16505=IFCPOLYLOOP((#4731,#4747,#4751,#4735));
#16509=IFCFACEOUTERBOUND(#16505,.T.);
#16512=IFCFACE((#16509));
#16516=IFCPOLYLOOP((#4735,#4751,#4755,#4739));
#16520=IFCFACEOUTERBOUND(#16516,.T.);
#16523=IFCFACE((#16520));
#16527=IFCPOLYLOOP((#4743,#4739,#4755,#4759));
#16531=IFCFACEOUTERBOUND(#16527,.T.);
#16534=IFCFACE((#16531));
#16538=IFCPOLYLOOP((#4747,#4731,#4743,#4759));
#16542=IFCFACEOUTERBOUND(#16538,.T.);
#16545=IFCFACE((#16542));
#16549=IFCPOLYLOOP((#4751,#4747,#4759,#4755));
#16553=IFCFACEOUTERBOUND(#16549,.T.);
#16556=IFCFACE((#16553));
#16560=IFCCLOSEDSHELL((#16501,#16512,#16523,#16534,#16545,#16556));
#16564=IFCFACETEDBREP(#16560);
#16567=IFCSURFACESTYLE('IfcSurfaceStyle_153',.BOTH.,(#5068));
#16569=IFCPRESENTATIONSTYLEASSIGNMENT((#16567));
#16571=IFCSURFACESTYLE('IfcSurfaceStyle_154',.BOTH.,(#5068));
#16573=IFCPRESENTATIONSTYLEASSIGNMENT((#16571));
#16575=IFCSTYLEDITEM(#16564,(#16573),'IfcStyledItem_077');
#16579=IFCPOLYLOOP((#4763,#4767,#4771,#4775));
#16583=IFCFACEOUTERBOUND(#16579,.T.);
#16586=IFCFACE((#16583));
#16590=IFCPOLYLOOP((#4763,#4779,#4783,#4767));
#16594=IFCFACEOUTERBOUND(#16590,.T.);
#16597=IFCFACE((#16594));
#16601=IFCPOLYLOOP((#4767,#4783,#4787,#4771));
#16605=IFCFACEOUTERBOUND(#16601,.T.);
#16608=IFCFACE((#16605));
#16612=IFCPOLYLOOP((#4775,#4771,#4787,#4791));
#16616=IFCFACEOUTERBOUND(#16612,.T.);
#16619=IFCFACE((#16616));
#16624=IFCPOLYLOOP((#4779,#4763,#4775,#4791));
#16628=IFCFACEOUTERBOUND(#16624,.T.);
#16631=IFCFACE((#16628));
#16635=IFCPOLYLOOP((#4783,#4779,#4791,#4787));
#16639=IFCFACEOUTERBOUND(#16635,.T.);
#16642=IFCFACE((#16639));
#16646=IFCCLOSEDSHELL((#16586,#16597,#16608,#16619,#16631,#16642));
#16650=IFCFACETEDBREP(#16646);
#16653=IFCSURFACESTYLE('IfcSurfaceStyle_148',.BOTH.,(#5068));
#16655=IFCPRESENTATIONSTYLEASSIGNMENT((#16653));
#16657=IFCSURFACESTYLE('IfcSurfaceStyle_141',.BOTH.,(#5068));
#16659=IFCPRESENTATIONSTYLEASSIGNMENT((#16657));
#16661=IFCSTYLEDITEM(#16650,(#16659),'IfcStyledItem_071');
#16665=IFCDIRECTION((6.1230318E-17,1.));
#16669=IFCGEOMETRICREPRESENTATIONCONTEXT('Plan','Model',3,1.0000000000000001E-05,#44,#16665);
#16673=IFCSHAPEREPRESENTATION(#16669,'Body','Brep',(#4977,#5064,#5152,#5238,#5323,#5409,#5495,#5602,#5688,#5907,#5992,#6078,#6164,#6249,#6335,#6421,#6506,#6614,#6700,#6897,#6982,#7068,#7154,#7239,#7325,#7411,#7496,#7582,#7668,#7753,#7839,#7925,#8010,#8096,#8182,#8267,#8353,#8439,#8524,#8610,#8696,#8781,#8867,#9011,#9099,#9184,#9270,#9356,#9441,#9527,#9613,#9698,#9784,#9928,#10185,#10271,#10357,#10442,#10528,#10614,#10699,#10843,#10929,#11015,#11100,#11186,#11272,#11357,#11443,#11529,#11673,#11759,#11844,#11930,#12016,#12101,#12187,#12273,#12358,#12502,#12588,#12674,#12759,#12845,#12931,#13016,#13160,#13246,#13332,#13417,#13503,#13589,#13733,#13819,#13904,#13990,#14076,#14161,#14247,#14333,#14418,#14504,#14648,#14734,#14819,#14905,#14991,#15076,#15162,#15306,#15392,#15478,#15563,#15649,#15793,#15879,#15964,#16050,#16136,#16221,#16307,#16393,#16478,#16564,#16650));
#16679=IFCPRODUCTDEFINITIONSHAPE('IfcProductDefinitionShape_001',$,(#16673));
#16683=IFCCARTESIANPOINT((2000.,4000.,0.));
#16687=IFCAXIS2PLACEMENT3D(#16683,#36,#28);
#16690=IFCLOCALPLACEMENT(#77,#16687);
#16693=IFCSTAIR('3JXlKAZqH8Ve0ODZwRZs7G',#13,'Stair TwoLandings',$,$,#16690,#16679,$,.NOTDEFINED.);
#16712=IFCPROPERTYSINGLEVALUE('ArchiCAD_UID',$,IFCINTEGER(2),$);
#16716=IFCPROPERTYSINGLEVALUE('LAYERNAME',$,IFCDESCRIPTIVEMEASURE('Stairs'),$);
#16720=IFCPROPERTYSINGLEVALUE('INFO',$,IFCDESCRIPTIVEMEASURE('Stair-001'),$);
#16724=IFCPROPERTYSINGLEVALUE('PEN',$,IFCDESCRIPTIVEMEASURE('Pen4'),$);
#16728=IFCPROPERTYSINGLEVALUE('REFLECTED',$,IFCINTEGER(0),$);
#16732=IFCPROPERTYSINGLEVALUE('MAT',$,IFCDESCRIPTIVEMEASURE(''),$);
#16736=IFCPROPERTYSINGLEVALUE('LTYPEIND',$,IFCDESCRIPTIVEMEASURE('Solid Line'),$);
#16740=IFCPROPERTYSINGLEVALUE('SECTFILL',$,IFCDESCRIPTIVEMEASURE('Structural Concrete'),$);
#16744=IFCPROPERTYSINGLEVALUE('SECTFILLPEN',$,IFCDESCRIPTIVEMEASURE('Pen53'),$);
#16748=IFCPROPERTYSINGLEVALUE('SECTBGPEN',$,IFCDESCRIPTIVEMEASURE('Pen60'),$);
#16753=IFCPROPERTYSINGLEVALUE('SECTCONTPEN',$,IFCDESCRIPTIVEMEASURE('Pen51'),$);
#16757=IFCPROPERTYSINGLEVALUE('USEOBJPENS',$,IFCINTEGER(257),$);
#16761=IFCPROPERTYSINGLEVALUE('USEOBJLTYPES',$,IFCINTEGER(257),$);
#16765=IFCPROPERTYSINGLEVALUE('USEOBJMATERIALS',$,IFCINTEGER(1),$);
#16769=IFCPROPERTYSINGLEVALUE('ANGLE',$,IFCNUMERICMEASURE(0.),$);
#16773=IFCPROPERTYSINGLEVALUE('LEVEL',$,IFCNUMERICMEASURE(0.),$);
#16777=IFCPROPERTYSINGLEVALUE('POSX',$,IFCNUMERICMEASURE(2.),$);
#16781=IFCPROPERTYSINGLEVALUE('POSY',$,IFCNUMERICMEASURE(4.),$);
#16785=IFCPROPERTYSINGLEVALUE('OFFSETX',$,IFCNUMERICMEASURE(0.),$);
#16789=IFCPROPERTYSINGLEVALUE('OFFSETY',$,IFCNUMERICMEASURE(0.),$);
#16793=IFCPROPERTYSINGLEVALUE('XRATIO',$,IFCNUMERICMEASURE(3.8999999999999999),$);
#16797=IFCPROPERTYSINGLEVALUE('YRATIO',$,IFCNUMERICMEASURE(2.7000000000000002),$);
#16801=IFCPROPERTYSINGLEVALUE('USEXYFIXSIZE',$,IFCINTEGER(257),$);
#16805=IFCPROPERTYSINGLEVALUE('SHOWALWAYS',$,IFCINTEGER(0),$);
#16809=IFCPROPERTYSINGLEVALUE('SHOWABOVE',$,IFCINTEGER(0),$);
#16813=IFCPROPERTYSINGLEVALUE('SHOWBELOW',$,IFCINTEGER(0),$);
#16817=IFCCOMPLEXPROPERTY('OBJECT',$,'ArchiCAD',(#16712,#16716,#16720,#16724,#16728,#16732,#16736,#16740,#16744,#16748,#16753,#16757,#16761,#16765,#16769,#16773,#16777,#16781,#16785,#16789,#16793,#16797,#16801,#16805,#16809,#16813));
#16822=IFCPROPERTYSET('2rS7rOAlr9oBnqH7Ffm08F',#13,'Graphisoft AC90 OBJECT','Graphisoft AC90',(#16817,#17500));
#16827=IFCPROPERTYSINGLEVALUE('API_LIBNAME',$,IFCLABEL('Stair TwoLandings'),$);
#16831=IFCPROPERTYSINGLEVALUE('A',$,IFCNUMERICMEASURE(3.8999999999999999),$);
#16835=IFCPROPERTYSINGLEVALUE('B',$,IFCNUMERICMEASURE(2.7000000000000002),$);
#16839=IFCPROPERTYSINGLEVALUE('zzyzx',$,IFCNUMERICMEASURE(3.),$);
#16843=IFCPROPERTYSINGLEVALUE('gs_detlevel_3D',$,IFCLABEL('Detailed'),$);
#16847=IFCPROPERTYSINGLEVALUE('ptyp',$,IFCLABEL('Tread Height'),$);
#16851=IFCPROPERTYSINGLEVALUE('ft',$,IFCLABEL('First Tread Above Floor Level'),$);
#16855=IFCPROPERTYSINGLEVALUE('tt',$,IFCLABEL('Top Tread Below Floor Level'),$);
#16859=IFCPROPERTYSINGLEVALUE('flw',$,IFCNUMERICMEASURE(1.2),$);
#16863=IFCPROPERTYSINGLEVALUE('rnu',$,IFCNUMERICMEASURE(17.),$);
#16867=IFCPROPERTYSINGLEVALUE('rnu1',$,IFCNUMERICMEASURE(6.),$);
#16871=IFCPROPERTYSINGLEVALUE('rnu2',$,IFCNUMERICMEASURE(7.),$);
#16875=IFCPROPERTYSINGLEVALUE('rnu3',$,IFCNUMERICMEASURE(5.),$);
#16880=IFCPROPERTYSINGLEVALUE('pth',$,IFCNUMERICMEASURE(0.17000000000000001),$);
#16884=IFCPROPERTYSINGLEVALUE('th',$,IFCNUMERICMEASURE(0.16666666999999999),$);
#16888=IFCPROPERTYSINGLEVALUE('thd',$,IFCNUMERICMEASURE(0.63333333000000003),$);
#16892=IFCPROPERTYSINGLEVALUE('td',$,IFCNUMERICMEASURE(0.29999999999999999),$);
#16896=IFCPROPERTYSINGLEVALUE('td_2',$,IFCNUMERICMEASURE(0.29999999999999999),$);
#16900=IFCPROPERTYSINGLEVALUE('xx',$,IFCNUMERICMEASURE(0.),$);
#16904=IFCPROPERTYSINGLEVALUE('tth',$,IFCNUMERICMEASURE(0.029999999999999999),$);
#16908=IFCPROPERTYSINGLEVALUE('ns',$,IFCNUMERICMEASURE(0.02),$);
#16912=IFCPROPERTYSINGLEVALUE('covery',$,IFCNUMERICMEASURE(1.),$);
#16916=IFCPROPERTYSINGLEVALUE('covthicky',$,IFCNUMERICMEASURE(0.02),$);
#16920=IFCPROPERTYSINGLEVALUE('sttyp',$,IFCLABEL('Concrete'),$);
#16924=IFCPROPERTYSINGLEVALUE('sbw',$,IFCNUMERICMEASURE(0.20000000000000001),$);
#16928=IFCPROPERTYSINGLEVALUE('wbo',$,IFCNUMERICMEASURE(0.050000000000000003),$);
#16932=IFCPROPERTYSINGLEVALUE('jntu',$,IFCLABEL(''),$);
#16936=IFCPROPERTYSINGLEVALUE('lst',$,IFCNUMERICMEASURE(0.),$);
#16940=IFCPROPERTYSINGLEVALUE('stt',$,IFCNUMERICMEASURE(0.20000000000000001),$);
#16944=IFCPROPERTYSINGLEVALUE('ett',$,IFCNUMERICMEASURE(0.050000000000000003),$);
#16948=IFCPROPERTYSINGLEVALUE('rail',$,IFCLABEL('Both'),$);
#16952=IFCPROPERTYSINGLEVALUE('rtyp',$,IFCLABEL('Rail Balustrade'),$);
#16956=IFCPROPERTYSINGLEVALUE('ggr',$,IFCLABEL(''),$);
#16960=IFCPROPERTYSINGLEVALUE('hrr',$,IFCNUMERICMEASURE(0.75),$);
#16964=IFCPROPERTYSINGLEVALUE('dsr',$,IFCNUMERICMEASURE(0.20000000000000001),$);
#16968=IFCPROPERTYSINGLEVALUE('roffr',$,IFCNUMERICMEASURE(0.),$);
#16972=IFCPROPERTYSINGLEVALUE('OverhangRBottom',$,IFCNUMERICMEASURE(0.),$);
#16976=IFCPROPERTYSINGLEVALUE('OverhangRTop',$,IFCNUMERICMEASURE(0.),$);
#16980=IFCPROPERTYSINGLEVALUE('sgr',$,IFCLABEL(''),$);
#16984=IFCPROPERTYSINGLEVALUE('npsr',$,IFCNUMERICMEASURE(0.059999999999999998),$);
#16988=IFCPROPERTYSINGLEVALUE('fthr',$,IFCNUMERICMEASURE(0.050000000000000003),$);
#16992=IFCPROPERTYSINGLEVALUE('bnur',$,IFCNUMERICMEASURE(5.),$);
#16996=IFCPROPERTYSINGLEVALUE('bthr',$,IFCNUMERICMEASURE(0.050000000000000003),$);
#17000=IFCPROPERTYSINGLEVALUE('bdtr',$,IFCNUMERICMEASURE(0.02),$);
#17004=IFCPROPERTYSINGLEVALUE('ltyp',$,IFCLABEL('Same as Right'),$);
#17009=IFCPROPERTYSINGLEVALUE('sarr',$,IFCNUMERICMEASURE(1.),$);
#17013=IFCPROPERTYSINGLEVALUE('ggl',$,IFCLABEL(''),$);
#17017=IFCPROPERTYSINGLEVALUE('hrl',$,IFCNUMERICMEASURE(0.75),$);
#17021=IFCPROPERTYSINGLEVALUE('dsl',$,IFCNUMERICMEASURE(0.20000000000000001),$);
#17025=IFCPROPERTYSINGLEVALUE('roffl',$,IFCNUMERICMEASURE(0.),$);
#17029=IFCPROPERTYSINGLEVALUE('OverhangLBottom',$,IFCNUMERICMEASURE(0.),$);
#17033=IFCPROPERTYSINGLEVALUE('OverhangLTop',$,IFCNUMERICMEASURE(0.),$);
#17037=IFCPROPERTYSINGLEVALUE('sgl',$,IFCLABEL(''),$);
#17041=IFCPROPERTYSINGLEVALUE('npsl',$,IFCNUMERICMEASURE(0.059999999999999998),$);
#17045=IFCPROPERTYSINGLEVALUE('fthl',$,IFCNUMERICMEASURE(0.050000000000000003),$);
#17049=IFCPROPERTYSINGLEVALUE('bnul',$,IFCNUMERICMEASURE(5.),$);
#17053=IFCPROPERTYSINGLEVALUE('bthl',$,IFCNUMERICMEASURE(0.050000000000000003),$);
#17057=IFCPROPERTYSINGLEVALUE('bdtl',$,IFCNUMERICMEASURE(0.02),$);
#17061=IFCPROPERTYSINGLEVALUE('gs_shadow',$,IFCNUMERICMEASURE(1.),$);
#17065=IFCPROPERTYSINGLEVALUE('lntp',$,IFCLABEL('Intersect'),$);
#17069=IFCPROPERTYSINGLEVALUE('brk',$,IFCNUMERICMEASURE(0.),$);
#17073=IFCPROPERTYSINGLEVALUE('gs_detlevel_2D',$,IFCLABEL('Scale Sensitive'),$);
#17077=IFCPROPERTYSINGLEVALUE('gs_ScaleChangeSM',$,IFCNUMERICMEASURE(100.),$);
#17081=IFCPROPERTYSINGLEVALUE('gs_ScaleChangeMD',$,IFCNUMERICMEASURE(50.),$);
#17085=IFCPROPERTYSINGLEVALUE('gs_SymbolType',$,IFCLABEL('Type 11'),$);
#17089=IFCPROPERTYSINGLEVALUE('gs_cont_pen',$,IFCNUMERICMEASURE(2.),$);
#17093=IFCPROPERTYSINGLEVALUE('gs_DashLinePen',$,IFCNUMERICMEASURE(2.),$);
#17097=IFCPROPERTYSINGLEVALUE('solid_line',$,IFCNUMERICMEASURE(1.),$);
#17101=IFCPROPERTYSINGLEVALUE('dash_line',$,IFCNUMERICMEASURE(4.),$);
#17105=IFCPROPERTYSINGLEVALUE('gs_fill_type',$,IFCNUMERICMEASURE(65.),$);
#17109=IFCPROPERTYSINGLEVALUE('gs_fill_pen',$,IFCNUMERICMEASURE(91.),$);
#17113=IFCPROPERTYSINGLEVALUE('gs_back_pen',$,IFCNUMERICMEASURE(91.),$);
#17117=IFCPROPERTYSINGLEVALUE('gs_FillAbove',$,IFCNUMERICMEASURE(0.),$);
#17121=IFCPROPERTYSINGLEVALUE('breakline_style',$,IFCLABEL('Straight'),$);
#17125=IFCPROPERTYSINGLEVALUE('gs_BreakHeight',$,IFCNUMERICMEASURE(1.3999999999999999),$);
#17129=IFCPROPERTYSINGLEVALUE('brkLineY',$,IFCNUMERICMEASURE(0.20000000000000001),$);
#17134=IFCPROPERTYSINGLEVALUE('walkl',$,IFCNUMERICMEASURE(1.),$);
#17138=IFCPROPERTYSINGLEVALUE('gs_wLineType1',$,IFCNUMERICMEASURE(1.),$);
#17142=IFCPROPERTYSINGLEVALUE('gs_wLineType2',$,IFCNUMERICMEASURE(6.),$);
#17146=IFCPROPERTYSINGLEVALUE('gs_wLineTypeAbove',$,IFCNUMERICMEASURE(6.),$);
#17150=IFCPROPERTYSINGLEVALUE('gs_wLineTypeStoryUp',$,IFCNUMERICMEASURE(1.),$);
#17154=IFCPROPERTYSINGLEVALUE('gs_wLinePen',$,IFCNUMERICMEASURE(2.),$);
#17158=IFCPROPERTYSINGLEVALUE('arrow_style',$,IFCLABEL('Style 3'),$);
#17162=IFCPROPERTYSINGLEVALUE('gs_ArrowFill',$,IFCNUMERICMEASURE(64.),$);
#17166=IFCPROPERTYSINGLEVALUE('gs_ArrowFillPen',$,IFCNUMERICMEASURE(91.),$);
#17170=IFCPROPERTYSINGLEVALUE('gs_ArrowFillPenAbove',$,IFCNUMERICMEASURE(0.),$);
#17174=IFCPROPERTYSINGLEVALUE('gs_ArrowHeight',$,IFCNUMERICMEASURE(0.20000000000000001),$);
#17178=IFCPROPERTYSINGLEVALUE('gs_ArrowHalfWidth',$,IFCNUMERICMEASURE(0.20000000000000001),$);
#17182=IFCPROPERTYSINGLEVALUE('gs_StartEndStyle',$,IFCLABEL('Style 1'),$);
#17186=IFCPROPERTYSINGLEVALUE('gs_StartEndFill',$,IFCNUMERICMEASURE(64.),$);
#17190=IFCPROPERTYSINGLEVALUE('gs_StartEndFillPen',$,IFCNUMERICMEASURE(0.),$);
#17194=IFCPROPERTYSINGLEVALUE('gs_CircleRadius',$,IFCNUMERICMEASURE(0.10000000000000001),$);
#17198=IFCPROPERTYSINGLEVALUE('gs_StartWidth',$,IFCNUMERICMEASURE(0.050000000000000003),$);
#17202=IFCPROPERTYSINGLEVALUE('gs_StartHeight',$,IFCNUMERICMEASURE(0.14999999999999999),$);
#17206=IFCPROPERTYSINGLEVALUE('numa',$,IFCNUMERICMEASURE(1.),$);
#17210=IFCPROPERTYSINGLEVALUE('numoffs',$,IFCNUMERICMEASURE(1.),$);
#17214=IFCPROPERTYSINGLEVALUE('gs_NumTextSize',$,IFCNUMERICMEASURE(1.),$);
#17218=IFCPROPERTYSINGLEVALUE('gs_NumTextPen',$,IFCNUMERICMEASURE(2.),$);
#17222=IFCPROPERTYSINGLEVALUE('DirNumText_X',$,IFCNUMERICMEASURE(0.),$);
#17226=IFCPROPERTYSINGLEVALUE('DirNumText_Y',$,IFCNUMERICMEASURE(0.),$);
#17230=IFCPROPERTYSINGLEVALUE('tx',$,IFCNUMERICMEASURE(0.),$);
#17234=IFCPROPERTYSINGLEVALUE('gs_RiseRunText',$,IFCLABEL('Rise and Run Text'),$);
#17238=IFCPROPERTYSINGLEVALUE('gs_CustomText1',$,IFCLABEL('Custom Text_1'),$);
#17242=IFCPROPERTYSINGLEVALUE('gs_CustomText2',$,IFCLABEL('Custom Text_2'),$);
#17246=IFCPROPERTYSINGLEVALUE('fontsize',$,IFCNUMERICMEASURE(1.),$);
#17250=IFCPROPERTYSINGLEVALUE('gs_text_pen',$,IFCNUMERICMEASURE(2.),$);
#17254=IFCPROPERTYSINGLEVALUE('DirRiseRunText1_X',$,IFCNUMERICMEASURE(0.55000000000000004),$);
#17258=IFCPROPERTYSINGLEVALUE('DirRiseRunText1_Y',$,IFCNUMERICMEASURE(0.34999999999999998),$);
#17263=IFCPROPERTYSINGLEVALUE('DirRiseRunText2_X',$,IFCNUMERICMEASURE(0.65000000000000002),$);
#17267=IFCPROPERTYSINGLEVALUE('DirRiseRunText2_Y',$,IFCNUMERICMEASURE(0.29999999999999999),$);
#17271=IFCPROPERTYSINGLEVALUE('walkingDirUPDN',$,IFCLABEL('None'),$);
#17275=IFCPROPERTYSINGLEVALUE('UPDNfontsize',$,IFCNUMERICMEASURE(2.),$);
#17279=IFCPROPERTYSINGLEVALUE('UPDNfontpen',$,IFCNUMERICMEASURE(2.),$);
#17283=IFCPROPERTYSINGLEVALUE('DirUPDN_X',$,IFCNUMERICMEASURE(0.),$);
#17287=IFCPROPERTYSINGLEVALUE('DirUPDN_Y',$,IFCNUMERICMEASURE(-0.25),$);
#17291=IFCPROPERTYSINGLEVALUE('AngUPDN',$,IFCNUMERICMEASURE(0.),$);
#17295=IFCPROPERTYSINGLEVALUE('tdft',$,IFCLABEL('Arial'),$);
#17299=IFCPROPERTYSINGLEVALUE('sa',$,IFCNUMERICMEASURE(0.),$);
#17303=IFCPROPERTYSINGLEVALUE('al',$,IFCNUMERICMEASURE(6.),$);
#17307=IFCPROPERTYSINGLEVALUE('gs_RailAxisPen',$,IFCNUMERICMEASURE(2.),$);
#17311=IFCPROPERTYSINGLEVALUE('gs_StorySensitive',$,IFCNUMERICMEASURE(0.),$);
#17315=IFCPROPERTYSINGLEVALUE('gs_BreaklineStUp',$,IFCNUMERICMEASURE(1.),$);
#17319=IFCPROPERTYSINGLEVALUE('gs_LowerPartStUp',$,IFCNUMERICMEASURE(0.),$);
#17323=IFCPROPERTYSINGLEVALUE('gs_UpperPartStUp',$,IFCNUMERICMEASURE(1.),$);
#17327=IFCPROPERTYSINGLEVALUE('gs_TreadStUp',$,IFCNUMERICMEASURE(1.),$);
#17331=IFCPROPERTYSINGLEVALUE('gs_LineTypeStUp',$,IFCNUMERICMEASURE(1.),$);
#17335=IFCPROPERTYSINGLEVALUE('gs_LinePenStUp',$,IFCNUMERICMEASURE(2.),$);
#17339=IFCPROPERTYSINGLEVALUE('gs_wLineTypeStUp',$,IFCNUMERICMEASURE(1.),$);
#17343=IFCPROPERTYSINGLEVALUE('gs_numaStUp',$,IFCNUMERICMEASURE(1.),$);
#17347=IFCPROPERTYSINGLEVALUE('gs_txStUp',$,IFCNUMERICMEASURE(0.),$);
#17351=IFCPROPERTYSINGLEVALUE('matb',$,IFCNUMERICMEASURE(4.),$);
#17355=IFCPROPERTYSINGLEVALUE('mat_tread',$,IFCNUMERICMEASURE(14.),$);
#17359=IFCPROPERTYSINGLEVALUE('mat_riser',$,IFCNUMERICMEASURE(14.),$);
#17363=IFCPROPERTYSINGLEVALUE('ramat',$,IFCNUMERICMEASURE(59.),$);
#17367=IFCPROPERTYSINGLEVALUE('ramat2',$,IFCNUMERICMEASURE(59.),$);
#17371=IFCPROPERTYSINGLEVALUE('ramat3',$,IFCNUMERICMEASURE(14.),$);
#17375=IFCPROPERTYSINGLEVALUE('ramat4',$,IFCNUMERICMEASURE(59.),$);
#17379=IFCPROPERTYSINGLEVALUE('AC_show2DHotspotsIn3D',$,IFCNUMERICMEASURE(0.),$);
#17383=IFCPROPERTYSINGLEVALUE('gs_list_cost',$,IFCNUMERICMEASURE(0.),$);
#17387=IFCPROPERTYSINGLEVALUE('gs_list_manufacturer',$,IFCLABEL(''),$);
#17392=IFCPROPERTYSINGLEVALUE('gs_list_note',$,IFCLABEL(''),$);
#17396=IFCPROPERTYSINGLEVALUE('gs_list_location',$,IFCLABEL(''),$);
#17400=IFCPROPERTYSINGLEVALUE('gs_list_accessories',$,IFCLABEL(''),$);
#17404=IFCPROPERTYSINGLEVALUE('FM_Type',$,IFCLABEL('Stairs'),$);
#17408=IFCPROPERTYSINGLEVALUE('FM_InventoryNumber',$,IFCLABEL(''),$);
#17412=IFCPROPERTYSINGLEVALUE('FM_SerialNumber',$,IFCLABEL(''),$);
#17416=IFCPROPERTYSINGLEVALUE('FM_ProductionYear',$,IFCLABEL(''),$);
#17420=IFCPROPERTYSINGLEVALUE('FM_ObjectWeight',$,IFCNUMERICMEASURE(0.),$);
#17424=IFCPROPERTYSINGLEVALUE('FM_ObjectWeightUnit',$,IFCLABEL('kg'),$);
#17428=IFCPROPERTYSINGLEVALUE('FM_Stories',$,IFCNUMERICMEASURE(0.),$);
#17432=IFCPROPERTYSINGLEVALUE('FM_HalfLandings',$,IFCNUMERICMEASURE(0.),$);
#17436=IFCPROPERTYSINGLEVALUE('FM_LevelHeight',$,IFCNUMERICMEASURE(0.),$);
#17440=IFCPROPERTYSINGLEVALUE('FM_HeadRoom',$,IFCNUMERICMEASURE(0.),$);
#17444=IFCPROPERTYSINGLEVALUE('FM_BearingStructure',$,IFCLABEL(''),$);
#17448=IFCPROPERTYSINGLEVALUE('FM_BearingCapacity',$,IFCNUMERICMEASURE(0.),$);
#17452=IFCPROPERTYSINGLEVALUE('FM_SmokeFree',$,IFCNUMERICMEASURE(0.),$);
#17456=IFCPROPERTYSINGLEVALUE('FM_StepsLength',$,IFCNUMERICMEASURE(0.),$);
#17460=IFCPROPERTYSINGLEVALUE('FM_MaterialFootstep',$,IFCLABEL(''),$);
#17464=IFCPROPERTYSINGLEVALUE('FM_MaterialStairRailing',$,IFCLABEL(''),$);
#17468=IFCPROPERTYSINGLEVALUE('FM_MaterialHandhold',$,IFCLABEL(''),$);
#17472=IFCPROPERTYSINGLEVALUE('gs_list_custom1',$,IFCLABEL(''),$);
#17476=IFCPROPERTYSINGLEVALUE('gs_list_custom2',$,IFCLABEL(''),$);
#17480=IFCPROPERTYSINGLEVALUE('gs_list_custom3',$,IFCLABEL(''),$);
#17484=IFCPROPERTYSINGLEVALUE('gs_list_custom4',$,IFCLABEL(''),$);
#17488=IFCPROPERTYSINGLEVALUE('gs_list_custom5',$,IFCLABEL(''),$);
#17492=IFCPROPERTYSINGLEVALUE('gs_UIPages',$,IFCLABEL('2D Symbol Types'),$);
#17496=IFCPROPERTYSINGLEVALUE('gs_detlevel_3D_m',$,IFCNUMERICMEASURE(2.),$);
#17500=IFCCOMPLEXPROPERTY('LIBPARAM',$,'ArchiCAD',(#16827,#16831,#16835,#16839,#16843,#16847,#16851,#16855,#16859,#16863,#16867,#16871,#16875,#16880,#16884,#16888,#16892,#16896,#16900,#16904,#16908,#16912,#16916,#16920,#16924,#16928,#16932,#16936,#16940,#16944,#16948,#16952,#16956,#16960,#16964,#16968,#16972,#16976,#16980,#16984,#16988,#16992,#16996,#17000,#17004,#17009,#17013,#17017,#17021,#17025,#17029,#17033,#17037,#17041,#17045,#17049,#17053,#17057,#17061,#17065,#17069,#17073,#17077,#17081,#17085,#17089,#17093,#17097,#17101,#17105,#17109,#17113,#17117,#17121,#17125,#17129,#17134,#17138,#17142,#17146,#17150,#17154,#17158,#17162,#17166,#17170,#17174,#17178,#17182,#17186,#17190,#17194,#17198,#17202,#17206,#17210,#17214,#17218,#17222,#17226,#17230,#17234,#17238,#17242,#17246,#17250,#17254,#17258,#17263,#17267,#17271,#17275,#17279,#17283,#17287,#17291,#17295,#17299,#17303,#17307,#17311,#17315,#17319,#17323,#17327,#17331,#17335,#17339,#17343,#17347,#17351,#17355,#17359,#17363,#17367,#17371,#17375,#17379,#17383,#17387,#17392,#17396,#17400,#17404,#17408,#17412,#17416,#17420,#17424,#17428,#17432,#17436,#17440,#17444,#17448,#17452,#17456,#17460,#17464,#17468,#17472,#17476,#17480,#17484,#17488,#17492,#17496));
#17506=IFCRELDEFINESBYPROPERTIES('0qppn8PjzDjgYI0S6nAykZ',#13,'ArchiCAD','ExtendedProperties',(#16693),#16822);
#17508=IFCPROPERTYSINGLEVALUE('Layername',$,IFCLABEL('Stairs'),$);
#17512=IFCPROPERTYSINGLEVALUE('Red',$,IFCINTEGER(2),$);
#17516=IFCPROPERTYSINGLEVALUE('Green',$,IFCINTEGER(157),$);
#17521=IFCPROPERTYSINGLEVALUE('Blue',$,IFCINTEGER(33),$);
#17525=IFCCOMPLEXPROPERTY('Color',$,'Color',(#17512,#17516,#17521));
#17530=IFCPROPERTYSET('0zqbqVHBH37w5XiViRhGi2',#13,'PSet_Draughting',$,(#17508,#17525));
#17535=IFCRELDEFINESBYPROPERTIES('2S_PR3TLP3punphuKCAsvq',#13,'IfcRelDefinesByProperties_001',$,(#16693),#17530);
#17537=IFCMATERIAL('Structural Concrete');
#17540=IFCRELASSOCIATESMATERIAL('2fCm1PmeHEV82sfsuNwNYN',#13,'IfcRelAssociatesMaterial_001',$,(#16693),#17537);
#17542=IFCRELCONTAINEDINSPATIALSTRUCTURE('0Ij_YM1I55cvUjusSqT0Z5',#13,'BuildingStoreyContainer','BuildingStoreyContainer for Building Elements',(#16693),#80);
#17544=IFCRELAGGREGATES('1VcgawlLHBzQigtaO_SH3N',#13,'BuildingContainer','BuildingContainer for BuildigStories',#64,(#80));
#17546=IFCRELAGGREGATES('0qNQ9WPKrDURXh0hW8HL_V',#13,'ProjectContainer','ProjectContainer for Sites',#54,(#64));
ENDSEC;
END-ISO-10303-21;
