ISO-10303-21;
HEADER;
FILE_DESCRIPTION(('ViewDefinition [ReferenceView_V1.2]','RevitIdentifiers [ContentGUID: 1431da7d-2d14-4946-9420-370122fa1fe2, VersionGUID: 37739022-59b3-467d-ad3d-40d206a24a82, NumberOfSaves: 0]','CoordinateReference [CoordinateBase: Shared Coordinates, ProjectSite: Default Site]','ExchangeRequirement [Architecture]'),'2;1');
FILE_NAME('Project1.ifc','2026-04-27T21:18:59-05:00',(''),(''),'ODA SDAI 25.12','Autodesk Revit 26.2.0.20 (ENU) - IFC 26.2.0.20','');
FILE_SCHEMA(('IFC4'));
ENDSEC;

DATA;
#1=IFCORGANIZATION($,'Autodesk Revit 2026 (ENU)',$,$,$);
#2=IFCAPPLICATION(#1,'2026','Autodesk Revit 2026 (ENU)','Revit');
#3=IFCCARTESIANPOINT((0.,0.,0.));
#4=IFCCARTESIANPOINT((0.,0.));
#5=IFCDIRECTION((1.,0.,0.));
#6=IFCDIRECTION((-1.,0.,0.));
#7=IFCDIRECTION((0.,1.,0.));
#8=IFCDIRECTION((0.,-1.,0.));
#9=IFCDIRECTION((0.,0.,1.));
#10=IFCDIRECTION((0.,0.,-1.));
#11=IFCDIRECTION((1.,0.));
#12=IFCDIRECTION((-1.,0.));
#13=IFCDIRECTION((0.,1.));
#14=IFCDIRECTION((0.,-1.));
#15=IFCPERSON($,'','malak.yaseen@gmail.com',$,$,$,$,$);
#16=IFCORGANIZATION($,'Organization Name','Organization Description',$,$);
#17=IFCPERSONANDORGANIZATION(#15,#16,$);
#18=IFCOWNERHISTORY(#17,#2,$,.NOCHANGE.,$,$,$,1777339138);
#19=IFCSIUNIT(*,.LENGTHUNIT.,.MILLI.,.METRE.);
#20=IFCSIUNIT(*,.AREAUNIT.,$,.SQUARE_METRE.);
#21=IFCSIUNIT(*,.VOLUMEUNIT.,$,.CUBIC_METRE.);
#22=IFCAXIS2PLACEMENT3D(#3,$,$);
#23=IFCDIRECTION((6.123233995736766E-017,1.));
#24=IFCGEOMETRICREPRESENTATIONCONTEXT($,'Model',3,0.01,#22,#23);
#25=IFCGEOMETRICREPRESENTATIONSUBCONTEXT('Axis','Model',*,*,*,*,#24,$,.GRAPH_VIEW.,$);
#26=IFCGEOMETRICREPRESENTATIONSUBCONTEXT('Body','Model',*,*,*,*,#24,$,.MODEL_VIEW.,$);
#27=IFCGEOMETRICREPRESENTATIONSUBCONTEXT('Box','Model',*,*,*,*,#24,$,.MODEL_VIEW.,$);
#28=IFCGEOMETRICREPRESENTATIONSUBCONTEXT('FootPrint','Model',*,*,*,*,#24,$,.MODEL_VIEW.,$);
#29=IFCPROJECT('0KCTfzBHH9HfGWDm7T1U0I',#18,'Project Number',$,$,'Project Name','Project Status',(#24),#1234);
#30=IFCCLASSIFICATION('CSI (Construction Specifications Institute)','1998',$,'Uniformat','UniFormat Classification','https://www.csiresources.org/standards/uniformat',$);
#31=IFCAXIS2PLACEMENT3D(#3,$,$);
#32=IFCLOCALPLACEMENT(#43,#31);
#33=IFCPOSTALADDRESS($,$,$,$,('Enter address here\X\0D\X\0AAddress Line 2'),$,'','Boston','','MA');
#34=IFCBUILDING('0KCTfzBHH9HfGWDm7T1U0J',#18,'Building Name',$,$,#32,$,'Building Name',.ELEMENT.,$,$,#33);
#35=IFCAXIS2PLACEMENT3D(#3,$,$);
#36=IFCLOCALPLACEMENT(#32,#35);
#37=IFCBUILDINGSTOREY('2JF4e6axWHqu3u0C1FZlmi',#18,'L1',$,'Level:8mm Head',#36,$,'L1',.ELEMENT.,0.);
#38=IFCCARTESIANPOINT((0.,0.,3600.));
#39=IFCAXIS2PLACEMENT3D(#38,$,$);
#40=IFCLOCALPLACEMENT(#32,#39);
#41=IFCBUILDINGSTOREY('1ZGO8hrFCHqw0v0026FpFv',#18,'L2',$,'Level:8mm Head',#40,$,'L2',.ELEMENT.,3600.0000000000005);
#42=IFCAXIS2PLACEMENT3D(#3,$,$);
#43=IFCLOCALPLACEMENT($,#42);
#44=IFCSITE('0KCTfzBHH9HfGWDm7T1U0G',#18,'Default',$,$,#43,$,$,.ELEMENT.,(42,21,31,401672),(-71,-3,-24,-345703),0.,$,$);
#45=IFCPROPERTYSINGLEVALUE('Reference',$,IFCIDENTIFIER('Project Information'),$);
#46=IFCPROPERTYSET('0ITIpd$u5GRfpi40CvQ544',#18,'Pset_SiteCommon',$,(#45));
#47=IFCRELDEFINESBYPROPERTIES('1WEg3CCSSjFINZsK90rdu2',#18,$,$,(#44),#46);
#48=IFCAXIS2PLACEMENT3D(#3,$,$);
#49=IFCLOCALPLACEMENT(#36,#48);
#50=IFCSTAIR('0tSv0YMRD6VQqzGD86koaV',#18,'Assembled Stair:Stair:1663901',$,'Assembled Stair:M_Stair-Metal-Plate Stringer',#49,$,'1663901',.STRAIGHT_RUN_STAIR.);
#51=IFCSTAIRTYPE('1M6gPjG8TFzfT$mOQeIU8a',#18,'Assembled Stair:M_Stair-Metal-Plate Stringer',$,$,(#489),$,'613631',$,.STRAIGHT_RUN_STAIR.);
#52=IFCAXIS2PLACEMENT3D(#3,$,$);
#53=IFCLOCALPLACEMENT(#49,#52);
#54=IFCCARTESIANPOINTLIST2D(((-25.115267169663376,-151.42994715949365),(-19.051800751845963,-151.42994715949365),(25.115267169663309,151.42994715949365),(19.051800751845896,151.42994715949365),(-25.115267169663376,-151.42994715949365)));
#55=IFCINDEXEDPOLYCURVE(#54,$,.F.);
#56=IFCARBITRARYCLOSEDPROFILEDEF(.AREA.,'6mm Tread 25mm Nosing 6mm Riser',#55);
#57=IFCCARTESIANPOINT((-6738.203269050473,-16589.192852742341,168.42857142857142));
#58=IFCDIRECTION((0.,0.1443068930716975,-0.98953298106328613));
#59=IFCAXIS2PLACEMENT3D(#57,#5,#58);
#60=IFCEXTRUDEDAREASOLID(#56,#59,#9,1100.0000000000011);
#61=IFCSIUNIT(*,.PLANEANGLEUNIT.,$,.RADIAN.);
#62=IFCDIMENSIONALEXPONENTS(0,0,0,0,0,0,0);
#63=IFCMEASUREWITHUNIT(IFCPLANEANGLEMEASURE(0.017453292519943278),#61);
#64=IFCCONVERSIONBASEDUNIT(#62,.PLANEANGLEUNIT.,'DEGREE',#63);
#65=IFCCARTESIANPOINTLIST2D(((-84.026715617054862,-2.9999999999990958),(83.151715617054762,-3.0000000000012403),(84.02671561705516,3.0000000000012386),(-83.151715617054762,3.0000000000012403),(-84.026715617054862,-2.9999999999990958)));
#66=IFCINDEXEDPOLYCURVE(#65,$,.F.);
#67=IFCARBITRARYCLOSEDPROFILEDEF(.AREA.,'6mm Tread 25mm Nosing 6mm Riser',#66);
#68=IFCCARTESIANPOINT((-6738.203269050473,-16726.692852742341,82.714285714285722));
#69=IFCDIRECTION((0.,0.14430689307173447,-0.98953298106328069));
#70=IFCAXIS2PLACEMENT3D(#68,#5,#69);
#71=IFCEXTRUDEDAREASOLID(#67,#70,#9,1100.0000000000011);
#72=IFCCARTESIANPOINTLIST2D(((-84.02671561705516,-3.0000000000012386),(83.15171561705445,-3.000000000003384),(84.026715617054862,2.9999999999990958),(-83.151715617055075,2.9999999999990981),(-84.02671561705516,-3.0000000000012386)));
#73=IFCINDEXEDPOLYCURVE(#72,$,.F.);
#74=IFCARBITRARYCLOSEDPROFILEDEF(.AREA.,'6mm Tread 25mm Nosing 6mm Riser',#73);
#75=IFCCARTESIANPOINT((-6738.203269050473,-16451.692852742337,254.14285714285717));
#76=IFCDIRECTION((0.,0.14430689307173447,-0.98953298106328069));
#77=IFCAXIS2PLACEMENT3D(#75,#5,#76);
#78=IFCEXTRUDEDAREASOLID(#74,#77,#9,1100.0000000000011);
#79=IFCCARTESIANPOINTLIST2D(((-25.115267169663145,-151.42994715949149),(-19.051800751845736,-151.42994715949149),(25.115267169663145,151.42994715949149),(19.051800751845736,151.42994715949149),(-25.115267169663145,-151.42994715949149)));
#80=IFCINDEXEDPOLYCURVE(#79,$,.F.);
#81=IFCARBITRARYCLOSEDPROFILEDEF(.AREA.,'6mm Tread 25mm Nosing 6mm Riser',#80);
#82=IFCCARTESIANPOINT((-6738.203269050473,-16314.192852742339,339.85714285714289));
#83=IFCDIRECTION((0.,0.14430689307169828,-0.98953298106328602));
#84=IFCAXIS2PLACEMENT3D(#82,#5,#83);
#85=IFCEXTRUDEDAREASOLID(#81,#84,#9,1100.);
#86=IFCCARTESIANPOINTLIST2D(((-84.026715617054862,-2.9999999999990958),(83.151715617054762,-3.0000000000012403),(84.02671561705516,3.0000000000012386),(-83.151715617054762,3.0000000000012403),(-84.026715617054862,-2.9999999999990958)));
#87=IFCINDEXEDPOLYCURVE(#86,$,.F.);
#88=IFCARBITRARYCLOSEDPROFILEDEF(.AREA.,'6mm Tread 25mm Nosing 6mm Riser',#87);
#89=IFCCARTESIANPOINT((-6738.203269050473,-16176.692852742339,425.57142857142861));
#90=IFCDIRECTION((0.,0.14430689307173447,-0.98953298106328069));
#91=IFCAXIS2PLACEMENT3D(#89,#5,#90);
#92=IFCEXTRUDEDAREASOLID(#88,#91,#9,1100.0000000000011);
#93=IFCCARTESIANPOINTLIST2D(((-25.115267169663461,-151.42994715949362),(-19.051800751846049,-151.42994715949362),(25.115267169662832,151.42994715948936),(19.051800751845423,151.42994715948936),(-25.115267169663461,-151.42994715949362)));
#94=IFCINDEXEDPOLYCURVE(#93,$,.F.);
#95=IFCARBITRARYCLOSEDPROFILEDEF(.AREA.,'6mm Tread 25mm Nosing 6mm Riser',#94);
#96=IFCCARTESIANPOINT((-6738.203269050473,-16039.192852742337,511.28571428571433));
#97=IFCDIRECTION((0.,0.14430689307169828,-0.98953298106328602));
#98=IFCAXIS2PLACEMENT3D(#96,#5,#97);
#99=IFCEXTRUDEDAREASOLID(#95,#98,#9,1100.);
#100=IFCCARTESIANPOINTLIST2D(((-84.026715617054862,-2.9999999999990958),(83.151715617054762,-3.0000000000012403),(84.02671561705516,3.0000000000012386),(-83.151715617054762,3.0000000000012403),(-84.026715617054862,-2.9999999999990958)));
#101=IFCINDEXEDPOLYCURVE(#100,$,.F.);
#102=IFCARBITRARYCLOSEDPROFILEDEF(.AREA.,'6mm Tread 25mm Nosing 6mm Riser',#101);
#103=IFCCARTESIANPOINT((-6738.203269050472,-15901.692852742335,597.));
#104=IFCDIRECTION((0.,0.14430689307173447,-0.98953298106328069));
#105=IFCAXIS2PLACEMENT3D(#103,#5,#104);
#106=IFCEXTRUDEDAREASOLID(#102,#105,#9,1100.0000000000011);
#107=IFCCARTESIANPOINTLIST2D(((-25.115267169662907,-151.42994715949152),(-19.051800751845494,-151.42994715949152),(25.115267169662907,151.42994715949152),(19.051800751845494,151.42994715949152),(-25.115267169662907,-151.42994715949152)));
#108=IFCINDEXEDPOLYCURVE(#107,$,.F.);
#109=IFCARBITRARYCLOSEDPROFILEDEF(.AREA.,'6mm Tread 25mm Nosing 6mm Riser',#108);
#110=IFCCARTESIANPOINT((-6738.2032690504711,-15764.192852742337,682.71428571428578));
#111=IFCDIRECTION((0.,0.1443068930716967,-0.98953298106328624));
#112=IFCAXIS2PLACEMENT3D(#110,#5,#111);
#113=IFCEXTRUDEDAREASOLID(#109,#112,#9,1100.);
#114=IFCCARTESIANPOINTLIST2D(((-84.026715617054862,-2.9999999999990958),(83.151715617054762,-3.0000000000012403),(84.02671561705516,3.0000000000012386),(-83.151715617054762,3.0000000000012403),(-84.026715617054862,-2.9999999999990958)));
#115=IFCINDEXEDPOLYCURVE(#114,$,.F.);
#116=IFCARBITRARYCLOSEDPROFILEDEF(.AREA.,'6mm Tread 25mm Nosing 6mm Riser',#115);
#117=IFCCARTESIANPOINT((-6738.203269050472,-15626.692852742341,768.42857142857144));
#118=IFCDIRECTION((0.,0.14430689307173447,-0.98953298106328069));
#119=IFCAXIS2PLACEMENT3D(#117,#5,#118);
#120=IFCEXTRUDEDAREASOLID(#116,#119,#9,1100.0000000000011);
#121=IFCCARTESIANPOINTLIST2D(((-25.115267169662907,-151.42994715949152),(-19.051800751845494,-151.42994715949152),(25.115267169662907,151.42994715949152),(19.051800751845494,151.42994715949152),(-25.115267169662907,-151.42994715949152)));
#122=IFCINDEXEDPOLYCURVE(#121,$,.F.);
#123=IFCARBITRARYCLOSEDPROFILEDEF(.AREA.,'6mm Tread 25mm Nosing 6mm Riser',#122);
#124=IFCCARTESIANPOINT((-6738.2032690504711,-15489.192852742341,854.14285714285722));
#125=IFCDIRECTION((0.,0.1443068930716967,-0.98953298106328624));
#126=IFCAXIS2PLACEMENT3D(#124,#5,#125);
#127=IFCEXTRUDEDAREASOLID(#123,#126,#9,1100.);
#128=IFCCARTESIANPOINTLIST2D(((-84.02671561705472,-2.9999999999991149),(83.15171561705489,-3.0000000000012594),(84.026715617055274,3.0000000000012195),(-83.151715617054634,3.0000000000012217),(-84.02671561705472,-2.9999999999991149)));
#129=IFCINDEXEDPOLYCURVE(#128,$,.F.);
#130=IFCARBITRARYCLOSEDPROFILEDEF(.AREA.,'6mm Tread 25mm Nosing 6mm Riser',#129);
#131=IFCCARTESIANPOINT((-6738.2032690504711,-15351.692852742337,939.857142857143));
#132=IFCDIRECTION((0.,0.14430689307173447,-0.98953298106328069));
#133=IFCAXIS2PLACEMENT3D(#131,#5,#132);
#134=IFCEXTRUDEDAREASOLID(#130,#133,#9,1100.0000000000011);
#135=IFCCARTESIANPOINTLIST2D(((-25.115267169662591,-151.42994715948939),(-19.051800751845182,-151.42994715948939),(25.11526716966322,151.42994715949365),(19.051800751845807,151.42994715949365),(-25.115267169662591,-151.42994715948939)));
#136=IFCINDEXEDPOLYCURVE(#135,$,.F.);
#137=IFCARBITRARYCLOSEDPROFILEDEF(.AREA.,'6mm Tread 25mm Nosing 6mm Riser',#136);
#138=IFCCARTESIANPOINT((-6738.2032690504702,-15214.192852742341,1025.5714285714287));
#139=IFCDIRECTION((0.,0.1443068930716967,-0.98953298106328624));
#140=IFCAXIS2PLACEMENT3D(#138,#5,#139);
#141=IFCEXTRUDEDAREASOLID(#137,#140,#9,1100.);
#142=IFCCARTESIANPOINTLIST2D(((-84.026715617055018,-3.0000000000012572),(83.151715617054563,-3.0000000000034031),(84.026715617054975,2.9999999999990767),(-83.151715617054933,2.999999999999079),(-84.026715617055018,-3.0000000000012572)));
#143=IFCINDEXEDPOLYCURVE(#142,$,.F.);
#144=IFCARBITRARYCLOSEDPROFILEDEF(.AREA.,'6mm Tread 25mm Nosing 6mm Riser',#143);
#145=IFCCARTESIANPOINT((-6738.2032690504711,-15076.692852742337,1111.2857142857144));
#146=IFCDIRECTION((0.,0.14430689307173447,-0.98953298106328069));
#147=IFCAXIS2PLACEMENT3D(#145,#5,#146);
#148=IFCEXTRUDEDAREASOLID(#144,#147,#9,1100.0000000000011);
#149=IFCCARTESIANPOINTLIST2D(((-25.115267169662907,-151.42994715949152),(-19.051800751845494,-151.42994715949152),(25.115267169662907,151.42994715949152),(19.051800751845494,151.42994715949152),(-25.115267169662907,-151.42994715949152)));
#150=IFCINDEXEDPOLYCURVE(#149,$,.F.);
#151=IFCARBITRARYCLOSEDPROFILEDEF(.AREA.,'6mm Tread 25mm Nosing 6mm Riser',#150);
#152=IFCCARTESIANPOINT((-6738.2032690504702,-14939.192852742341,1197.));
#153=IFCDIRECTION((0.,0.1443068930716967,-0.98953298106328624));
#154=IFCAXIS2PLACEMENT3D(#152,#5,#153);
#155=IFCEXTRUDEDAREASOLID(#151,#154,#9,1100.);
#156=IFCCARTESIANPOINTLIST2D(((-84.02671561705472,-2.9999999999991149),(83.15171561705489,-3.0000000000012594),(84.026715617055274,3.0000000000012195),(-83.151715617054634,3.0000000000012217),(-84.02671561705472,-2.9999999999991149)));
#157=IFCINDEXEDPOLYCURVE(#156,$,.F.);
#158=IFCARBITRARYCLOSEDPROFILEDEF(.AREA.,'6mm Tread 25mm Nosing 6mm Riser',#157);
#159=IFCCARTESIANPOINT((-6738.2032690504711,-14801.692852742339,1282.714285714286));
#160=IFCDIRECTION((0.,0.14430689307173447,-0.98953298106328069));
#161=IFCAXIS2PLACEMENT3D(#159,#5,#160);
#162=IFCEXTRUDEDAREASOLID(#158,#161,#9,1100.0000000000011);
#163=IFCCARTESIANPOINTLIST2D(((-25.115267169663088,-151.42994715949368),(-19.051800751845672,-151.42994715949368),(25.115267169662729,151.42994715948936),(19.051800751845313,151.42994715948936),(-25.115267169663088,-151.42994715949368)));
#164=IFCINDEXEDPOLYCURVE(#163,$,.F.);
#165=IFCARBITRARYCLOSEDPROFILEDEF(.AREA.,'6mm Tread 25mm Nosing 6mm Riser',#164);
#166=IFCCARTESIANPOINT((-6738.2032690504702,-14664.192852742337,1368.4285714285716));
#167=IFCDIRECTION((0.,0.1443068930716967,-0.98953298106328624));
#168=IFCAXIS2PLACEMENT3D(#166,#5,#167);
#169=IFCEXTRUDEDAREASOLID(#165,#168,#9,1100.);
#170=IFCCARTESIANPOINTLIST2D(((-84.02671561705472,-2.9999999999991149),(83.15171561705489,-3.0000000000012594),(84.026715617055274,3.0000000000012195),(-83.151715617054634,3.0000000000012217),(-84.02671561705472,-2.9999999999991149)));
#171=IFCINDEXEDPOLYCURVE(#170,$,.F.);
#172=IFCARBITRARYCLOSEDPROFILEDEF(.AREA.,'6mm Tread 25mm Nosing 6mm Riser',#171);
#173=IFCCARTESIANPOINT((-6738.2032690504702,-14526.692852742337,1454.1428571428573));
#174=IFCDIRECTION((0.,0.14430689307173447,-0.98953298106328069));
#175=IFCAXIS2PLACEMENT3D(#173,#5,#174);
#176=IFCEXTRUDEDAREASOLID(#172,#175,#9,1100.0000000000011);
#177=IFCCARTESIANPOINTLIST2D(((-25.115267169662776,-151.42994715949155),(-19.051800751845359,-151.42994715949155),(25.115267169663042,151.42994715949152),(19.051800751845626,151.42994715949152),(-25.115267169662776,-151.42994715949155)));
#178=IFCINDEXEDPOLYCURVE(#177,$,.F.);
#179=IFCARBITRARYCLOSEDPROFILEDEF(.AREA.,'6mm Tread 25mm Nosing 6mm Riser',#178);
#180=IFCCARTESIANPOINT((-6738.2032690504684,-14389.192852742337,1539.8571428571431));
#181=IFCDIRECTION((0.,0.1443068930716967,-0.98953298106328624));
#182=IFCAXIS2PLACEMENT3D(#180,#5,#181);
#183=IFCEXTRUDEDAREASOLID(#179,#182,#9,1100.);
#184=IFCCARTESIANPOINTLIST2D(((-84.02671561705472,-2.9999999999991149),(83.15171561705489,-3.0000000000012594),(84.026715617055274,3.0000000000012195),(-83.151715617054634,3.0000000000012217),(-84.02671561705472,-2.9999999999991149)));
#185=IFCINDEXEDPOLYCURVE(#184,$,.F.);
#186=IFCARBITRARYCLOSEDPROFILEDEF(.AREA.,'6mm Tread 25mm Nosing 6mm Riser',#185);
#187=IFCCARTESIANPOINT((-6738.2032690504702,-14251.692852742339,1625.5714285714289));
#188=IFCDIRECTION((0.,0.14430689307173447,-0.98953298106328069));
#189=IFCAXIS2PLACEMENT3D(#187,#5,#188);
#190=IFCEXTRUDEDAREASOLID(#186,#189,#9,1100.0000000000011);
#191=IFCCARTESIANPOINTLIST2D(((-25.115267169662776,-151.42994715949155),(-19.051800751845359,-151.42994715949155),(25.115267169663042,151.42994715949152),(19.051800751845626,151.42994715949152),(-25.115267169662776,-151.42994715949155)));
#192=IFCINDEXEDPOLYCURVE(#191,$,.F.);
#193=IFCARBITRARYCLOSEDPROFILEDEF(.AREA.,'6mm Tread 25mm Nosing 6mm Riser',#192);
#194=IFCCARTESIANPOINT((-6738.2032690504684,-14114.192852742339,1711.2857142857144));
#195=IFCDIRECTION((0.,0.1443068930716967,-0.98953298106328624));
#196=IFCAXIS2PLACEMENT3D(#194,#5,#195);
#197=IFCEXTRUDEDAREASOLID(#193,#196,#9,1100.);
#198=IFCCARTESIANPOINTLIST2D(((-84.02671561705472,-2.9999999999991149),(83.15171561705489,-3.0000000000012594),(84.026715617055274,3.0000000000012195),(-83.151715617054634,3.0000000000012217),(-84.02671561705472,-2.9999999999991149)));
#199=IFCINDEXEDPOLYCURVE(#198,$,.F.);
#200=IFCARBITRARYCLOSEDPROFILEDEF(.AREA.,'6mm Tread 25mm Nosing 6mm Riser',#199);
#201=IFCCARTESIANPOINT((-6738.2032690504684,-13976.692852742337,1797.));
#202=IFCDIRECTION((0.,0.14430689307173447,-0.98953298106328069));
#203=IFCAXIS2PLACEMENT3D(#201,#5,#202);
#204=IFCEXTRUDEDAREASOLID(#200,#203,#9,1100.0000000000011);
#205=IFCCARTESIANPOINTLIST2D(((-25.115267169663088,-151.42994715949368),(-19.051800751845672,-151.42994715949368),(25.115267169662729,151.42994715948936),(19.051800751845313,151.42994715948936),(-25.115267169663088,-151.42994715949368)));
#206=IFCINDEXEDPOLYCURVE(#205,$,.F.);
#207=IFCARBITRARYCLOSEDPROFILEDEF(.AREA.,'6mm Tread 25mm Nosing 6mm Riser',#206);
#208=IFCCARTESIANPOINT((-6738.2032690504684,-13839.192852742335,1882.714285714286));
#209=IFCDIRECTION((0.,0.1443068930716967,-0.98953298106328624));
#210=IFCAXIS2PLACEMENT3D(#208,#5,#209);
#211=IFCEXTRUDEDAREASOLID(#207,#210,#9,1100.);
#212=IFCCARTESIANPOINTLIST2D(((-84.026715617055018,-3.0000000000012572),(83.151715617054563,-3.0000000000034031),(84.026715617054975,2.9999999999990767),(-83.151715617054933,2.999999999999079),(-84.026715617055018,-3.0000000000012572)));
#213=IFCINDEXEDPOLYCURVE(#212,$,.F.);
#214=IFCARBITRARYCLOSEDPROFILEDEF(.AREA.,'6mm Tread 25mm Nosing 6mm Riser',#213);
#215=IFCCARTESIANPOINT((-6738.2032690504684,-13701.692852742339,1968.4285714285718));
#216=IFCDIRECTION((0.,0.14430689307173447,-0.98953298106328069));
#217=IFCAXIS2PLACEMENT3D(#215,#5,#216);
#218=IFCEXTRUDEDAREASOLID(#214,#217,#9,1100.0000000000011);
#219=IFCCARTESIANPOINTLIST2D(((-25.115267169662776,-151.42994715949155),(-19.051800751845359,-151.42994715949155),(25.115267169663042,151.42994715949152),(19.051800751845626,151.42994715949152),(-25.115267169662776,-151.42994715949155)));
#220=IFCINDEXEDPOLYCURVE(#219,$,.F.);
#221=IFCARBITRARYCLOSEDPROFILEDEF(.AREA.,'6mm Tread 25mm Nosing 6mm Riser',#220);
#222=IFCCARTESIANPOINT((-6738.2032690504684,-13564.192852742341,2054.1428571428573));
#223=IFCDIRECTION((0.,0.1443068930716967,-0.98953298106328624));
#224=IFCAXIS2PLACEMENT3D(#222,#5,#223);
#225=IFCEXTRUDEDAREASOLID(#221,#224,#9,1100.);
#226=IFCCARTESIANPOINTLIST2D(((-84.02671561705472,-2.9999999999991149),(83.15171561705489,-3.0000000000012594),(84.026715617055274,3.0000000000012195),(-83.151715617054634,3.0000000000012217),(-84.02671561705472,-2.9999999999991149)));
#227=IFCINDEXEDPOLYCURVE(#226,$,.F.);
#228=IFCARBITRARYCLOSEDPROFILEDEF(.AREA.,'6mm Tread 25mm Nosing 6mm Riser',#227);
#229=IFCCARTESIANPOINT((-6738.2032690504684,-13426.692852742335,2139.8571428571431));
#230=IFCDIRECTION((0.,0.14430689307173447,-0.98953298106328069));
#231=IFCAXIS2PLACEMENT3D(#229,#5,#230);
#232=IFCEXTRUDEDAREASOLID(#228,#231,#9,1100.0000000000011);
#233=IFCCARTESIANPOINTLIST2D(((-25.115267169662776,-151.42994715949155),(-19.051800751845359,-151.42994715949155),(25.115267169663042,151.42994715949152),(19.051800751845626,151.42994715949152),(-25.115267169662776,-151.42994715949155)));
#234=IFCINDEXEDPOLYCURVE(#233,$,.F.);
#235=IFCARBITRARYCLOSEDPROFILEDEF(.AREA.,'6mm Tread 25mm Nosing 6mm Riser',#234);
#236=IFCCARTESIANPOINT((-6738.2032690504684,-13289.192852742337,2225.5714285714289));
#237=IFCDIRECTION((0.,0.1443068930716967,-0.98953298106328624));
#238=IFCAXIS2PLACEMENT3D(#236,#5,#237);
#239=IFCEXTRUDEDAREASOLID(#235,#238,#9,1100.);
#240=IFCCARTESIANPOINTLIST2D(((-84.02671561705472,-2.9999999999991149),(83.15171561705489,-3.0000000000012594),(84.026715617055274,3.0000000000012195),(-83.151715617054634,3.0000000000012217),(-84.02671561705472,-2.9999999999991149)));
#241=IFCINDEXEDPOLYCURVE(#240,$,.F.);
#242=IFCARBITRARYCLOSEDPROFILEDEF(.AREA.,'6mm Tread 25mm Nosing 6mm Riser',#241);
#243=IFCCARTESIANPOINT((-6738.2032690504675,-13151.692852742339,2311.2857142857147));
#244=IFCDIRECTION((0.,0.14430689307173447,-0.98953298106328069));
#245=IFCAXIS2PLACEMENT3D(#243,#5,#244);
#246=IFCEXTRUDEDAREASOLID(#242,#245,#9,1100.0000000000011);
#247=IFCCARTESIANPOINTLIST2D(((-25.115267169662776,-151.42994715949155),(-19.051800751845359,-151.42994715949155),(25.115267169663042,151.42994715949152),(19.051800751845626,151.42994715949152),(-25.115267169662776,-151.42994715949155)));
#248=IFCINDEXEDPOLYCURVE(#247,$,.F.);
#249=IFCARBITRARYCLOSEDPROFILEDEF(.AREA.,'6mm Tread 25mm Nosing 6mm Riser',#248);
#250=IFCCARTESIANPOINT((-6738.2032690504666,-13014.192852742341,2397.));
#251=IFCDIRECTION((0.,0.1443068930716967,-0.98953298106328624));
#252=IFCAXIS2PLACEMENT3D(#250,#5,#251);
#253=IFCEXTRUDEDAREASOLID(#249,#252,#9,1100.);
#254=IFCCARTESIANPOINTLIST2D(((-84.02671561705499,-2.9999999999990981),(83.151715617054904,-3.0000000000012386),(84.026715617055302,3.0000000000012403),(-83.151715617054904,3.0000000000012386),(-84.02671561705499,-2.9999999999990981)));
#255=IFCINDEXEDPOLYCURVE(#254,$,.F.);
#256=IFCARBITRARYCLOSEDPROFILEDEF(.AREA.,'6mm Tread 25mm Nosing 6mm Riser',#255);
#257=IFCCARTESIANPOINT((-6738.2032690504675,-12876.692852742339,2482.7142857142862));
#258=IFCDIRECTION((0.,0.14430689307173428,-0.9895329810632808));
#259=IFCAXIS2PLACEMENT3D(#257,#5,#258);
#260=IFCEXTRUDEDAREASOLID(#256,#259,#9,1100.0000000000009);
#261=IFCCARTESIANPOINTLIST2D(((-25.115267169664286,-151.42994715949132),(-19.051800751846599,-151.42994715949141),(25.115267169663209,151.42994715949149),(19.051800751846063,151.42994715949149),(-25.115267169664286,-151.42994715949132)));
#262=IFCINDEXEDPOLYCURVE(#261,$,.F.);
#263=IFCARBITRARYCLOSEDPROFILEDEF(.AREA.,'6mm Tread 25mm Nosing 6mm Riser',#262);
#264=IFCCARTESIANPOINT((-6738.2032690504666,-12739.192852742341,2568.4285714285711));
#265=IFCDIRECTION((0.,0.14430689307170305,-0.98953298106328536));
#266=IFCAXIS2PLACEMENT3D(#264,#5,#265);
#267=IFCEXTRUDEDAREASOLID(#263,#266,#9,1099.9999999999998);
#268=IFCCARTESIANPOINTLIST2D(((-84.02671561705499,-2.9999999999990981),(83.151715617054904,-3.0000000000012386),(84.026715617055302,3.0000000000012403),(-83.151715617054904,3.0000000000012386),(-84.02671561705499,-2.9999999999990981)));
#269=IFCINDEXEDPOLYCURVE(#268,$,.F.);
#270=IFCARBITRARYCLOSEDPROFILEDEF(.AREA.,'6mm Tread 25mm Nosing 6mm Riser',#269);
#271=IFCCARTESIANPOINT((-6738.2032690504666,-12601.692852742337,2654.1428571428573));
#272=IFCDIRECTION((0.,0.14430689307173428,-0.9895329810632808));
#273=IFCAXIS2PLACEMENT3D(#271,#5,#272);
#274=IFCEXTRUDEDAREASOLID(#270,#273,#9,1100.0000000000009);
#275=IFCCARTESIANPOINTLIST2D(((-25.115267169664595,-151.42994715949345),(-19.051800751846912,-151.42994715949354),(25.115267169662896,151.42994715948933),(19.051800751845747,151.42994715948933),(-25.115267169664595,-151.42994715949345)));
#276=IFCINDEXEDPOLYCURVE(#275,$,.F.);
#277=IFCARBITRARYCLOSEDPROFILEDEF(.AREA.,'6mm Tread 25mm Nosing 6mm Riser',#276);
#278=IFCCARTESIANPOINT((-6738.2032690504657,-12464.192852742335,2739.8571428571427));
#279=IFCDIRECTION((0.,0.14430689307170305,-0.98953298106328536));
#280=IFCAXIS2PLACEMENT3D(#278,#5,#279);
#281=IFCEXTRUDEDAREASOLID(#277,#280,#9,1099.9999999999998);
#282=IFCCARTESIANPOINTLIST2D(((-84.02671561705499,-2.9999999999990981),(83.151715617054904,-3.0000000000012386),(84.026715617055302,3.0000000000012403),(-83.151715617054904,3.0000000000012386),(-84.02671561705499,-2.9999999999990981)));
#283=IFCINDEXEDPOLYCURVE(#282,$,.F.);
#284=IFCARBITRARYCLOSEDPROFILEDEF(.AREA.,'6mm Tread 25mm Nosing 6mm Riser',#283);
#285=IFCCARTESIANPOINT((-6738.2032690504666,-12326.692852742339,2825.5714285714289));
#286=IFCDIRECTION((0.,0.14430689307173428,-0.9895329810632808));
#287=IFCAXIS2PLACEMENT3D(#285,#5,#286);
#288=IFCEXTRUDEDAREASOLID(#284,#287,#9,1100.0000000000009);
#289=IFCCARTESIANPOINTLIST2D(((-25.115267169664595,-151.42994715949345),(-19.051800751846912,-151.42994715949354),(25.115267169662896,151.42994715948933),(19.051800751845747,151.42994715948933),(-25.115267169664595,-151.42994715949345)));
#290=IFCINDEXEDPOLYCURVE(#289,$,.F.);
#291=IFCARBITRARYCLOSEDPROFILEDEF(.AREA.,'6mm Tread 25mm Nosing 6mm Riser',#290);
#292=IFCCARTESIANPOINT((-6738.2032690504657,-12189.192852742337,2911.2857142857142));
#293=IFCDIRECTION((0.,0.14430689307170305,-0.98953298106328536));
#294=IFCAXIS2PLACEMENT3D(#292,#5,#293);
#295=IFCEXTRUDEDAREASOLID(#291,#294,#9,1099.9999999999998);
#296=IFCCARTESIANPOINTLIST2D(((-84.02671561705499,-2.9999999999990981),(83.151715617054904,-3.0000000000012386),(84.026715617055302,3.0000000000012403),(-83.151715617054904,3.0000000000012386),(-84.02671561705499,-2.9999999999990981)));
#297=IFCINDEXEDPOLYCURVE(#296,$,.F.);
#298=IFCARBITRARYCLOSEDPROFILEDEF(.AREA.,'6mm Tread 25mm Nosing 6mm Riser',#297);
#299=IFCCARTESIANPOINT((-6738.2032690504666,-12051.692852742337,2997.));
#300=IFCDIRECTION((0.,0.14430689307173428,-0.9895329810632808));
#301=IFCAXIS2PLACEMENT3D(#299,#5,#300);
#302=IFCEXTRUDEDAREASOLID(#298,#301,#9,1100.0000000000009);
#303=IFCCARTESIANPOINTLIST2D(((-25.115267169664286,-151.42994715949132),(-19.051800751846599,-151.42994715949141),(25.115267169663209,151.42994715949149),(19.051800751846063,151.42994715949149),(-25.115267169664286,-151.42994715949132)));
#304=IFCINDEXEDPOLYCURVE(#303,$,.F.);
#305=IFCARBITRARYCLOSEDPROFILEDEF(.AREA.,'6mm Tread 25mm Nosing 6mm Riser',#304);
#306=IFCCARTESIANPOINT((-6738.2032690504657,-11914.192852742337,3082.7142857142853));
#307=IFCDIRECTION((0.,0.14430689307170305,-0.98953298106328536));
#308=IFCAXIS2PLACEMENT3D(#306,#5,#307);
#309=IFCEXTRUDEDAREASOLID(#305,#308,#9,1099.9999999999998);
#310=IFCCARTESIANPOINTLIST2D(((-84.02671561705499,-2.9999999999990981),(83.151715617054904,-3.0000000000012386),(84.026715617055302,3.0000000000012403),(-83.151715617054904,3.0000000000012386),(-84.02671561705499,-2.9999999999990981)));
#311=IFCINDEXEDPOLYCURVE(#310,$,.F.);
#312=IFCARBITRARYCLOSEDPROFILEDEF(.AREA.,'6mm Tread 25mm Nosing 6mm Riser',#311);
#313=IFCCARTESIANPOINT((-6738.2032690504657,-11776.692852742341,3168.4285714285716));
#314=IFCDIRECTION((0.,0.14430689307173428,-0.9895329810632808));
#315=IFCAXIS2PLACEMENT3D(#313,#5,#314);
#316=IFCEXTRUDEDAREASOLID(#312,#315,#9,1100.0000000000009);
#317=IFCCARTESIANPOINTLIST2D(((-25.115267169664286,-151.42994715949132),(-19.051800751846599,-151.42994715949141),(25.115267169663209,151.42994715949149),(19.051800751846063,151.42994715949149),(-25.115267169664286,-151.42994715949132)));
#318=IFCINDEXEDPOLYCURVE(#317,$,.F.);
#319=IFCARBITRARYCLOSEDPROFILEDEF(.AREA.,'6mm Tread 25mm Nosing 6mm Riser',#318);
#320=IFCCARTESIANPOINT((-6738.2032690504648,-11639.192852742341,3254.1428571428569));
#321=IFCDIRECTION((0.,0.14430689307170305,-0.98953298106328536));
#322=IFCAXIS2PLACEMENT3D(#320,#5,#321);
#323=IFCEXTRUDEDAREASOLID(#319,#322,#9,1099.9999999999998);
#324=IFCCARTESIANPOINTLIST2D(((-84.02671561705445,-2.9999999999991762),(83.151715617055444,-3.0000000000013167),(84.026715617055842,3.0000000000011622),(-83.151715617054364,3.00000000000116),(-84.02671561705445,-2.9999999999991762)));
#325=IFCINDEXEDPOLYCURVE(#324,$,.F.);
#326=IFCARBITRARYCLOSEDPROFILEDEF(.AREA.,'6mm Tread 25mm Nosing 6mm Riser',#325);
#327=IFCCARTESIANPOINT((-6738.2032690504657,-11501.692852742337,3339.8571428571436));
#328=IFCDIRECTION((0.,0.14430689307173428,-0.9895329810632808));
#329=IFCAXIS2PLACEMENT3D(#327,#5,#328);
#330=IFCEXTRUDEDAREASOLID(#326,#329,#9,1100.0000000000009);
#331=IFCCARTESIANPOINTLIST2D(((-84.02671561705445,-2.9999999999991722),(83.151715617055444,-3.0000000000013207),(84.02671561705553,2.9999999999990155),(-83.151715617054364,3.0000000000011644),(-84.02671561705445,-2.9999999999991722)));
#332=IFCINDEXEDPOLYCURVE(#331,$,.F.);
#333=IFCARBITRARYCLOSEDPROFILEDEF(.AREA.,'6mm Tread 25mm Nosing 6mm Riser',#332);
#334=IFCCARTESIANPOINT((-6738.2032690504648,-11226.692852742339,3511.2857142857151));
#335=IFCDIRECTION((0.,0.14430689307173428,-0.9895329810632808));
#336=IFCAXIS2PLACEMENT3D(#334,#5,#335);
#337=IFCEXTRUDEDAREASOLID(#333,#336,#9,1100.0000000000009);
#338=IFCCARTESIANPOINTLIST2D(((-25.115267169664286,-151.42994715949132),(-19.051800751846599,-151.42994715949141),(25.115267169663209,151.42994715949149),(19.051800751846063,151.42994715949149),(-25.115267169664286,-151.42994715949132)));
#339=IFCINDEXEDPOLYCURVE(#338,$,.F.);
#340=IFCARBITRARYCLOSEDPROFILEDEF(.AREA.,'6mm Tread 25mm Nosing 6mm Riser',#339);
#341=IFCCARTESIANPOINT((-6738.2032690504648,-11364.192852742339,3425.5714285714284));
#342=IFCDIRECTION((0.,0.14430689307170305,-0.98953298106328536));
#343=IFCAXIS2PLACEMENT3D(#341,#5,#342);
#344=IFCEXTRUDEDAREASOLID(#340,#343,#9,1099.9999999999998);
#345=IFCCOLOURRGB($,0.34901960784313724,0.34901960784313724,0.34901960784313724);
#346=IFCSURFACESTYLERENDERING(#345,0.,$,$,$,$,IFCNORMALISEDRATIOMEASURE(0.5),IFCSPECULAREXPONENT(64.),.NOTDEFINED.);
#347=IFCSURFACESTYLE('Steel, Paint Finish, Dark Gray',.BOTH.,(#346));
#348=IFCSTYLEDITEM(#60,(#347),$);
#349=IFCSTYLEDITEM(#71,(#347),$);
#350=IFCSTYLEDITEM(#78,(#347),$);
#351=IFCSTYLEDITEM(#85,(#347),$);
#352=IFCSTYLEDITEM(#92,(#347),$);
#353=IFCSTYLEDITEM(#99,(#347),$);
#354=IFCSTYLEDITEM(#106,(#347),$);
#355=IFCSTYLEDITEM(#113,(#347),$);
#356=IFCSTYLEDITEM(#120,(#347),$);
#357=IFCSTYLEDITEM(#127,(#347),$);
#358=IFCSTYLEDITEM(#134,(#347),$);
#359=IFCSTYLEDITEM(#141,(#347),$);
#360=IFCSTYLEDITEM(#148,(#347),$);
#361=IFCSTYLEDITEM(#155,(#347),$);
#362=IFCSTYLEDITEM(#162,(#347),$);
#363=IFCSTYLEDITEM(#169,(#347),$);
#364=IFCSTYLEDITEM(#176,(#347),$);
#365=IFCSTYLEDITEM(#183,(#347),$);
#366=IFCSTYLEDITEM(#190,(#347),$);
#367=IFCSTYLEDITEM(#197,(#347),$);
#368=IFCSTYLEDITEM(#204,(#347),$);
#369=IFCSTYLEDITEM(#211,(#347),$);
#370=IFCSTYLEDITEM(#218,(#347),$);
#371=IFCSTYLEDITEM(#225,(#347),$);
#372=IFCSTYLEDITEM(#232,(#347),$);
#373=IFCSTYLEDITEM(#239,(#347),$);
#374=IFCSTYLEDITEM(#246,(#347),$);
#375=IFCSTYLEDITEM(#253,(#347),$);
#376=IFCSTYLEDITEM(#260,(#347),$);
#377=IFCSTYLEDITEM(#267,(#347),$);
#378=IFCSTYLEDITEM(#274,(#347),$);
#379=IFCSTYLEDITEM(#281,(#347),$);
#380=IFCSTYLEDITEM(#288,(#347),$);
#381=IFCSTYLEDITEM(#295,(#347),$);
#382=IFCSTYLEDITEM(#302,(#347),$);
#383=IFCSTYLEDITEM(#309,(#347),$);
#384=IFCSTYLEDITEM(#316,(#347),$);
#385=IFCSTYLEDITEM(#323,(#347),$);
#386=IFCSTYLEDITEM(#330,(#347),$);
#387=IFCSTYLEDITEM(#337,(#347),$);
#388=IFCSTYLEDITEM(#344,(#347),$);
#389=IFCSHAPEREPRESENTATION(#26,'Body','SweptSolid',(#60,#71,#78,#85,#92,#99,#106,#113,#120,#127,#134,#141,#148,#155,#162,#169,#176,#183,#190,#197,#204,#211,#218,#225,#232,#239,#246,#253,#260,#267,#274,#281,#288,#295,#302,#309,#316,#323,#330,#337,#344));
#390=IFCCARTESIANPOINTLIST2D(((-6738.2032690504648,-11242.662085951248),(-6738.203269050473,-16742.662085951248),(-5638.203269050472,-16742.662085951248),(-5638.2032690504629,-11242.662085951248),(-6738.2032690504648,-11242.662085951248)));
#391=IFCINDEXEDPOLYCURVE(#390,$,.F.);
#392=IFCGEOMETRICSET((#391));
#393=IFCSHAPEREPRESENTATION(#28,'FootPrint','GeometricSet',(#392));
#394=IFCCARTESIANPOINTLIST2D(((-6188.203269050473,-16742.662085951248),(-6188.2032690504639,-11242.662085951248)));
#395=IFCINDEXEDPOLYCURVE(#394,$,.F.);
#396=IFCGEOMETRICSET((#395));
#397=IFCSHAPEREPRESENTATION(#25,'Axis','GeometricSet',(#396));
#398=IFCPRODUCTDEFINITIONSHAPE($,$,(#389,#393,#397));
#399=IFCSTAIRFLIGHT('0tSv0YMRD6VQqzGD86kow2',#18,'Assembled Stair:Stair:1663901 Run 1',$,'Non-Monolithic Run:6mm Tread 25mm Nosing 6mm Riser',#53,#398,'1664000',$,$,$,$,.STRAIGHT.);
#400=IFCSTAIRFLIGHTTYPE('0WjZK4gkbE_wYH2dlG59U4',#18,'Non-Monolithic Run:6mm Tread 25mm Nosing 6mm Riser',$,$,(#491),$,'593445',$,.STRAIGHT.);
#401=IFCMATERIAL('Steel, Paint Finish, Dark Gray',$,'Metal');
#402=IFCAXIS2PLACEMENT3D(#3,$,$);
#403=IFCLOCALPLACEMENT(#49,#402);
#404=IFCCARTESIANPOINTLIST2D(((-2234.7773250798123,-1447.7970239197564),(-2060.8906996807409,-1447.7970239197562),(3265.2226749201891,1872.3775472600437),(3265.2226749201891,2225.8939645754485),(-2234.7773250798123,-1202.6774639959795),(-2234.7773250798123,-1447.7970239197564)));
#405=IFCINDEXEDPOLYCURVE(#404,$,.F.);
#406=IFCARBITRARYCLOSEDPROFILEDEF(.AREA.,'Stringer - 6mm Plate',#405);
#407=IFCCARTESIANPOINT((-6744.2032690504693,-14507.884760871437,1447.7970239197564));
#408=IFCAXIS2PLACEMENT3D(#407,#5,#7);
#409=IFCEXTRUDEDAREASOLID(#406,#408,#9,5.9999999999997184);
#410=IFCSTYLEDITEM(#409,(#347),$);
#411=IFCSHAPEREPRESENTATION(#26,'Body','SweptSolid',(#409));
#412=IFCPRODUCTDEFINITIONSHAPE($,$,(#411));
#413=IFCMEMBERTYPE('1M6gPjG8TFzfT$mOQeIU8b',#18,'Stringer:Stringer - 6mm Plate',$,$,$,$,'613630',$,.STRINGER.);
#414=IFCMEMBER('0tSv0YMRD6VQqzGD86kow0',#18,'Assembled Stair:Stair:1663901 Stringer 1',$,'Stringer:Stringer - 6mm Plate',#403,#412,'1664002',.STRINGER.);
#415=IFCAXIS2PLACEMENT3D(#3,$,$);
#416=IFCLOCALPLACEMENT(#49,#415);
#417=IFCCARTESIANPOINTLIST2D(((-2234.7773250798123,-1447.7970239197564),(-2060.8906996807409,-1447.7970239197562),(3265.2226749201891,1872.3775472600437),(3265.2226749201891,2225.8939645754485),(-2234.7773250798123,-1202.6774639959795),(-2234.7773250798123,-1447.7970239197564)));
#418=IFCINDEXEDPOLYCURVE(#417,$,.F.);
#419=IFCARBITRARYCLOSEDPROFILEDEF(.AREA.,'Stringer - 6mm Plate',#418);
#420=IFCCARTESIANPOINT((-5638.2032690504684,-14507.884760871437,1447.7970239197564));
#421=IFCAXIS2PLACEMENT3D(#420,#5,#7);
#422=IFCEXTRUDEDAREASOLID(#419,#421,#9,5.9999999999997184);
#423=IFCSTYLEDITEM(#422,(#347),$);
#424=IFCSHAPEREPRESENTATION(#26,'Body','SweptSolid',(#422));
#425=IFCPRODUCTDEFINITIONSHAPE($,$,(#424));
#426=IFCMEMBER('0tSv0YMRD6VQqzGD86kow1',#18,'Assembled Stair:Stair:1663901 Stringer 2',$,'Stringer:Stringer - 6mm Plate',#416,#425,'1664003',.STRINGER.);
#427=IFCPROPERTYSINGLEVALUE('Reference',$,IFCIDENTIFIER('M_Stair-Metal-Plate Stringer'),$);
#428=IFCPROPERTYSET('2PKZQbG$Dcsl4hrLzLwiT6',#18,'Pset_EnvironmentalImpactIndicators',$,(#427));
#429=IFCPROPERTYSINGLEVALUE('NumberOfRiser',$,IFCCOUNTMEASURE(21.),$);
#430=IFCPROPERTYSINGLEVALUE('NumberOfTreads',$,IFCCOUNTMEASURE(20.),$);
#431=IFCPROPERTYSINGLEVALUE('RiserHeight',$,IFCPOSITIVELENGTHMEASURE(171.42857142857144),$);
#432=IFCPROPERTYSINGLEVALUE('TreadLength',$,IFCPOSITIVELENGTHMEASURE(275.),$);
#433=IFCPROPERTYSINGLEVALUE('NosingLength',$,IFCLENGTHMEASURE(25.),$);
#434=IFCPROPERTYSINGLEVALUE('WalkingLineOffset',$,IFCPOSITIVELENGTHMEASURE(1.8044619422572179),$);
#435=IFCPROPERTYSINGLEVALUE('TreadLengthAtOffset',$,IFCPOSITIVELENGTHMEASURE(275.),$);
#436=IFCPROPERTYSINGLEVALUE('TreadLengthAtInnerSide',$,IFCPOSITIVELENGTHMEASURE(275.),$);
#437=IFCPROPERTYSINGLEVALUE('IsExternal',$,IFCBOOLEAN(.F.),$);
#438=IFCPROPERTYSET('29MdYNVStnrqkgtnGaPLMh',#18,'Pset_StairCommon',$,(#427,#429,#430,#431,#432,#433,#434,#435,#436,#437));
#439=IFCPROPERTYSINGLEVALUE('Reference',$,IFCIDENTIFIER('6mm Tread 25mm Nosing 6mm Riser'),$);
#440=IFCPROPERTYSET('3MIV7hhFP647RpcxOJ7gnu',#18,'Pset_EnvironmentalImpactIndicators',$,(#439));
#441=IFCPROPERTYSINGLEVALUE('NumberOfRiser',$,IFCCOUNTMEASURE(21.),$);
#442=IFCPROPERTYSINGLEVALUE('NumberOfTreads',$,IFCCOUNTMEASURE(20.),$);
#443=IFCPROPERTYSINGLEVALUE('RiserHeight',$,IFCPOSITIVELENGTHMEASURE(171.42857142857144),$);
#444=IFCPROPERTYSINGLEVALUE('TreadLength',$,IFCPOSITIVELENGTHMEASURE(275.),$);
#445=IFCPROPERTYSINGLEVALUE('NosingLength',$,IFCLENGTHMEASURE(25.),$);
#446=IFCPROPERTYSINGLEVALUE('WalkingLineOffset',$,IFCPOSITIVELENGTHMEASURE(1.8044619422572179),$);
#447=IFCPROPERTYSINGLEVALUE('TreadLengthAtOffset',$,IFCPOSITIVELENGTHMEASURE(275.),$);
#448=IFCPROPERTYSINGLEVALUE('TreadLengthAtInnerSide',$,IFCPOSITIVELENGTHMEASURE(275.),$);
#449=IFCPROPERTYSET('2c4Yp320KTPWaZbSy8sSoF',#18,'Pset_StairFlightCommon',$,(#439,#441,#442,#443,#444,#445,#446,#447,#448));
#450=IFCPROPERTYSINGLEVALUE('Reference',$,IFCIDENTIFIER('Stringer - 6mm Plate'),$);
#451=IFCPROPERTYSET('10lB6dAnBAIkLbfriEnF0U',#18,'Pset_EnvironmentalImpactIndicators',$,(#450));
#452=IFCPROPERTYSINGLEVALUE('Slope',$,IFCPLANEANGLEMEASURE(31.938448916671913),$);
#453=IFCPROPERTYSET('1ePy2XtjG44G54GVV$KWyq',#18,'Pset_MemberCommon',$,(#437,#450,#452));
#454=IFCPROPERTYSET('2LHyZYcd7mRaNW1FRDpzDF',#18,'Pset_EnvironmentalImpactIndicators',$,(#450));
#455=IFCPROPERTYSINGLEVALUE('Slope',$,IFCPLANEANGLEMEASURE(31.938448916671913),$);
#456=IFCPROPERTYSET('0wBdfwMdRPl$OfXd67qCR$',#18,'Pset_MemberCommon',$,(#437,#450,#455));
#457=IFCRELDEFINESBYPROPERTIES('0YhSHl37zCt_xcG75$cQWt',#18,$,$,(#50),#428);
#458=IFCRELDEFINESBYPROPERTIES('1NGSRbSoiiX_M4eLZCa_KO',#18,$,$,(#50),#438);
#459=IFCRELDEFINESBYPROPERTIES('0mYWMQQUG3QWQebK7rN1zX',#18,$,$,(#399),#440);
#460=IFCRELDEFINESBYPROPERTIES('0fz8on4QDzytLqS4cFKyrP',#18,$,$,(#399),#449);
#461=IFCRELDEFINESBYPROPERTIES('2XCBw4BRlO2wKgyM3rEzDy',#18,$,$,(#414),#451);
#462=IFCRELDEFINESBYPROPERTIES('06eHT3MoM1kZL2Fau$4EcO',#18,$,$,(#414),#453);
#463=IFCRELDEFINESBYPROPERTIES('2Z1eH5QEeuexaXZ1VWF8xS',#18,$,$,(#426),#454);
#464=IFCRELDEFINESBYPROPERTIES('1Hg2sqJK0jLdRnhXk7TJXJ',#18,$,$,(#426),#456);
#465=IFCQUANTITYAREA('CrossSectionArea','',$,1.9349159133668823,$);
#466=IFCQUANTITYAREA('OuterSurfaceArea','',$,0.081179311888611924,$);
#467=IFCQUANTITYAREA('GrossSurfaceArea','',$,3.9510111386223765,$);
#468=IFCQUANTITYAREA('NetSurfaceArea','',$,3.9510111386223747,$);
#469=IFCQUANTITYVOLUME('GrossVolume','',$,0.01160949548020075,$);
#470=IFCQUANTITYVOLUME('NetVolume','',$,0.011609495480200741,$);
#471=IFCELEMENTQUANTITY('04HiSM_zobE9ys_QhQKd9k',#18,'Qto_MemberBaseQuantities',$,$,(#465,#466,#467,#468,#469,#470));
#472=IFCRELDEFINESBYPROPERTIES('39oHd0S_mSZ3QRsS38JP1s',#18,$,$,(#414),#471);
#473=IFCQUANTITYAREA('CrossSectionArea','',$,1.9349159133668823,$);
#474=IFCQUANTITYAREA('OuterSurfaceArea','',$,0.081179311888611924,$);
#475=IFCQUANTITYAREA('GrossSurfaceArea','',$,3.9510111386223765,$);
#476=IFCQUANTITYAREA('NetSurfaceArea','',$,3.9510111386223747,$);
#477=IFCQUANTITYVOLUME('GrossVolume','',$,0.01160949548020075,$);
#478=IFCQUANTITYVOLUME('NetVolume','',$,0.011609495480200741,$);
#479=IFCELEMENTQUANTITY('2ZVfWKx4W4VFsy0PfpYM_P',#18,'Qto_MemberBaseQuantities',$,$,(#473,#474,#475,#476,#477,#478));
#480=IFCRELDEFINESBYPROPERTIES('2WAN2wc780OCJ622wk0RiL',#18,$,$,(#426),#479);
#481=IFCQUANTITYLENGTH('Length','',$,5500.,$);
#482=IFCQUANTITYVOLUME('GrossVolume','',$,0.0020200188783575743,$);
#483=IFCQUANTITYVOLUME('NetVolume','',$,0.06357130813618829,$);
#484=IFCELEMENTQUANTITY('3mU5fO0kvd1xePmEzITBYP',#18,'Qto_StairFlightBaseQuantities',$,$,(#481,#482,#483));
#485=IFCRELDEFINESBYPROPERTIES('0AgIO595OTDhrirUvviydT',#18,$,$,(#399),#484);
#486=IFCPROPERTYSINGLEVALUE('NumberOfRiser',$,IFCCOUNTMEASURE(0.),$);
#487=IFCPROPERTYSINGLEVALUE('NumberOfTreads',$,IFCCOUNTMEASURE(0.),$);
#488=IFCPROPERTYSINGLEVALUE('NosingLength',$,IFCLENGTHMEASURE(0.),$);
#489=IFCPROPERTYSET('0hNPkDEeYWJ5ZHJZlilrXL',#18,'Pset_StairCommon',$,(#486,#487,#488));
#490=IFCPROPERTYSINGLEVALUE('NosingLength',$,IFCLENGTHMEASURE(25.),$);
#491=IFCPROPERTYSET('2QQrl_1cH6up8jPer27VVp',#18,'Pset_StairFlightCommon',$,(#490));
#492=IFCAXIS2PLACEMENT3D(#3,$,$);
#494=IFCAXIS2PLACEMENT3D(#3,$,$);
#495=IFCLOCALPLACEMENT(#49,#494);
#496=IFCCARTESIANPOINTLIST2D(((-9.9999999999998916,-502.015623232373),(9.9999999999998916,-502.015623232373),(9.9999999999998916,508.24938946613997),(-9.9999999999998916,495.78185699860774),(-9.9999999999998916,-502.015623232373)));
#497=IFCINDEXEDPOLYCURVE(#496,$,.F.);
#498=IFCARBITRARYCLOSEDPROFILEDEF(.AREA.,'Handrail - Rectangular',#497);
#499=IFCCARTESIANPOINT((-5673.6032690504626,-11256.26208595125,3930.5870518038018));
#500=IFCAXIS2PLACEMENT3D(#499,#5,#7);
#501=IFCEXTRUDEDAREASOLID(#498,#500,#9,19.999999999999783);
#502=IFCCARTESIANPOINTLIST2D(((-9.9999999999998916,-470.34809076484134),(9.9999999999998916,-470.34809076484134),(9.9999999999998916,476.58185699860667),(-9.9999999999998916,464.11432453107386),(-9.9999999999998916,-470.34809076484134)));
#503=IFCINDEXEDPOLYCURVE(#502,$,.F.);
#504=IFCARBITRARYCLOSEDPROFILEDEF(.AREA.,'Handrail - Rectangular',#503);
#505=IFCCARTESIANPOINT((-5673.6032690504626,-11357.86208595125,3898.9195193362702));
#506=IFCAXIS2PLACEMENT3D(#505,#5,#7);
#507=IFCEXTRUDEDAREASOLID(#504,#506,#9,19.999999999999783);
#508=IFCCARTESIANPOINTLIST2D(((-9.9999999999998916,-438.68055829730861),(9.9999999999998916,-438.68055829730861),(9.9999999999998916,444.91432453107393),(-9.9999999999998916,432.44679206354112),(-9.9999999999998916,-438.68055829730861)));
#509=IFCINDEXEDPOLYCURVE(#508,$,.F.);
#510=IFCARBITRARYCLOSEDPROFILEDEF(.AREA.,'Handrail - Rectangular',#509);
#511=IFCCARTESIANPOINT((-5673.6032690504626,-11459.462085951251,3867.2519868687373));
#512=IFCAXIS2PLACEMENT3D(#511,#5,#7);
#513=IFCEXTRUDEDAREASOLID(#510,#512,#9,19.999999999999783);
#514=IFCCARTESIANPOINTLIST2D(((-9.9999999999998916,-492.72731154406159),(9.9999999999998916,-492.72731154406159),(9.9999999999998916,498.961077777828),(-9.9999999999998916,486.49354531029519),(-9.9999999999998916,-492.72731154406159)));
#515=IFCINDEXEDPOLYCURVE(#514,$,.F.);
#516=IFCARBITRARYCLOSEDPROFILEDEF(.AREA.,'Handrail - Rectangular',#515);
#517=IFCCARTESIANPOINT((-5673.6032690504626,-11561.062085951249,3749.870168686919));
#518=IFCAXIS2PLACEMENT3D(#517,#5,#7);
#519=IFCEXTRUDEDAREASOLID(#516,#518,#9,19.999999999999783);
#520=IFCCARTESIANPOINTLIST2D(((-9.9999999999998916,-461.05977907652937),(9.9999999999998916,-461.05977907652937),(9.9999999999998916,467.2935453102952),(-9.9999999999998916,454.82601284276296),(-9.9999999999998916,-461.05977907652937)));
#521=IFCINDEXEDPOLYCURVE(#520,$,.F.);
#522=IFCARBITRARYCLOSEDPROFILEDEF(.AREA.,'Handrail - Rectangular',#521);
#523=IFCCARTESIANPOINT((-5673.6032690504644,-11662.66208595125,3718.202636219386));
#524=IFCAXIS2PLACEMENT3D(#523,#5,#7);
#525=IFCEXTRUDEDAREASOLID(#522,#524,#9,19.999999999999783);
#526=IFCCARTESIANPOINTLIST2D(((-9.9999999999998916,-429.39224660899606),(9.9999999999998916,-429.39224660899606),(9.9999999999998916,435.62601284276354),(-9.9999999999998916,423.15848037523079),(-9.9999999999998916,-429.39224660899606)));
#527=IFCINDEXEDPOLYCURVE(#526,$,.F.);
#528=IFCARBITRARYCLOSEDPROFILEDEF(.AREA.,'Handrail - Rectangular',#527);
#529=IFCCARTESIANPOINT((-5673.6032690504644,-11764.26208595125,3686.5351037518535));
#530=IFCAXIS2PLACEMENT3D(#529,#5,#7);
#531=IFCEXTRUDEDAREASOLID(#528,#530,#9,19.999999999999783);
#532=IFCCARTESIANPOINTLIST2D(((-9.9999999999998916,-483.43899985575013),(9.9999999999998916,-483.43899985575013),(9.9999999999998916,489.67276608951653),(-9.9999999999998916,477.20523362198372),(-9.9999999999998916,-483.43899985575013)));
#533=IFCINDEXEDPOLYCURVE(#532,$,.F.);
#534=IFCARBITRARYCLOSEDPROFILEDEF(.AREA.,'Handrail - Rectangular',#533);
#535=IFCCARTESIANPOINT((-5673.6032690504644,-11865.862085951248,3569.1532855700361));
#536=IFCAXIS2PLACEMENT3D(#535,#5,#7);
#537=IFCEXTRUDEDAREASOLID(#534,#536,#9,19.999999999999783);
#538=IFCCARTESIANPOINTLIST2D(((-9.9999999999998916,-451.77146738821739),(9.9999999999998916,-451.77146738821739),(9.9999999999998916,458.00523362198379),(-9.9999999999998916,445.53770115445155),(-9.9999999999998916,-451.77146738821739)));
#539=IFCINDEXEDPOLYCURVE(#538,$,.F.);
#540=IFCARBITRARYCLOSEDPROFILEDEF(.AREA.,'Handrail - Rectangular',#539);
#541=IFCCARTESIANPOINT((-5673.6032690504644,-11967.462085951251,3537.4857531025027));
#542=IFCAXIS2PLACEMENT3D(#541,#5,#7);
#543=IFCEXTRUDEDAREASOLID(#540,#542,#9,19.999999999999783);
#544=IFCCARTESIANPOINTLIST2D(((-9.9999999999998916,-505.81822063497145),(9.9999999999998916,-505.81822063497145),(9.9999999999998916,512.05198686873678),(-9.9999999999998916,499.58445440120448),(-9.9999999999998916,-505.81822063497145)));
#545=IFCINDEXEDPOLYCURVE(#544,$,.F.);
#546=IFCARBITRARYCLOSEDPROFILEDEF(.AREA.,'Handrail - Rectangular',#545);
#547=IFCCARTESIANPOINT((-5673.6032690504644,-12069.062085951249,3420.1039349206858));
#548=IFCAXIS2PLACEMENT3D(#547,#5,#7);
#549=IFCEXTRUDEDAREASOLID(#546,#548,#9,19.999999999999783);
#550=IFCCARTESIANPOINTLIST2D(((-9.9999999999998916,-474.15068816743866),(9.9999999999998916,-474.15068816743866),(9.9999999999998916,480.38445440120506),(-9.9999999999998916,467.91692193367231),(-9.9999999999998916,-474.15068816743866)));
#551=IFCINDEXEDPOLYCURVE(#550,$,.F.);
#552=IFCARBITRARYCLOSEDPROFILEDEF(.AREA.,'Handrail - Rectangular',#551);
#553=IFCCARTESIANPOINT((-5673.6032690504644,-12170.66208595125,3388.4364024531533));
#554=IFCAXIS2PLACEMENT3D(#553,#5,#7);
#555=IFCEXTRUDEDAREASOLID(#552,#554,#9,19.999999999999783);
#556=IFCCARTESIANPOINTLIST2D(((-9.9999999999998916,-442.48315569990592),(9.9999999999998916,-442.48315569990592),(9.9999999999998916,448.71692193367232),(-9.9999999999998916,436.24938946614009),(-9.9999999999998916,-442.48315569990592)));
#557=IFCINDEXEDPOLYCURVE(#556,$,.F.);
#558=IFCARBITRARYCLOSEDPROFILEDEF(.AREA.,'Handrail - Rectangular',#557);
#559=IFCCARTESIANPOINT((-5673.6032690504644,-12272.26208595125,3356.7688699856203));
#560=IFCAXIS2PLACEMENT3D(#559,#5,#7);
#561=IFCEXTRUDEDAREASOLID(#558,#560,#9,19.999999999999783);
#562=IFCCARTESIANPOINTLIST2D(((-9.9999999999998916,-496.52990894665942),(9.9999999999998916,-496.52990894665942),(9.9999999999998916,502.76367518042582),(-9.9999999999998916,490.29614271289358),(-9.9999999999998916,-496.52990894665942)));
#563=IFCINDEXEDPOLYCURVE(#562,$,.F.);
#564=IFCARBITRARYCLOSEDPROFILEDEF(.AREA.,'Handrail - Rectangular',#563);
#565=IFCCARTESIANPOINT((-5673.6032690504653,-12373.862085951248,3239.3870518038025));
#566=IFCAXIS2PLACEMENT3D(#565,#5,#7);
#567=IFCEXTRUDEDAREASOLID(#564,#566,#9,19.999999999999783);
#568=IFCCARTESIANPOINTLIST2D(((-9.9999999999998916,-464.86237647912725),(9.9999999999998916,-464.86237647912725),(9.9999999999998916,471.09614271289308),(-9.9999999999998916,458.62861024536028),(-9.9999999999998916,-464.86237647912725)));
#569=IFCINDEXEDPOLYCURVE(#568,$,.F.);
#570=IFCARBITRARYCLOSEDPROFILEDEF(.AREA.,'Handrail - Rectangular',#569);
#571=IFCCARTESIANPOINT((-5673.6032690504653,-12475.462085951249,3207.7195193362704));
#572=IFCAXIS2PLACEMENT3D(#571,#5,#7);
#573=IFCEXTRUDEDAREASOLID(#570,#572,#9,19.999999999999783);
#574=IFCCARTESIANPOINTLIST2D(((-9.9999999999998916,-433.19484401159394),(9.9999999999998916,-433.19484401159394),(9.9999999999998916,439.42861024536035),(-9.9999999999998916,426.96107777782811),(-9.9999999999998916,-433.19484401159394)));
#575=IFCINDEXEDPOLYCURVE(#574,$,.F.);
#576=IFCARBITRARYCLOSEDPROFILEDEF(.AREA.,'Handrail - Rectangular',#575);
#577=IFCCARTESIANPOINT((-5673.6032690504653,-12577.062085951249,3176.051986868737));
#578=IFCAXIS2PLACEMENT3D(#577,#5,#7);
#579=IFCEXTRUDEDAREASOLID(#576,#578,#9,19.999999999999783);
#580=IFCCARTESIANPOINTLIST2D(((-9.9999999999998916,-487.24159725834801),(9.9999999999998916,-487.24159725834801),(9.9999999999998916,493.47536349211441),(-9.9999999999998916,481.00783102458161),(-9.9999999999998916,-487.24159725834801)));
#581=IFCINDEXEDPOLYCURVE(#580,$,.F.);
#582=IFCARBITRARYCLOSEDPROFILEDEF(.AREA.,'Handrail - Rectangular',#581);
#583=IFCCARTESIANPOINT((-5673.6032690504653,-12678.662085951248,3058.6701686869196));
#584=IFCAXIS2PLACEMENT3D(#583,#5,#7);
#585=IFCEXTRUDEDAREASOLID(#582,#584,#9,19.999999999999783);
#586=IFCCARTESIANPOINTLIST2D(((-9.9999999999998916,-455.5740647908147),(9.9999999999998916,-455.5740647908147),(9.9999999999998916,461.80783102458162),(-9.9999999999998916,449.34029855704887),(-9.9999999999998916,-455.5740647908147)));
#587=IFCINDEXEDPOLYCURVE(#586,$,.F.);
#588=IFCARBITRARYCLOSEDPROFILEDEF(.AREA.,'Handrail - Rectangular',#587);
#589=IFCCARTESIANPOINT((-5673.6032690504653,-12780.26208595125,3027.0026362193862));
#590=IFCAXIS2PLACEMENT3D(#589,#5,#7);
#591=IFCEXTRUDEDAREASOLID(#588,#590,#9,19.999999999999783);
#592=IFCCARTESIANPOINTLIST2D(((-9.9999999999998916,-423.90653232328248),(9.9999999999998916,-423.90653232328248),(9.9999999999998916,430.14029855704888),(-9.9999999999998916,417.67276608951613),(-9.9999999999998916,-423.90653232328248)));
#593=IFCINDEXEDPOLYCURVE(#592,$,.F.);
#594=IFCARBITRARYCLOSEDPROFILEDEF(.AREA.,'Handrail - Rectangular',#593);
#595=IFCCARTESIANPOINT((-5673.6032690504653,-12881.86208595125,2995.3351037518541));
#596=IFCAXIS2PLACEMENT3D(#595,#5,#7);
#597=IFCEXTRUDEDAREASOLID(#594,#596,#9,19.999999999999783);
#598=IFCCARTESIANPOINTLIST2D(((-9.9999999999998916,-477.95328557003603),(9.9999999999998916,-477.95328557003603),(9.9999999999998916,484.18705180380238),(-9.9999999999998916,471.71951933626963),(-9.9999999999998916,-477.95328557003603)));
#599=IFCINDEXEDPOLYCURVE(#598,$,.F.);
#600=IFCARBITRARYCLOSEDPROFILEDEF(.AREA.,'Handrail - Rectangular',#599);
#601=IFCCARTESIANPOINT((-5673.6032690504662,-12983.462085951249,2877.9532855700363));
#602=IFCAXIS2PLACEMENT3D(#601,#5,#7);
#603=IFCEXTRUDEDAREASOLID(#600,#602,#9,19.999999999999783);
#604=IFCCARTESIANPOINTLIST2D(((-9.9999999999998916,-446.28575310250352),(9.9999999999998916,-446.28575310250352),(9.9999999999998916,452.51951933627021),(-9.9999999999998916,440.0519868687374),(-9.9999999999998916,-446.28575310250352)));
#605=IFCINDEXEDPOLYCURVE(#604,$,.F.);
#606=IFCARBITRARYCLOSEDPROFILEDEF(.AREA.,'Handrail - Rectangular',#605);
#607=IFCCARTESIANPOINT((-5673.6032690504662,-13085.062085951249,2846.2857531025033));
#608=IFCAXIS2PLACEMENT3D(#607,#5,#7);
#609=IFCEXTRUDEDAREASOLID(#606,#608,#9,19.999999999999783);
#610=IFCCARTESIANPOINTLIST2D(((-9.9999999999998916,-500.33250634925679),(9.9999999999998916,-500.33250634925679),(9.9999999999998916,506.56627258302314),(-9.9999999999998916,494.09874011549039),(-9.9999999999998916,-500.33250634925679)));
#611=IFCINDEXEDPOLYCURVE(#610,$,.F.);
#612=IFCARBITRARYCLOSEDPROFILEDEF(.AREA.,'Handrail - Rectangular',#611);
#613=IFCCARTESIANPOINT((-5673.6032690504662,-13186.66208595125,2728.9039349206855));
#614=IFCAXIS2PLACEMENT3D(#613,#5,#7);
#615=IFCEXTRUDEDAREASOLID(#612,#614,#9,19.999999999999783);
#616=IFCCARTESIANPOINTLIST2D(((-9.9999999999977263,-468.66497388172428),(10.000000000002059,-468.66497388172456),(10.000000000002059,474.89874011549097),(-9.9999999999977263,462.43120764795816),(-9.9999999999977263,-468.66497388172428)));
#617=IFCINDEXEDPOLYCURVE(#616,$,.F.);
#618=IFCARBITRARYCLOSEDPROFILEDEF(.AREA.,'Handrail - Rectangular',#617);
#619=IFCCARTESIANPOINT((-5673.6032690504662,-13288.26208595125,2697.2364024531535));
#620=IFCAXIS2PLACEMENT3D(#619,#5,#7);
#621=IFCEXTRUDEDAREASOLID(#618,#620,#9,19.999999999999783);
#622=IFCCARTESIANPOINTLIST2D(((-9.9999999999998916,-436.99744141419183),(9.9999999999998916,-436.99744141419183),(9.9999999999998916,443.23120764795766),(-9.9999999999998916,430.76367518042542),(-9.9999999999998916,-436.99744141419183)));
#623=IFCINDEXEDPOLYCURVE(#622,$,.F.);
#624=IFCARBITRARYCLOSEDPROFILEDEF(.AREA.,'Handrail - Rectangular',#623);
#625=IFCCARTESIANPOINT((-5673.6032690504662,-13389.862085951248,2665.5688699856205));
#626=IFCAXIS2PLACEMENT3D(#625,#5,#7);
#627=IFCEXTRUDEDAREASOLID(#624,#626,#9,19.999999999999783);
#628=IFCCARTESIANPOINTLIST2D(((-9.9999999999998916,-491.04419466094532),(9.9999999999998916,-491.04419466094532),(9.9999999999998916,497.27796089471173),(-9.9999999999998916,484.81042842717892),(-9.9999999999998916,-491.04419466094532)));
#629=IFCINDEXEDPOLYCURVE(#628,$,.F.);
#630=IFCARBITRARYCLOSEDPROFILEDEF(.AREA.,'Handrail - Rectangular',#629);
#631=IFCCARTESIANPOINT((-5673.6032690504662,-13491.462085951247,2548.1870518038027));
#632=IFCAXIS2PLACEMENT3D(#631,#5,#7);
#633=IFCEXTRUDEDAREASOLID(#630,#632,#9,19.999999999999783);
#634=IFCCARTESIANPOINTLIST2D(((-9.9999999999998916,-459.37666219341202),(9.9999999999998916,-459.37666219341202),(9.9999999999998916,465.61042842717842),(-9.9999999999998916,453.14289595964561),(-9.9999999999998916,-459.37666219341202)));
#635=IFCINDEXEDPOLYCURVE(#634,$,.F.);
#636=IFCARBITRARYCLOSEDPROFILEDEF(.AREA.,'Handrail - Rectangular',#635);
#637=IFCCARTESIANPOINT((-5673.6032690504662,-13593.062085951251,2516.5195193362692));
#638=IFCAXIS2PLACEMENT3D(#637,#5,#7);
#639=IFCEXTRUDEDAREASOLID(#636,#638,#9,19.999999999999783);
#640=IFCCARTESIANPOINTLIST2D(((-9.9999999999998916,-427.70912972588036),(9.9999999999998916,-427.70912972588036),(9.9999999999998916,433.94289595964619),(-9.9999999999998916,421.47536349211344),(-9.9999999999998916,-427.70912972588036)));
#641=IFCINDEXEDPOLYCURVE(#640,$,.F.);
#642=IFCARBITRARYCLOSEDPROFILEDEF(.AREA.,'Handrail - Rectangular',#641);
#643=IFCCARTESIANPOINT((-5673.6032690504671,-13694.66208595125,2484.8519868687376));
#644=IFCAXIS2PLACEMENT3D(#643,#5,#7);
#645=IFCEXTRUDEDAREASOLID(#642,#644,#9,19.999999999999783);
#646=IFCCARTESIANPOINTLIST2D(((-9.9999999999998916,-481.75588297263334),(9.9999999999998916,-481.75588297263334),(9.9999999999998916,487.98964920639918),(-9.9999999999998916,475.52211673886637),(-9.9999999999998916,-481.75588297263334)));
#647=IFCINDEXEDPOLYCURVE(#646,$,.F.);
#648=IFCARBITRARYCLOSEDPROFILEDEF(.AREA.,'Handrail - Rectangular',#647);
#649=IFCCARTESIANPOINT((-5673.6032690504671,-13796.26208595125,2367.4701686869194));
#650=IFCAXIS2PLACEMENT3D(#649,#5,#7);
#651=IFCEXTRUDEDAREASOLID(#648,#650,#9,19.999999999999783);
#652=IFCCARTESIANPOINTLIST2D(((-9.9999999999977263,-450.08835050510083),(10.000000000002059,-450.08835050510083),(10.000000000002059,456.32211673886724),(-9.9999999999977263,443.854584271335),(-9.9999999999977263,-450.08835050510083)));
#653=IFCINDEXEDPOLYCURVE(#652,$,.F.);
#654=IFCARBITRARYCLOSEDPROFILEDEF(.AREA.,'Handrail - Rectangular',#653);
#655=IFCCARTESIANPOINT((-5673.6032690504671,-13897.86208595125,2335.8026362193868));
#656=IFCAXIS2PLACEMENT3D(#655,#5,#7);
#657=IFCEXTRUDEDAREASOLID(#654,#656,#9,19.999999999999783);
#658=IFCCARTESIANPOINTLIST2D(((-9.9999999999998916,-504.13510375185439),(9.9999999999998916,-504.13510375185439),(9.9999999999998916,510.36886998562073),(-9.9999999999998916,497.90133751808798),(-9.9999999999998916,-504.13510375185439)));
#659=IFCINDEXEDPOLYCURVE(#658,$,.F.);
#660=IFCARBITRARYCLOSEDPROFILEDEF(.AREA.,'Handrail - Rectangular',#659);
#661=IFCCARTESIANPOINT((-5673.6032690504671,-13999.462085951249,2218.4208180375681));
#662=IFCAXIS2PLACEMENT3D(#661,#5,#7);
#663=IFCEXTRUDEDAREASOLID(#660,#662,#9,19.999999999999783);
#664=IFCCARTESIANPOINTLIST2D(((-9.9999999999998916,-472.46757128432137),(9.9999999999998916,-472.46757128432137),(9.9999999999998916,478.70133751808771),(-9.9999999999998916,466.23380505055547),(-9.9999999999998916,-472.46757128432137)));
#665=IFCINDEXEDPOLYCURVE(#664,$,.F.);
#666=IFCARBITRARYCLOSEDPROFILEDEF(.AREA.,'Handrail - Rectangular',#665);
#667=IFCCARTESIANPOINT((-5673.6032690504671,-14101.062085951249,2186.7532855700356));
#668=IFCAXIS2PLACEMENT3D(#667,#5,#7);
#669=IFCEXTRUDEDAREASOLID(#666,#668,#9,19.999999999999783);
#670=IFCCARTESIANPOINTLIST2D(((-9.9999999999977263,-440.80003881678914),(10.000000000002059,-440.80003881678914),(10.000000000002059,447.03380505055605),(-9.9999999999977263,434.56627258302331),(-9.9999999999977263,-440.80003881678914)));
#671=IFCINDEXEDPOLYCURVE(#670,$,.F.);
#672=IFCARBITRARYCLOSEDPROFILEDEF(.AREA.,'Handrail - Rectangular',#671);
#673=IFCCARTESIANPOINT((-5673.6032690504671,-14202.662085951251,2155.0857531025035));
#674=IFCAXIS2PLACEMENT3D(#673,#5,#7);
#675=IFCEXTRUDEDAREASOLID(#672,#674,#9,19.999999999999783);
#676=IFCCARTESIANPOINTLIST2D(((-9.9999999999998916,-494.84679206354264),(9.9999999999998916,-494.84679206354264),(9.9999999999998916,501.08055829730904),(-9.9999999999998916,488.61302582977623),(-9.9999999999998916,-494.84679206354264)));
#677=IFCINDEXEDPOLYCURVE(#676,$,.F.);
#678=IFCARBITRARYCLOSEDPROFILEDEF(.AREA.,'Handrail - Rectangular',#677);
#679=IFCCARTESIANPOINT((-5673.6032690504671,-14304.26208595125,2037.7039349206857));
#680=IFCAXIS2PLACEMENT3D(#679,#5,#7);
#681=IFCEXTRUDEDAREASOLID(#678,#680,#9,19.999999999999783);
#682=IFCCARTESIANPOINTLIST2D(((-9.9999999999998916,-463.17925959601018),(9.9999999999998916,-463.17925959601018),(9.9999999999998916,469.41302582977659),(-9.9999999999998916,456.94549336224378),(-9.9999999999998916,-463.17925959601018)));
#683=IFCINDEXEDPOLYCURVE(#682,$,.F.);
#684=IFCARBITRARYCLOSEDPROFILEDEF(.AREA.,'Handrail - Rectangular',#683);
#685=IFCCARTESIANPOINT((-5673.603269050468,-14405.86208595125,2006.0364024531525));
#686=IFCAXIS2PLACEMENT3D(#685,#5,#7);
#687=IFCEXTRUDEDAREASOLID(#684,#686,#9,19.999999999999783);
#688=IFCCARTESIANPOINTLIST2D(((-9.9999999999998916,-431.51172712847688),(9.9999999999998916,-431.51172712847688),(9.9999999999998916,437.745493362243),(-9.9999999999998916,425.27796089471019),(-9.9999999999998916,-431.51172712847688)));
#689=IFCINDEXEDPOLYCURVE(#688,$,.F.);
#690=IFCARBITRARYCLOSEDPROFILEDEF(.AREA.,'Handrail - Rectangular',#689);
#691=IFCCARTESIANPOINT((-5673.603269050468,-14507.462085951251,1974.3688699856195));
#692=IFCAXIS2PLACEMENT3D(#691,#5,#7);
#693=IFCEXTRUDEDAREASOLID(#690,#692,#9,19.999999999999783);
#694=IFCCARTESIANPOINTLIST2D(((-9.9999999999998916,-485.55848037523066),(9.9999999999998916,-485.55848037523066),(9.9999999999998916,491.79224660899706),(-9.9999999999998916,479.32471414146454),(-9.9999999999998916,-485.55848037523066)));
#695=IFCINDEXEDPOLYCURVE(#694,$,.F.);
#696=IFCARBITRARYCLOSEDPROFILEDEF(.AREA.,'Handrail - Rectangular',#695);
#697=IFCCARTESIANPOINT((-5673.603269050468,-14609.062085951249,1856.9870518038022));
#698=IFCAXIS2PLACEMENT3D(#697,#5,#7);
#699=IFCEXTRUDEDAREASOLID(#696,#698,#9,19.999999999999783);
#700=IFCCARTESIANPOINTLIST2D(((-9.9999999999998916,-453.89094790769821),(9.9999999999998916,-453.89094790769821),(9.9999999999998916,460.12471414146484),(-9.9999999999998916,447.65718167393209),(-9.9999999999998916,-453.89094790769821)));
#701=IFCINDEXEDPOLYCURVE(#700,$,.F.);
#702=IFCARBITRARYCLOSEDPROFILEDEF(.AREA.,'Handrail - Rectangular',#701);
#703=IFCCARTESIANPOINT((-5673.603269050468,-14710.66208595125,1825.3195193362694));
#704=IFCAXIS2PLACEMENT3D(#703,#5,#7);
#705=IFCEXTRUDEDAREASOLID(#702,#704,#9,19.999999999999783);
#706=IFCCARTESIANPOINTLIST2D(((-9.9999999999998916,-422.22341544016518),(9.9999999999998916,-422.22341544016518),(9.9999999999998916,428.45718167393153),(-9.9999999999998916,415.98964920639906),(-9.9999999999998916,-422.22341544016518)));
#707=IFCINDEXEDPOLYCURVE(#706,$,.F.);
#708=IFCARBITRARYCLOSEDPROFILEDEF(.AREA.,'Handrail - Rectangular',#707);
#709=IFCCARTESIANPOINT((-5673.603269050468,-14812.26208595125,1793.6519868687367));
#710=IFCAXIS2PLACEMENT3D(#709,#5,#7);
#711=IFCEXTRUDEDAREASOLID(#708,#710,#9,19.999999999999783);
#712=IFCCARTESIANPOINTLIST2D(((-9.9999999999998916,-476.27016868691919),(9.9999999999998916,-476.27016868691919),(9.9999999999998916,482.50393492068531),(-9.9999999999998916,470.03640245315285),(-9.9999999999998916,-476.27016868691919)));
#713=IFCINDEXEDPOLYCURVE(#712,$,.F.);
#714=IFCARBITRARYCLOSEDPROFILEDEF(.AREA.,'Handrail - Rectangular',#713);
#715=IFCCARTESIANPOINT((-5673.603269050468,-14913.862085951248,1676.2701686869191));
#716=IFCAXIS2PLACEMENT3D(#715,#5,#7);
#717=IFCEXTRUDEDAREASOLID(#714,#716,#9,19.999999999999783);
#718=IFCCARTESIANPOINTLIST2D(((-9.9999999999998916,-444.60263621938645),(9.9999999999998916,-444.60263621938645),(9.9999999999998916,450.83640245315229),(-9.9999999999998916,438.36886998562005),(-9.9999999999998916,-444.60263621938645)));
#719=IFCINDEXEDPOLYCURVE(#718,$,.F.);
#720=IFCARBITRARYCLOSEDPROFILEDEF(.AREA.,'Handrail - Rectangular',#719);
#721=IFCCARTESIANPOINT((-5673.603269050468,-15015.462085951251,1644.6026362193866));
#722=IFCAXIS2PLACEMENT3D(#721,#5,#7);
#723=IFCEXTRUDEDAREASOLID(#720,#722,#9,19.999999999999783);
#724=IFCCARTESIANPOINTLIST2D(((-9.9999999999998916,-498.64938946613904),(9.9999999999998916,-498.64938946613904),(9.9999999999998916,504.88315569990584),(-9.9999999999998916,492.41562323237304),(-9.9999999999998916,-498.64938946613904)));
#725=IFCINDEXEDPOLYCURVE(#724,$,.F.);
#726=IFCARBITRARYCLOSEDPROFILEDEF(.AREA.,'Handrail - Rectangular',#725);
#727=IFCCARTESIANPOINT((-5673.603269050469,-15117.062085951251,1527.2208180375676));
#728=IFCAXIS2PLACEMENT3D(#727,#5,#7);
#729=IFCEXTRUDEDAREASOLID(#726,#728,#9,19.999999999999783);
#730=IFCCARTESIANPOINTLIST2D(((-9.9999999999998916,-466.98185699860721),(9.9999999999998916,-466.98185699860721),(9.9999999999998916,473.21562323237362),(-9.9999999999998916,460.74809076484081),(-9.9999999999998916,-466.98185699860721)));
#731=IFCINDEXEDPOLYCURVE(#730,$,.F.);
#732=IFCARBITRARYCLOSEDPROFILEDEF(.AREA.,'Handrail - Rectangular',#731);
#733=IFCCARTESIANPOINT((-5673.603269050469,-15218.66208595125,1495.5532855700358));
#734=IFCAXIS2PLACEMENT3D(#733,#5,#7);
#735=IFCEXTRUDEDAREASOLID(#732,#734,#9,19.999999999999783);
#736=IFCCARTESIANPOINTLIST2D(((-9.9999999999998916,-435.31432453107476),(9.9999999999998916,-435.31432453107476),(9.9999999999998916,441.54809076484116),(-9.9999999999998916,429.08055829730864),(-9.9999999999998916,-435.31432453107476)));
#737=IFCINDEXEDPOLYCURVE(#736,$,.F.);
#738=IFCARBITRARYCLOSEDPROFILEDEF(.AREA.,'Handrail - Rectangular',#737);
#739=IFCCARTESIANPOINT((-5673.603269050469,-15320.26208595125,1463.885753102503));
#740=IFCAXIS2PLACEMENT3D(#739,#5,#7);
#741=IFCEXTRUDEDAREASOLID(#738,#740,#9,19.999999999999783);
#742=IFCCARTESIANPOINTLIST2D(((-9.9999999999998916,-489.36107777782786),(9.9999999999998916,-489.36107777782786),(9.9999999999998916,495.59484401159438),(-9.9999999999998916,483.12731154406157),(-9.9999999999998916,-489.36107777782786)));
#743=IFCINDEXEDPOLYCURVE(#742,$,.F.);
#744=IFCARBITRARYCLOSEDPROFILEDEF(.AREA.,'Handrail - Rectangular',#743);
#745=IFCCARTESIANPOINT((-5673.603269050469,-15421.86208595125,1346.5039349206852));
#746=IFCAXIS2PLACEMENT3D(#745,#5,#7);
#747=IFCEXTRUDEDAREASOLID(#744,#746,#9,19.999999999999783);
#748=IFCCARTESIANPOINTLIST2D(((-9.9999999999998916,-457.69354531029603),(9.9999999999998916,-457.69354531029603),(9.9999999999998916,463.92731154406215),(-9.9999999999998916,451.4597790765294),(-9.9999999999998916,-457.69354531029603)));
#749=IFCINDEXEDPOLYCURVE(#748,$,.F.);
#750=IFCARBITRARYCLOSEDPROFILEDEF(.AREA.,'Handrail - Rectangular',#749);
#751=IFCCARTESIANPOINT((-5673.603269050469,-15523.462085951249,1314.8364024531529));
#752=IFCAXIS2PLACEMENT3D(#751,#5,#7);
#753=IFCEXTRUDEDAREASOLID(#750,#752,#9,19.999999999999783);
#754=IFCCARTESIANPOINTLIST2D(((-9.9999999999998916,-426.02601284276318),(9.9999999999998916,-426.02601284276318),(9.9999999999998916,432.25977907652913),(-9.9999999999998916,419.79224660899689),(-9.9999999999998916,-426.02601284276318)));
#755=IFCINDEXEDPOLYCURVE(#754,$,.F.);
#756=IFCARBITRARYCLOSEDPROFILEDEF(.AREA.,'Handrail - Rectangular',#755);
#757=IFCCARTESIANPOINT((-5673.603269050469,-15625.062085951249,1283.1688699856199));
#758=IFCAXIS2PLACEMENT3D(#757,#5,#7);
#759=IFCEXTRUDEDAREASOLID(#756,#758,#9,19.999999999999783);
#760=IFCCARTESIANPOINTLIST2D(((-9.9999999999977263,-480.07276608951696),(10.000000000002059,-480.07276608951696),(10.000000000002059,486.30653232328308),(-9.9999999999977263,473.83899985575056),(-9.9999999999977263,-480.07276608951696)));
#761=IFCINDEXEDPOLYCURVE(#760,$,.F.);
#762=IFCARBITRARYCLOSEDPROFILEDEF(.AREA.,'Handrail - Rectangular',#761);
#763=IFCCARTESIANPOINT((-5673.6032690504708,-15726.662085951251,1165.7870518038023));
#764=IFCAXIS2PLACEMENT3D(#763,#5,#7);
#765=IFCEXTRUDEDAREASOLID(#762,#764,#9,19.999999999999783);
#766=IFCCARTESIANPOINTLIST2D(((-9.9999999999998916,-448.40523362198394),(9.9999999999998916,-448.40523362198394),(9.9999999999998916,454.63899985575034),(-9.9999999999998916,442.17146738821782),(-9.9999999999998916,-448.40523362198394)));
#767=IFCINDEXEDPOLYCURVE(#766,$,.F.);
#768=IFCARBITRARYCLOSEDPROFILEDEF(.AREA.,'Handrail - Rectangular',#767);
#769=IFCCARTESIANPOINT((-5673.6032690504708,-15828.26208595125,1134.1195193362696));
#770=IFCAXIS2PLACEMENT3D(#769,#5,#7);
#771=IFCEXTRUDEDAREASOLID(#768,#770,#9,19.999999999999783);
#772=IFCCARTESIANPOINTLIST2D(((-9.9999999999998916,-502.45198686873732),(9.9999999999998916,-502.45198686873732),(9.9999999999998916,508.68575310250355),(-9.9999999999998916,496.21822063497103),(-9.9999999999998916,-502.45198686873732)));
#773=IFCINDEXEDPOLYCURVE(#772,$,.F.);
#774=IFCARBITRARYCLOSEDPROFILEDEF(.AREA.,'Handrail - Rectangular',#773);
#775=IFCCARTESIANPOINT((-5673.6032690504708,-15929.86208595125,1016.7377011544514));
#776=IFCAXIS2PLACEMENT3D(#775,#5,#7);
#777=IFCEXTRUDEDAREASOLID(#774,#776,#9,19.999999999999783);
#778=IFCCARTESIANPOINTLIST2D(((-9.9999999999977263,-470.78445440120521),(10.000000000002059,-470.78445440120521),(10.000000000002059,477.01822063497161),(-9.9999999999977263,464.55068816743881),(-9.9999999999977263,-470.78445440120521)));
#779=IFCINDEXEDPOLYCURVE(#778,$,.F.);
#780=IFCARBITRARYCLOSEDPROFILEDEF(.AREA.,'Handrail - Rectangular',#779);
#781=IFCCARTESIANPOINT((-5673.6032690504708,-16031.462085951251,985.07016868691926));
#782=IFCAXIS2PLACEMENT3D(#781,#5,#7);
#783=IFCEXTRUDEDAREASOLID(#780,#782,#9,19.999999999999783);
#784=IFCCARTESIANPOINTLIST2D(((-9.9999999999998916,-439.11692193367207),(9.9999999999998916,-439.11692193367207),(9.9999999999998916,445.35068816743831),(-9.9999999999998916,432.88315569990584),(-9.9999999999998916,-439.11692193367207)));
#785=IFCINDEXEDPOLYCURVE(#784,$,.F.);
#786=IFCARBITRARYCLOSEDPROFILEDEF(.AREA.,'Handrail - Rectangular',#785);
#787=IFCCARTESIANPOINT((-5673.6032690504708,-16133.062085951249,953.40263621938652));
#788=IFCAXIS2PLACEMENT3D(#787,#5,#7);
#789=IFCEXTRUDEDAREASOLID(#786,#788,#9,19.999999999999783);
#790=IFCCARTESIANPOINTLIST2D(((-9.9999999999998916,-493.16367518042614),(9.9999999999998916,-493.16367518042625),(9.9999999999998916,499.39744141419237),(-9.9999999999998916,486.92990894665985),(-9.9999999999998916,-493.16367518042614)));
#791=IFCINDEXEDPOLYCURVE(#790,$,.F.);
#792=IFCARBITRARYCLOSEDPROFILEDEF(.AREA.,'Handrail - Rectangular',#791);
#793=IFCCARTESIANPOINT((-5673.6032690504708,-16234.662085951248,836.02081803756892));
#794=IFCAXIS2PLACEMENT3D(#793,#5,#7);
#795=IFCEXTRUDEDAREASOLID(#792,#794,#9,19.999999999999783);
#796=IFCCARTESIANPOINTLIST2D(((-9.9999999999998916,-461.49614271289255),(9.9999999999998916,-461.49614271289255),(9.9999999999998916,467.72990894665884),(-9.9999999999998916,455.26237647912632),(-9.9999999999998916,-461.49614271289255)));
#797=IFCINDEXEDPOLYCURVE(#796,$,.F.);
#798=IFCARBITRARYCLOSEDPROFILEDEF(.AREA.,'Handrail - Rectangular',#797);
#799=IFCCARTESIANPOINT((-5673.6032690504708,-16336.26208595125,804.35328557003561));
#800=IFCAXIS2PLACEMENT3D(#799,#5,#7);
#801=IFCEXTRUDEDAREASOLID(#798,#800,#9,19.999999999999783);
#802=IFCCARTESIANPOINTLIST2D(((-9.9999999999998916,-429.82861024536078),(9.9999999999998916,-429.82861024536078),(9.9999999999998916,436.06237647912701),(-9.9999999999998916,423.59484401159466),(-9.9999999999998916,-429.82861024536078)));
#803=IFCINDEXEDPOLYCURVE(#802,$,.F.);
#804=IFCARBITRARYCLOSEDPROFILEDEF(.AREA.,'Handrail - Rectangular',#803);
#805=IFCCARTESIANPOINT((-5673.6032690504717,-16437.862085951248,772.68575310250355));
#806=IFCAXIS2PLACEMENT3D(#805,#5,#7);
#807=IFCEXTRUDEDAREASOLID(#804,#806,#9,19.999999999999783);
#808=IFCCARTESIANPOINTLIST2D(((-9.9999999999998916,-483.87536349211427),(9.9999999999998916,-483.87536349211427),(9.9999999999998916,490.10912972588039),(-9.9999999999998916,477.64159725834799),(-9.9999999999998916,-483.87536349211427)));
#809=IFCINDEXEDPOLYCURVE(#808,$,.F.);
#810=IFCARBITRARYCLOSEDPROFILEDEF(.AREA.,'Handrail - Rectangular',#809);
#811=IFCCARTESIANPOINT((-5673.6032690504717,-16539.462085951247,655.30393492068572));
#812=IFCAXIS2PLACEMENT3D(#811,#5,#7);
#813=IFCEXTRUDEDAREASOLID(#810,#812,#9,19.999999999999783);
#814=IFCCARTESIANPOINTLIST2D(((-9.9999999999998916,-452.20783102458114),(9.9999999999998916,-452.20783102458114),(9.9999999999998916,458.44159725834749),(-9.9999999999998916,445.97406479081485),(-9.9999999999998916,-452.20783102458114)));
#815=IFCINDEXEDPOLYCURVE(#814,$,.F.);
#816=IFCARBITRARYCLOSEDPROFILEDEF(.AREA.,'Handrail - Rectangular',#815);
#817=IFCCARTESIANPOINT((-5673.6032690504717,-16641.062085951249,623.6364024531523));
#818=IFCAXIS2PLACEMENT3D(#817,#5,#7);
#819=IFCEXTRUDEDAREASOLID(#816,#818,#9,19.999999999999783);
#820=IFCCARTESIANPOINTLIST2D(((-9.9999999999998916,-503.29354531029571),(9.9999999999998916,-503.29354531029571),(9.9999999999998916,509.52731154406263),(-9.9999999999998916,497.05977907652982),(-9.9999999999998916,-503.29354531029571)));
#821=IFCINDEXEDPOLYCURVE(#820,$,.F.);
#822=IFCARBITRARYCLOSEDPROFILEDEF(.AREA.,'Handrail - Rectangular',#821);
#823=IFCCARTESIANPOINT((-5673.6032690504626,-11252.162085951248,3931.8649738817244));
#824=IFCAXIS2PLACEMENT3D(#823,#5,#7);
#825=IFCEXTRUDEDAREASOLID(#822,#824,#9,19.999999999999783);
#826=IFCCARTESIANPOINTLIST2D(((-9.9999999999998916,-423.50133751808812),(9.9999999999998916,-423.50133751808812),(9.9999999999998916,429.73510375185435),(-9.9999999999998916,417.26757128432172),(-9.9999999999998916,-423.50133751808812)));
#827=IFCINDEXEDPOLYCURVE(#826,$,.F.);
#828=IFCARBITRARYCLOSEDPROFILEDEF(.AREA.,'Handrail - Rectangular',#827);
#829=IFCCARTESIANPOINT((-5673.6032690504717,-16733.162085951248,594.92990894665957));
#830=IFCAXIS2PLACEMENT3D(#829,#5,#7);
#831=IFCEXTRUDEDAREASOLID(#828,#830,#9,19.999999999999783);
#832=IFCCARTESIANPOINTLIST2D(((-3256.151574308964,-24.99999999999946),(3224.9827431401322,-25.000000000000544),(3256.151574308964,25.),(-3224.9827431401322,25.000000000000544),(-3256.151574308964,-24.99999999999946)));
#833=IFCINDEXEDPOLYCURVE(#832,$,.F.);
#834=IFCARBITRARYCLOSEDPROFILEDEF(.AREA.,'Handrail - Rectangular',#833);
#835=IFCCARTESIANPOINT((-5688.6032690504671,-13992.662085951248,2756.2545842713353));
#836=IFCDIRECTION((0.,0.84861688257137413,0.52900792679773978));
#837=IFCAXIS2PLACEMENT3D(#835,#5,#836);
#838=IFCEXTRUDEDAREASOLID(#834,#837,#9,49.999999999999432);
#839=IFCSHAPEREPRESENTATION(#26,'Body','SweptSolid',(#501,#507,#513,#519,#525,#531,#537,#543,#549,#555,#561,#567,#573,#579,#585,#591,#597,#603,#609,#615,#621,#627,#633,#639,#645,#651,#657,#663,#669,#675,#681,#687,#693,#699,#705,#711,#717,#723,#729,#735,#741,#747,#753,#759,#765,#771,#777,#783,#789,#795,#801,#807,#813,#819,#825,#831,#838));
#840=IFCPRODUCTDEFINITIONSHAPE($,$,(#839));
#841=IFCRAILING('0tSv0YMRD6VQqzGD86kowL',#18,'Railing:Handrail - Rectangular:1664023',$,'Railing:Handrail - Rectangular',#495,#840,'1664023',.NOTDEFINED.);
#842=IFCRAILINGTYPE('2RjF7G85b1_hRrU1imnAK6',#18,'Railing:Handrail - Rectangular',$,$,$,$,'51389',$,.NOTDEFINED.);
#843=IFCMATERIAL('<Unnamed>',$,$);
#844=IFCPROPERTYSINGLEVALUE('Reference',$,IFCIDENTIFIER('Handrail - Rectangular'),$);
#845=IFCPROPERTYSET('0xHCnahycL3KtXCZ14Y_ZB',#18,'Pset_EnvironmentalImpactIndicators',$,(#844));
#846=IFCPROPERTYSINGLEVALUE('Height',$,IFCPOSITIVELENGTHMEASURE(900.00000000000011),$);
#847=IFCPROPERTYSET('08rwMnAL2$bCEnWc0hV8iv',#18,'Pset_RailingCommon',$,(#437,#844,#846));
#848=IFCRELDEFINESBYPROPERTIES('3L5k_R_rZx1DlKjFbj8jpv',#18,$,$,(#841),#845);
#849=IFCRELDEFINESBYPROPERTIES('2gvfk4Li8ec1$TgFBfmNy3',#18,$,$,(#841),#847);
#850=IFCQUANTITYLENGTH('Length','',$,6481.1343174490949,$);
#851=IFCELEMENTQUANTITY('0tsLagCLiY2hdCg4LtUveK',#18,'Qto_RailingBaseQuantities',$,$,(#850));
#852=IFCRELDEFINESBYPROPERTIES('0IXut6913fgB2mkE9FZNvL',#18,$,$,(#841),#851);
#853=IFCAXIS2PLACEMENT3D(#3,$,$);
#855=IFCAXIS2PLACEMENT3D(#3,$,$);
#856=IFCLOCALPLACEMENT(#49,#855);
#857=IFCCARTESIANPOINTLIST2D(((-495.78185699860717,-9.9999999999998916),(502.01562323237357,-9.9999999999998916),(502.01562323237357,9.9999999999998916),(-508.24938946613941,9.9999999999998916),(-495.78185699860717,-9.9999999999998916)));
#858=IFCINDEXEDPOLYCURVE(#857,$,.F.);
#859=IFCARBITRARYCLOSEDPROFILEDEF(.AREA.,'Handrail - Rectangular',#858);
#860=IFCCARTESIANPOINT((-6722.8032690504651,-11256.26208595125,3930.5870518038023));
#861=IFCAXIS2PLACEMENT3D(#860,#5,#10);
#862=IFCEXTRUDEDAREASOLID(#859,#861,#9,19.999999999999783);
#863=IFCCARTESIANPOINTLIST2D(((-464.11432453107386,-9.9999999999998916),(470.34809076484134,-9.9999999999998916),(470.34809076484134,9.9999999999998916),(-476.58185699860667,9.9999999999998916),(-464.11432453107386,-9.9999999999998916)));
#864=IFCINDEXEDPOLYCURVE(#863,$,.F.);
#865=IFCARBITRARYCLOSEDPROFILEDEF(.AREA.,'Handrail - Rectangular',#864);
#866=IFCCARTESIANPOINT((-6722.8032690504651,-11357.86208595125,3898.9195193362702));
#867=IFCAXIS2PLACEMENT3D(#866,#5,#10);
#868=IFCEXTRUDEDAREASOLID(#865,#867,#9,19.999999999999783);
#869=IFCCARTESIANPOINTLIST2D(((-432.44679206354112,-9.9999999999998916),(438.68055829730861,-9.9999999999998916),(438.68055829730861,9.9999999999998916),(-444.91432453107393,9.9999999999998916),(-432.44679206354112,-9.9999999999998916)));
#870=IFCINDEXEDPOLYCURVE(#869,$,.F.);
#871=IFCARBITRARYCLOSEDPROFILEDEF(.AREA.,'Handrail - Rectangular',#870);
#872=IFCCARTESIANPOINT((-6722.8032690504651,-11459.462085951251,3867.2519868687373));
#873=IFCAXIS2PLACEMENT3D(#872,#5,#10);
#874=IFCEXTRUDEDAREASOLID(#871,#873,#9,19.999999999999783);
#875=IFCCARTESIANPOINTLIST2D(((-486.49354531029519,-9.9999999999998916),(492.72731154406159,-9.9999999999998916),(492.72731154406159,9.9999999999998916),(-498.961077777828,9.9999999999998916),(-486.49354531029519,-9.9999999999998916)));
#876=IFCINDEXEDPOLYCURVE(#875,$,.F.);
#877=IFCARBITRARYCLOSEDPROFILEDEF(.AREA.,'Handrail - Rectangular',#876);
#878=IFCCARTESIANPOINT((-6722.8032690504651,-11561.062085951249,3749.870168686919));
#879=IFCAXIS2PLACEMENT3D(#878,#5,#10);
#880=IFCEXTRUDEDAREASOLID(#877,#879,#9,19.999999999999783);
#881=IFCCARTESIANPOINTLIST2D(((-454.82601284276296,-9.9999999999998916),(461.05977907652937,-9.9999999999998916),(461.05977907652937,9.9999999999998916),(-467.2935453102952,9.9999999999998916),(-454.82601284276296,-9.9999999999998916)));
#882=IFCINDEXEDPOLYCURVE(#881,$,.F.);
#883=IFCARBITRARYCLOSEDPROFILEDEF(.AREA.,'Handrail - Rectangular',#882);
#884=IFCCARTESIANPOINT((-6722.803269050466,-11662.66208595125,3718.202636219386));
#885=IFCAXIS2PLACEMENT3D(#884,#5,#10);
#886=IFCEXTRUDEDAREASOLID(#883,#885,#9,19.999999999999783);
#887=IFCCARTESIANPOINTLIST2D(((-423.15848037522966,-9.9999999999998916),(429.39224660899714,-9.9999999999998916),(429.39224660899714,9.9999999999998916),(-435.62601284276246,9.9999999999998916),(-423.15848037522966,-9.9999999999998916)));
#888=IFCINDEXEDPOLYCURVE(#887,$,.F.);
#889=IFCARBITRARYCLOSEDPROFILEDEF(.AREA.,'Handrail - Rectangular',#888);
#890=IFCCARTESIANPOINT((-6722.803269050466,-11764.26208595125,3686.5351037518544));
#891=IFCAXIS2PLACEMENT3D(#890,#5,#10);
#892=IFCEXTRUDEDAREASOLID(#889,#891,#9,19.999999999999783);
#893=IFCCARTESIANPOINTLIST2D(((-477.20523362198372,-9.9999999999998916),(483.43899985575013,-9.9999999999998916),(483.43899985575013,9.9999999999998916),(-489.67276608951653,9.9999999999998916),(-477.20523362198372,-9.9999999999998916)));
#894=IFCINDEXEDPOLYCURVE(#893,$,.F.);
#895=IFCARBITRARYCLOSEDPROFILEDEF(.AREA.,'Handrail - Rectangular',#894);
#896=IFCCARTESIANPOINT((-6722.803269050466,-11865.862085951248,3569.1532855700361));
#897=IFCAXIS2PLACEMENT3D(#896,#5,#10);
#898=IFCEXTRUDEDAREASOLID(#895,#897,#9,19.999999999999783);
#899=IFCCARTESIANPOINTLIST2D(((-445.53770115445099,-9.9999999999998916),(451.7714673882179,-9.9999999999998916),(451.7714673882179,9.9999999999998916),(-458.00523362198322,9.9999999999998916),(-445.53770115445099,-9.9999999999998916)));
#900=IFCINDEXEDPOLYCURVE(#899,$,.F.);
#901=IFCARBITRARYCLOSEDPROFILEDEF(.AREA.,'Handrail - Rectangular',#900);
#902=IFCCARTESIANPOINT((-6722.803269050466,-11967.462085951251,3537.4857531025032));
#903=IFCAXIS2PLACEMENT3D(#902,#5,#10);
#904=IFCEXTRUDEDAREASOLID(#901,#903,#9,19.999999999999783);
#905=IFCCARTESIANPOINTLIST2D(((-499.58445440120448,-9.9999999999998916),(505.81822063497145,-9.9999999999998916),(505.81822063497145,9.9999999999998916),(-512.05198686873678,9.9999999999998916),(-499.58445440120448,-9.9999999999998916)));
#906=IFCINDEXEDPOLYCURVE(#905,$,.F.);
#907=IFCARBITRARYCLOSEDPROFILEDEF(.AREA.,'Handrail - Rectangular',#906);
#908=IFCCARTESIANPOINT((-6722.803269050466,-12069.062085951249,3420.1039349206858));
#909=IFCAXIS2PLACEMENT3D(#908,#5,#10);
#910=IFCEXTRUDEDAREASOLID(#907,#909,#9,19.999999999999783);
#911=IFCCARTESIANPOINTLIST2D(((-467.91692193367231,-9.9999999999998916),(474.15068816743866,-9.9999999999998916),(474.15068816743866,9.9999999999998916),(-480.38445440120506,9.9999999999998916),(-467.91692193367231,-9.9999999999998916)));
#912=IFCINDEXEDPOLYCURVE(#911,$,.F.);
#913=IFCARBITRARYCLOSEDPROFILEDEF(.AREA.,'Handrail - Rectangular',#912);
#914=IFCCARTESIANPOINT((-6722.803269050466,-12170.66208595125,3388.4364024531533));
#915=IFCAXIS2PLACEMENT3D(#914,#5,#10);
#916=IFCEXTRUDEDAREASOLID(#913,#915,#9,19.999999999999783);
#917=IFCCARTESIANPOINTLIST2D(((-436.24938946614009,-9.9999999999998916),(442.48315569990592,-9.9999999999998916),(442.48315569990592,9.9999999999998916),(-448.71692193367232,9.9999999999998916),(-436.24938946614009,-9.9999999999998916)));
#918=IFCINDEXEDPOLYCURVE(#917,$,.F.);
#919=IFCARBITRARYCLOSEDPROFILEDEF(.AREA.,'Handrail - Rectangular',#918);
#920=IFCCARTESIANPOINT((-6722.803269050466,-12272.26208595125,3356.7688699856203));
#921=IFCAXIS2PLACEMENT3D(#920,#5,#10);
#922=IFCEXTRUDEDAREASOLID(#919,#921,#9,19.999999999999783);
#923=IFCCARTESIANPOINTLIST2D(((-490.29614271289307,-9.9999999999998916),(496.52990894665999,-9.9999999999998916),(496.52990894665999,9.9999999999998916),(-502.76367518042531,9.9999999999998916),(-490.29614271289307,-9.9999999999998916)));
#924=IFCINDEXEDPOLYCURVE(#923,$,.F.);
#925=IFCARBITRARYCLOSEDPROFILEDEF(.AREA.,'Handrail - Rectangular',#924);
#926=IFCCARTESIANPOINT((-6722.803269050467,-12373.862085951248,3239.3870518038029));
#927=IFCAXIS2PLACEMENT3D(#926,#5,#10);
#928=IFCEXTRUDEDAREASOLID(#925,#927,#9,19.999999999999783);
#929=IFCCARTESIANPOINTLIST2D(((-458.62861024536028,-9.9999999999998916),(464.86237647912725,-9.9999999999998916),(464.86237647912725,9.9999999999998916),(-471.09614271289308,9.9999999999998916),(-458.62861024536028,-9.9999999999998916)));
#930=IFCINDEXEDPOLYCURVE(#929,$,.F.);
#931=IFCARBITRARYCLOSEDPROFILEDEF(.AREA.,'Handrail - Rectangular',#930);
#932=IFCCARTESIANPOINT((-6722.803269050467,-12475.462085951249,3207.7195193362704));
#933=IFCAXIS2PLACEMENT3D(#932,#5,#10);
#934=IFCEXTRUDEDAREASOLID(#931,#933,#9,19.999999999999783);
#935=IFCCARTESIANPOINTLIST2D(((-426.96107777782754,-9.9999999999998916),(433.19484401159451,-9.9999999999998916),(433.19484401159451,9.9999999999998916),(-439.42861024535978,9.9999999999998916),(-426.96107777782754,-9.9999999999998916)));
#936=IFCINDEXEDPOLYCURVE(#935,$,.F.);
#937=IFCARBITRARYCLOSEDPROFILEDEF(.AREA.,'Handrail - Rectangular',#936);
#938=IFCCARTESIANPOINT((-6722.803269050467,-12577.062085951249,3176.0519868687375));
#939=IFCAXIS2PLACEMENT3D(#938,#5,#10);
#940=IFCEXTRUDEDAREASOLID(#937,#939,#9,19.999999999999783);
#941=IFCCARTESIANPOINTLIST2D(((-481.00783102458161,-9.9999999999998916),(487.24159725834801,-9.9999999999998916),(487.24159725834801,9.9999999999998916),(-493.47536349211441,9.9999999999998916),(-481.00783102458161,-9.9999999999998916)));
#942=IFCINDEXEDPOLYCURVE(#941,$,.F.);
#943=IFCARBITRARYCLOSEDPROFILEDEF(.AREA.,'Handrail - Rectangular',#942);
#944=IFCCARTESIANPOINT((-6722.803269050467,-12678.662085951248,3058.6701686869196));
#945=IFCAXIS2PLACEMENT3D(#944,#5,#10);
#946=IFCEXTRUDEDAREASOLID(#943,#945,#9,19.999999999999783);
#947=IFCCARTESIANPOINTLIST2D(((-449.34029855704938,-9.9999999999998916),(455.5740647908147,-9.9999999999998916),(455.5740647908147,9.9999999999998916),(-461.80783102458162,9.9999999999998916),(-449.34029855704938,-9.9999999999998916)));
#948=IFCINDEXEDPOLYCURVE(#947,$,.F.);
#949=IFCARBITRARYCLOSEDPROFILEDEF(.AREA.,'Handrail - Rectangular',#948);
#950=IFCCARTESIANPOINT((-6722.803269050467,-12780.26208595125,3027.0026362193862));
#951=IFCAXIS2PLACEMENT3D(#950,#5,#10);
#952=IFCEXTRUDEDAREASOLID(#949,#951,#9,19.999999999999783);
#953=IFCCARTESIANPOINTLIST2D(((-417.67276608951613,-9.9999999999998916),(423.90653232328248,-9.9999999999998916),(423.90653232328248,9.9999999999998916),(-430.14029855704888,9.9999999999998916),(-417.67276608951613,-9.9999999999998916)));
#954=IFCINDEXEDPOLYCURVE(#953,$,.F.);
#955=IFCARBITRARYCLOSEDPROFILEDEF(.AREA.,'Handrail - Rectangular',#954);
#956=IFCCARTESIANPOINT((-6722.803269050467,-12881.86208595125,2995.3351037518541));
#957=IFCAXIS2PLACEMENT3D(#956,#5,#10);
#958=IFCEXTRUDEDAREASOLID(#955,#957,#9,19.999999999999783);
#959=IFCCARTESIANPOINTLIST2D(((-471.71951933626963,-9.9999999999998916),(477.95328557003603,-9.9999999999998916),(477.95328557003603,9.9999999999998916),(-484.18705180380238,9.9999999999998916),(-471.71951933626963,-9.9999999999998916)));
#960=IFCINDEXEDPOLYCURVE(#959,$,.F.);
#961=IFCARBITRARYCLOSEDPROFILEDEF(.AREA.,'Handrail - Rectangular',#960);
#962=IFCCARTESIANPOINT((-6722.8032690504679,-12983.462085951249,2877.9532855700363));
#963=IFCAXIS2PLACEMENT3D(#962,#5,#10);
#964=IFCEXTRUDEDAREASOLID(#961,#963,#9,19.999999999999783);
#965=IFCCARTESIANPOINTLIST2D(((-440.0519868687374,-9.9999999999998916),(446.28575310250352,-9.9999999999998916),(446.28575310250352,9.9999999999998916),(-452.51951933627021,9.9999999999998916),(-440.0519868687374,-9.9999999999998916)));
#966=IFCINDEXEDPOLYCURVE(#965,$,.F.);
#967=IFCARBITRARYCLOSEDPROFILEDEF(.AREA.,'Handrail - Rectangular',#966);
#968=IFCCARTESIANPOINT((-6722.8032690504679,-13085.062085951249,2846.2857531025033));
#969=IFCAXIS2PLACEMENT3D(#968,#5,#10);
#970=IFCEXTRUDEDAREASOLID(#967,#969,#9,19.999999999999783);
#971=IFCCARTESIANPOINTLIST2D(((-494.09874011549039,-10.000000000002059),(500.33250634925679,-10.000000000002059),(500.33250634925679,9.9999999999977263),(-506.56627258302314,9.9999999999977263),(-494.09874011549039,-10.000000000002059)));
#972=IFCINDEXEDPOLYCURVE(#971,$,.F.);
#973=IFCARBITRARYCLOSEDPROFILEDEF(.AREA.,'Handrail - Rectangular',#972);
#974=IFCCARTESIANPOINT((-6722.8032690504679,-13186.662085951248,2728.9039349206855));
#975=IFCAXIS2PLACEMENT3D(#974,#5,#10);
#976=IFCEXTRUDEDAREASOLID(#973,#975,#9,19.999999999999783);
#977=IFCCARTESIANPOINTLIST2D(((-462.43120764795816,-9.9999999999998916),(468.66497388172428,-9.9999999999998916),(468.66497388172456,9.9999999999998916),(-474.89874011549097,9.9999999999998916),(-462.43120764795816,-9.9999999999998916)));
#978=IFCINDEXEDPOLYCURVE(#977,$,.F.);
#979=IFCARBITRARYCLOSEDPROFILEDEF(.AREA.,'Handrail - Rectangular',#978);
#980=IFCCARTESIANPOINT((-6722.8032690504679,-13288.262085951248,2697.2364024531535));
#981=IFCAXIS2PLACEMENT3D(#980,#5,#10);
#982=IFCEXTRUDEDAREASOLID(#979,#981,#9,19.999999999999783);
#983=IFCCARTESIANPOINTLIST2D(((-430.76367518042542,-9.9999999999998916),(436.99744141419183,-9.9999999999998916),(436.99744141419183,9.9999999999998916),(-443.23120764795766,9.9999999999998916),(-430.76367518042542,-9.9999999999998916)));
#984=IFCINDEXEDPOLYCURVE(#983,$,.F.);
#985=IFCARBITRARYCLOSEDPROFILEDEF(.AREA.,'Handrail - Rectangular',#984);
#986=IFCCARTESIANPOINT((-6722.8032690504679,-13389.862085951248,2665.5688699856205));
#987=IFCAXIS2PLACEMENT3D(#986,#5,#10);
#988=IFCEXTRUDEDAREASOLID(#985,#987,#9,19.999999999999783);
#989=IFCCARTESIANPOINTLIST2D(((-484.81042842717892,-9.9999999999998916),(491.04419466094532,-9.9999999999998916),(491.04419466094532,9.9999999999998916),(-497.27796089471173,9.9999999999998916),(-484.81042842717892,-9.9999999999998916)));
#990=IFCINDEXEDPOLYCURVE(#989,$,.F.);
#991=IFCARBITRARYCLOSEDPROFILEDEF(.AREA.,'Handrail - Rectangular',#990);
#992=IFCCARTESIANPOINT((-6722.8032690504679,-13491.462085951247,2548.1870518038027));
#993=IFCAXIS2PLACEMENT3D(#992,#5,#10);
#994=IFCEXTRUDEDAREASOLID(#991,#993,#9,19.999999999999783);
#995=IFCCARTESIANPOINTLIST2D(((-453.14289595964561,-9.9999999999998916),(459.37666219341202,-9.9999999999998916),(459.37666219341202,9.9999999999998916),(-465.61042842717842,9.9999999999998916),(-453.14289595964561,-9.9999999999998916)));
#996=IFCINDEXEDPOLYCURVE(#995,$,.F.);
#997=IFCARBITRARYCLOSEDPROFILEDEF(.AREA.,'Handrail - Rectangular',#996);
#998=IFCCARTESIANPOINT((-6722.8032690504679,-13593.062085951251,2516.5195193362692));
#999=IFCAXIS2PLACEMENT3D(#998,#5,#10);
#1000=IFCEXTRUDEDAREASOLID(#997,#999,#9,19.999999999999783);
#1001=IFCCARTESIANPOINTLIST2D(((-421.47536349211344,-9.9999999999998916),(427.70912972588036,-9.9999999999998916),(427.70912972588036,9.9999999999998916),(-433.94289595964619,9.9999999999998916),(-421.47536349211344,-9.9999999999998916)));
#1002=IFCINDEXEDPOLYCURVE(#1001,$,.F.);
#1003=IFCARBITRARYCLOSEDPROFILEDEF(.AREA.,'Handrail - Rectangular',#1002);
#1004=IFCCARTESIANPOINT((-6722.8032690504688,-13694.66208595125,2484.8519868687376));
#1005=IFCAXIS2PLACEMENT3D(#1004,#5,#10);
#1006=IFCEXTRUDEDAREASOLID(#1003,#1005,#9,19.999999999999783);
#1007=IFCCARTESIANPOINTLIST2D(((-475.52211673886694,-10.000000000002059),(481.75588297263334,-10.000000000002059),(481.75588297263334,9.9999999999977263),(-487.98964920639918,9.9999999999977263),(-475.52211673886694,-10.000000000002059)));
#1008=IFCINDEXEDPOLYCURVE(#1007,$,.F.);
#1009=IFCARBITRARYCLOSEDPROFILEDEF(.AREA.,'Handrail - Rectangular',#1008);
#1010=IFCCARTESIANPOINT((-6722.8032690504688,-13796.262085951248,2367.4701686869194));
#1011=IFCAXIS2PLACEMENT3D(#1010,#5,#10);
#1012=IFCEXTRUDEDAREASOLID(#1009,#1011,#9,19.999999999999783);
#1013=IFCCARTESIANPOINTLIST2D(((-443.85458427133472,-9.9999999999998916),(450.08835050510112,-9.9999999999998916),(450.08835050510112,9.9999999999998916),(-456.32211673886695,9.9999999999998916),(-443.85458427133472,-9.9999999999998916)));
#1014=IFCINDEXEDPOLYCURVE(#1013,$,.F.);
#1015=IFCARBITRARYCLOSEDPROFILEDEF(.AREA.,'Handrail - Rectangular',#1014);
#1016=IFCCARTESIANPOINT((-6722.8032690504688,-13897.862085951248,2335.8026362193868));
#1017=IFCAXIS2PLACEMENT3D(#1016,#5,#10);
#1018=IFCEXTRUDEDAREASOLID(#1015,#1017,#9,19.999999999999783);
#1019=IFCCARTESIANPOINTLIST2D(((-497.90133751808798,-9.9999999999998916),(504.13510375185439,-9.9999999999998916),(504.13510375185439,9.9999999999998916),(-510.36886998562073,9.9999999999998916),(-497.90133751808798,-9.9999999999998916)));
#1020=IFCINDEXEDPOLYCURVE(#1019,$,.F.);
#1021=IFCARBITRARYCLOSEDPROFILEDEF(.AREA.,'Handrail - Rectangular',#1020);
#1022=IFCCARTESIANPOINT((-6722.8032690504688,-13999.462085951249,2218.4208180375681));
#1023=IFCAXIS2PLACEMENT3D(#1022,#5,#10);
#1024=IFCEXTRUDEDAREASOLID(#1021,#1023,#9,19.999999999999783);
#1025=IFCCARTESIANPOINTLIST2D(((-466.23380505055525,-10.000000000002059),(472.46757128432159,-10.000000000002059),(472.46757128432159,9.9999999999977263),(-478.70133751808748,9.9999999999977263),(-466.23380505055525,-10.000000000002059)));
#1026=IFCINDEXEDPOLYCURVE(#1025,$,.F.);
#1027=IFCARBITRARYCLOSEDPROFILEDEF(.AREA.,'Handrail - Rectangular',#1026);
#1028=IFCCARTESIANPOINT((-6722.8032690504688,-14101.062085951247,2186.753285570036));
#1029=IFCAXIS2PLACEMENT3D(#1028,#5,#10);
#1030=IFCEXTRUDEDAREASOLID(#1027,#1029,#9,19.999999999999783);
#1031=IFCCARTESIANPOINTLIST2D(((-434.56627258302382,-9.9999999999998916),(440.80003881678914,-9.9999999999998916),(440.80003881678914,9.9999999999998916),(-447.03380505055605,9.9999999999998916),(-434.56627258302382,-9.9999999999998916)));
#1032=IFCINDEXEDPOLYCURVE(#1031,$,.F.);
#1033=IFCARBITRARYCLOSEDPROFILEDEF(.AREA.,'Handrail - Rectangular',#1032);
#1034=IFCCARTESIANPOINT((-6722.8032690504688,-14202.662085951248,2155.0857531025035));
#1035=IFCAXIS2PLACEMENT3D(#1034,#5,#10);
#1036=IFCEXTRUDEDAREASOLID(#1033,#1035,#9,19.999999999999783);
#1037=IFCCARTESIANPOINTLIST2D(((-488.61302582977623,-9.9999999999998916),(494.84679206354264,-9.9999999999998916),(494.84679206354264,9.9999999999998916),(-501.08055829730904,9.9999999999998916),(-488.61302582977623,-9.9999999999998916)));
#1038=IFCINDEXEDPOLYCURVE(#1037,$,.F.);
#1039=IFCARBITRARYCLOSEDPROFILEDEF(.AREA.,'Handrail - Rectangular',#1038);
#1040=IFCCARTESIANPOINT((-6722.8032690504688,-14304.26208595125,2037.7039349206857));
#1041=IFCAXIS2PLACEMENT3D(#1040,#5,#10);
#1042=IFCEXTRUDEDAREASOLID(#1039,#1041,#9,19.999999999999783);
#1043=IFCCARTESIANPOINTLIST2D(((-456.94549336224378,-10.000000000002059),(463.17925959601018,-10.000000000002059),(463.17925959601018,9.9999999999977263),(-469.41302582977659,9.9999999999977263),(-456.94549336224378,-10.000000000002059)));
#1044=IFCINDEXEDPOLYCURVE(#1043,$,.F.);
#1045=IFCARBITRARYCLOSEDPROFILEDEF(.AREA.,'Handrail - Rectangular',#1044);
#1046=IFCCARTESIANPOINT((-6722.8032690504706,-14405.862085951248,2006.0364024531525));
#1047=IFCAXIS2PLACEMENT3D(#1046,#5,#10);
#1048=IFCEXTRUDEDAREASOLID(#1045,#1047,#9,19.999999999999783);
#1049=IFCCARTESIANPOINTLIST2D(((-425.27796089471019,-9.9999999999998916),(431.51172712847688,-9.9999999999998916),(431.51172712847688,9.9999999999998916),(-437.745493362243,9.9999999999998916),(-425.27796089471019,-9.9999999999998916)));
#1050=IFCINDEXEDPOLYCURVE(#1049,$,.F.);
#1051=IFCARBITRARYCLOSEDPROFILEDEF(.AREA.,'Handrail - Rectangular',#1050);
#1052=IFCCARTESIANPOINT((-6722.8032690504706,-14507.462085951251,1974.3688699856195));
#1053=IFCAXIS2PLACEMENT3D(#1052,#5,#10);
#1054=IFCEXTRUDEDAREASOLID(#1051,#1053,#9,19.999999999999783);
#1055=IFCCARTESIANPOINTLIST2D(((-479.32471414146482,-9.9999999999998916),(485.55848037523066,-9.9999999999998916),(485.55848037523066,9.9999999999998916),(-491.79224660899706,9.9999999999998916),(-479.32471414146482,-9.9999999999998916)));
#1056=IFCINDEXEDPOLYCURVE(#1055,$,.F.);
#1057=IFCARBITRARYCLOSEDPROFILEDEF(.AREA.,'Handrail - Rectangular',#1056);
#1058=IFCCARTESIANPOINT((-6722.8032690504706,-14609.062085951249,1856.9870518038022));
#1059=IFCAXIS2PLACEMENT3D(#1058,#5,#10);
#1060=IFCEXTRUDEDAREASOLID(#1057,#1059,#9,19.999999999999783);
#1061=IFCCARTESIANPOINTLIST2D(((-447.65718167393209,-10.000000000002059),(453.89094790769821,-10.000000000002059),(453.89094790769821,9.9999999999977263),(-460.12471414146484,9.9999999999977263),(-447.65718167393209,-10.000000000002059)));
#1062=IFCINDEXEDPOLYCURVE(#1061,$,.F.);
#1063=IFCARBITRARYCLOSEDPROFILEDEF(.AREA.,'Handrail - Rectangular',#1062);
#1064=IFCCARTESIANPOINT((-6722.8032690504706,-14710.662085951248,1825.3195193362694));
#1065=IFCAXIS2PLACEMENT3D(#1064,#5,#10);
#1066=IFCEXTRUDEDAREASOLID(#1063,#1065,#9,19.999999999999783);
#1067=IFCCARTESIANPOINTLIST2D(((-415.98964920639929,-9.9999999999998916),(422.22341544016518,-9.9999999999998916),(422.22341544016518,9.9999999999998916),(-428.45718167393153,9.9999999999998916),(-415.98964920639929,-9.9999999999998916)));
#1068=IFCINDEXEDPOLYCURVE(#1067,$,.F.);
#1069=IFCARBITRARYCLOSEDPROFILEDEF(.AREA.,'Handrail - Rectangular',#1068);
#1070=IFCCARTESIANPOINT((-6722.8032690504706,-14812.26208595125,1793.6519868687367));
#1071=IFCAXIS2PLACEMENT3D(#1070,#5,#10);
#1072=IFCEXTRUDEDAREASOLID(#1069,#1071,#9,19.999999999999783);
#1073=IFCCARTESIANPOINTLIST2D(((-470.03640245315285,-9.9999999999998916),(476.27016868691896,-9.9999999999998916),(476.27016868691896,9.9999999999998916),(-482.50393492068559,9.9999999999998916),(-470.03640245315285,-9.9999999999998916)));
#1074=IFCINDEXEDPOLYCURVE(#1073,$,.F.);
#1075=IFCARBITRARYCLOSEDPROFILEDEF(.AREA.,'Handrail - Rectangular',#1074);
#1076=IFCCARTESIANPOINT((-6722.8032690504706,-14913.862085951248,1676.2701686869189));
#1077=IFCAXIS2PLACEMENT3D(#1076,#5,#10);
#1078=IFCEXTRUDEDAREASOLID(#1075,#1077,#9,19.999999999999783);
#1079=IFCCARTESIANPOINTLIST2D(((-438.36886998562005,-10.000000000002059),(444.60263621938645,-10.000000000002059),(444.60263621938645,9.9999999999977263),(-450.83640245315229,9.9999999999977263),(-438.36886998562005,-10.000000000002059)));
#1080=IFCINDEXEDPOLYCURVE(#1079,$,.F.);
#1081=IFCARBITRARYCLOSEDPROFILEDEF(.AREA.,'Handrail - Rectangular',#1080);
#1082=IFCCARTESIANPOINT((-6722.8032690504706,-15015.462085951247,1644.6026362193866));
#1083=IFCAXIS2PLACEMENT3D(#1082,#5,#10);
#1084=IFCEXTRUDEDAREASOLID(#1081,#1083,#9,19.999999999999783);
#1085=IFCCARTESIANPOINTLIST2D(((-492.41562323237304,-9.9999999999998916),(498.64938946613927,-9.9999999999998916),(498.64938946613927,9.9999999999998916),(-504.88315569990556,9.9999999999998916),(-492.41562323237304,-9.9999999999998916)));
#1086=IFCINDEXEDPOLYCURVE(#1085,$,.F.);
#1087=IFCARBITRARYCLOSEDPROFILEDEF(.AREA.,'Handrail - Rectangular',#1086);
#1088=IFCCARTESIANPOINT((-6722.8032690504715,-15117.062085951251,1527.2208180375678));
#1089=IFCAXIS2PLACEMENT3D(#1088,#5,#10);
#1090=IFCEXTRUDEDAREASOLID(#1087,#1089,#9,19.999999999999783);
#1091=IFCCARTESIANPOINTLIST2D(((-460.74809076484081,-9.9999999999998916),(466.98185699860721,-9.9999999999998916),(466.98185699860721,9.9999999999998916),(-473.21562323237362,9.9999999999998916),(-460.74809076484081,-9.9999999999998916)));
#1092=IFCINDEXEDPOLYCURVE(#1091,$,.F.);
#1093=IFCARBITRARYCLOSEDPROFILEDEF(.AREA.,'Handrail - Rectangular',#1092);
#1094=IFCCARTESIANPOINT((-6722.8032690504715,-15218.66208595125,1495.5532855700358));
#1095=IFCAXIS2PLACEMENT3D(#1094,#5,#10);
#1096=IFCEXTRUDEDAREASOLID(#1093,#1095,#9,19.999999999999783);
#1097=IFCCARTESIANPOINTLIST2D(((-429.08055829730864,-10.000000000002059),(435.31432453107476,-10.000000000002059),(435.31432453107476,9.9999999999977263),(-441.54809076484116,9.9999999999977263),(-429.08055829730864,-10.000000000002059)));
#1098=IFCINDEXEDPOLYCURVE(#1097,$,.F.);
#1099=IFCARBITRARYCLOSEDPROFILEDEF(.AREA.,'Handrail - Rectangular',#1098);
#1100=IFCCARTESIANPOINT((-6722.8032690504715,-15320.262085951248,1463.885753102503));
#1101=IFCAXIS2PLACEMENT3D(#1100,#5,#10);
#1102=IFCEXTRUDEDAREASOLID(#1099,#1101,#9,19.999999999999783);
#1103=IFCCARTESIANPOINTLIST2D(((-483.12731154406157,-9.9999999999998916),(489.36107777782786,-9.9999999999998916),(489.36107777782786,9.9999999999998916),(-495.59484401159438,9.9999999999998916),(-483.12731154406157,-9.9999999999998916)));
#1104=IFCINDEXEDPOLYCURVE(#1103,$,.F.);
#1105=IFCARBITRARYCLOSEDPROFILEDEF(.AREA.,'Handrail - Rectangular',#1104);
#1106=IFCCARTESIANPOINT((-6722.8032690504715,-15421.86208595125,1346.5039349206852));
#1107=IFCAXIS2PLACEMENT3D(#1106,#5,#10);
#1108=IFCEXTRUDEDAREASOLID(#1105,#1107,#9,19.999999999999783);
#1109=IFCCARTESIANPOINTLIST2D(((-451.4597790765294,-9.9999999999998916),(457.69354531029603,-9.9999999999998916),(457.69354531029603,9.9999999999998916),(-463.92731154406215,9.9999999999998916),(-451.4597790765294,-9.9999999999998916)));
#1110=IFCINDEXEDPOLYCURVE(#1109,$,.F.);
#1111=IFCARBITRARYCLOSEDPROFILEDEF(.AREA.,'Handrail - Rectangular',#1110);
#1112=IFCCARTESIANPOINT((-6722.8032690504715,-15523.462085951249,1314.8364024531529));
#1113=IFCAXIS2PLACEMENT3D(#1112,#5,#10);
#1114=IFCEXTRUDEDAREASOLID(#1111,#1113,#9,19.999999999999783);
#1115=IFCCARTESIANPOINTLIST2D(((-419.79224660899717,-10.000000000002059),(426.0260128427629,-10.000000000002059),(426.0260128427629,9.9999999999977263),(-432.25977907652941,9.9999999999977263),(-419.79224660899717,-10.000000000002059)));
#1116=IFCINDEXEDPOLYCURVE(#1115,$,.F.);
#1117=IFCARBITRARYCLOSEDPROFILEDEF(.AREA.,'Handrail - Rectangular',#1116);
#1118=IFCCARTESIANPOINT((-6722.8032690504715,-15625.062085951247,1283.1688699856197));
#1119=IFCAXIS2PLACEMENT3D(#1118,#5,#10);
#1120=IFCEXTRUDEDAREASOLID(#1117,#1119,#9,19.999999999999783);
#1121=IFCCARTESIANPOINTLIST2D(((-473.83899985575067,-9.9999999999998916),(480.07276608951679,-9.9999999999998916),(480.07276608951679,9.9999999999998916),(-486.30653232328319,9.9999999999998916),(-473.83899985575067,-9.9999999999998916)));
#1122=IFCINDEXEDPOLYCURVE(#1121,$,.F.);
#1123=IFCARBITRARYCLOSEDPROFILEDEF(.AREA.,'Handrail - Rectangular',#1122);
#1124=IFCCARTESIANPOINT((-6722.8032690504724,-15726.662085951248,1165.7870518038023));
#1125=IFCAXIS2PLACEMENT3D(#1124,#5,#10);
#1126=IFCEXTRUDEDAREASOLID(#1123,#1125,#9,19.999999999999783);
#1127=IFCCARTESIANPOINTLIST2D(((-442.17146738821793,-9.9999999999998916),(448.40523362198377,-9.9999999999998916),(448.40523362198377,9.9999999999998916),(-454.63899985575046,9.9999999999998916),(-442.17146738821793,-9.9999999999998916)));
#1128=IFCINDEXEDPOLYCURVE(#1127,$,.F.);
#1129=IFCARBITRARYCLOSEDPROFILEDEF(.AREA.,'Handrail - Rectangular',#1128);
#1130=IFCCARTESIANPOINT((-6722.8032690504724,-15828.26208595125,1134.1195193362696));
#1131=IFCAXIS2PLACEMENT3D(#1130,#5,#10);
#1132=IFCEXTRUDEDAREASOLID(#1129,#1131,#9,19.999999999999783);
#1133=IFCCARTESIANPOINTLIST2D(((-496.21822063497092,-10.000000000002059),(502.45198686873744,-10.000000000002059),(502.45198686873744,9.9999999999977263),(-508.68575310250344,9.9999999999977263),(-496.21822063497092,-10.000000000002059)));
#1134=IFCINDEXEDPOLYCURVE(#1133,$,.F.);
#1135=IFCARBITRARYCLOSEDPROFILEDEF(.AREA.,'Handrail - Rectangular',#1134);
#1136=IFCCARTESIANPOINT((-6722.8032690504724,-15929.862085951248,1016.7377011544517));
#1137=IFCAXIS2PLACEMENT3D(#1136,#5,#10);
#1138=IFCEXTRUDEDAREASOLID(#1135,#1137,#9,19.999999999999783);
#1139=IFCCARTESIANPOINTLIST2D(((-464.55068816743881,-9.9999999999998916),(470.78445440120521,-9.9999999999998916),(470.78445440120521,9.9999999999998916),(-477.01822063497161,9.9999999999998916),(-464.55068816743881,-9.9999999999998916)));
#1140=IFCINDEXEDPOLYCURVE(#1139,$,.F.);
#1141=IFCARBITRARYCLOSEDPROFILEDEF(.AREA.,'Handrail - Rectangular',#1140);
#1142=IFCCARTESIANPOINT((-6722.8032690504724,-16031.462085951249,985.07016868691926));
#1143=IFCAXIS2PLACEMENT3D(#1142,#5,#10);
#1144=IFCEXTRUDEDAREASOLID(#1141,#1143,#9,19.999999999999783);
#1145=IFCCARTESIANPOINTLIST2D(((-432.88315569990584,-9.9999999999998916),(439.11692193367207,-9.9999999999998916),(439.11692193367207,9.9999999999998916),(-445.35068816743831,9.9999999999998916),(-432.88315569990584,-9.9999999999998916)));
#1146=IFCINDEXEDPOLYCURVE(#1145,$,.F.);
#1147=IFCARBITRARYCLOSEDPROFILEDEF(.AREA.,'Handrail - Rectangular',#1146);
#1148=IFCCARTESIANPOINT((-6722.8032690504724,-16133.062085951249,953.40263621938652));
#1149=IFCAXIS2PLACEMENT3D(#1148,#5,#10);
#1150=IFCEXTRUDEDAREASOLID(#1147,#1149,#9,19.999999999999783);
#1151=IFCCARTESIANPOINTLIST2D(((-486.92990894665985,-9.9999999999998916),(493.16367518042614,-9.9999999999998916),(493.16367518042625,9.9999999999998916),(-499.39744141419237,9.9999999999998916),(-486.92990894665985,-9.9999999999998916)));
#1152=IFCINDEXEDPOLYCURVE(#1151,$,.F.);
#1153=IFCARBITRARYCLOSEDPROFILEDEF(.AREA.,'Handrail - Rectangular',#1152);
#1154=IFCCARTESIANPOINT((-6722.8032690504724,-16234.662085951248,836.02081803756892));
#1155=IFCAXIS2PLACEMENT3D(#1154,#5,#10);
#1156=IFCEXTRUDEDAREASOLID(#1153,#1155,#9,19.999999999999783);
#1157=IFCCARTESIANPOINTLIST2D(((-455.2623764791266,-9.9999999999998916),(461.49614271289255,-9.9999999999998916),(461.49614271289255,9.9999999999998916),(-467.72990894665884,9.9999999999998916),(-455.2623764791266,-9.9999999999998916)));
#1158=IFCINDEXEDPOLYCURVE(#1157,$,.F.);
#1159=IFCARBITRARYCLOSEDPROFILEDEF(.AREA.,'Handrail - Rectangular',#1158);
#1160=IFCCARTESIANPOINT((-6722.8032690504724,-16336.26208595125,804.35328557003561));
#1161=IFCAXIS2PLACEMENT3D(#1160,#5,#10);
#1162=IFCEXTRUDEDAREASOLID(#1159,#1161,#9,19.999999999999783);
#1163=IFCCARTESIANPOINTLIST2D(((-423.59484401159449,-9.9999999999998916),(429.82861024536078,-9.9999999999998916),(429.82861024536078,9.9999999999998916),(-436.06237647912701,9.9999999999998916),(-423.59484401159449,-9.9999999999998916)));
#1164=IFCINDEXEDPOLYCURVE(#1163,$,.F.);
#1165=IFCARBITRARYCLOSEDPROFILEDEF(.AREA.,'Handrail - Rectangular',#1164);
#1166=IFCCARTESIANPOINT((-6722.8032690504733,-16437.862085951248,772.68575310250355));
#1167=IFCAXIS2PLACEMENT3D(#1166,#5,#10);
#1168=IFCEXTRUDEDAREASOLID(#1165,#1167,#9,19.999999999999783);
#1169=IFCCARTESIANPOINTLIST2D(((-477.64159725834799,-9.9999999999998916),(483.87536349211416,-9.9999999999998916),(483.87536349211416,9.9999999999998916),(-490.10912972588051,9.9999999999998916),(-477.64159725834799,-9.9999999999998916)));
#1170=IFCINDEXEDPOLYCURVE(#1169,$,.F.);
#1171=IFCARBITRARYCLOSEDPROFILEDEF(.AREA.,'Handrail - Rectangular',#1170);
#1172=IFCCARTESIANPOINT((-6722.8032690504733,-16539.462085951247,655.30393492068561));
#1173=IFCAXIS2PLACEMENT3D(#1172,#5,#10);
#1174=IFCEXTRUDEDAREASOLID(#1171,#1173,#9,19.999999999999783);
#1175=IFCCARTESIANPOINTLIST2D(((-445.97406479081502,-9.9999999999998916),(452.20783102458114,-9.9999999999998916),(452.20783102458114,9.9999999999998916),(-458.44159725834749,9.9999999999998916),(-445.97406479081502,-9.9999999999998916)));
#1176=IFCINDEXEDPOLYCURVE(#1175,$,.F.);
#1177=IFCARBITRARYCLOSEDPROFILEDEF(.AREA.,'Handrail - Rectangular',#1176);
#1178=IFCCARTESIANPOINT((-6722.8032690504733,-16641.062085951249,623.6364024531523));
#1179=IFCAXIS2PLACEMENT3D(#1178,#5,#10);
#1180=IFCEXTRUDEDAREASOLID(#1177,#1179,#9,19.999999999999783);
#1181=IFCCARTESIANPOINTLIST2D(((-497.05977907653039,-9.9999999999998916),(503.29354531029571,-9.9999999999998916),(503.29354531029571,9.9999999999998916),(-509.52731154406263,9.9999999999998916),(-497.05977907653039,-9.9999999999998916)));
#1182=IFCINDEXEDPOLYCURVE(#1181,$,.F.);
#1183=IFCARBITRARYCLOSEDPROFILEDEF(.AREA.,'Handrail - Rectangular',#1182);
#1184=IFCCARTESIANPOINT((-6722.8032690504651,-11252.162085951248,3931.8649738817244));
#1185=IFCAXIS2PLACEMENT3D(#1184,#5,#10);
#1186=IFCEXTRUDEDAREASOLID(#1183,#1185,#9,19.999999999999783);
#1187=IFCCARTESIANPOINTLIST2D(((-417.26757128432183,-10.000000000002059),(423.50133751808812,-10.000000000002059),(423.50133751808812,9.9999999999977263),(-429.73510375185435,9.9999999999977263),(-417.26757128432183,-10.000000000002059)));
#1188=IFCINDEXEDPOLYCURVE(#1187,$,.F.);
#1189=IFCARBITRARYCLOSEDPROFILEDEF(.AREA.,'Handrail - Rectangular',#1188);
#1190=IFCCARTESIANPOINT((-6722.8032690504733,-16733.162085951248,594.92990894665957));
#1191=IFCAXIS2PLACEMENT3D(#1190,#5,#10);
#1192=IFCEXTRUDEDAREASOLID(#1189,#1191,#9,19.999999999999783);
#1193=IFCCARTESIANPOINTLIST2D(((-3256.151574308964,-24.99999999999946),(3224.9827431401322,-25.000000000000544),(3256.151574308964,25.),(-3224.9827431401322,25.000000000000544),(-3256.151574308964,-24.99999999999946)));
#1194=IFCINDEXEDPOLYCURVE(#1193,$,.F.);
#1195=IFCARBITRARYCLOSEDPROFILEDEF(.AREA.,'Handrail - Rectangular',#1194);
#1196=IFCCARTESIANPOINT((-6737.8032690504688,-13992.662085951248,2756.2545842713353));
#1197=IFCDIRECTION((0.,0.84861688257137413,0.52900792679773978));
#1198=IFCAXIS2PLACEMENT3D(#1196,#5,#1197);
#1199=IFCEXTRUDEDAREASOLID(#1195,#1198,#9,49.999999999999432);
#1200=IFCSHAPEREPRESENTATION(#26,'Body','SweptSolid',(#862,#868,#874,#880,#886,#892,#898,#904,#910,#916,#922,#928,#934,#940,#946,#952,#958,#964,#970,#976,#982,#988,#994,#1000,#1006,#1012,#1018,#1024,#1030,#1036,#1042,#1048,#1054,#1060,#1066,#1072,#1078,#1084,#1090,#1096,#1102,#1108,#1114,#1120,#1126,#1132,#1138,#1144,#1150,#1156,#1162,#1168,#1174,#1180,#1186,#1192,#1199));
#1201=IFCPRODUCTDEFINITIONSHAPE($,$,(#1200));
#1202=IFCRAILING('0tSv0YMRD6VQqzGD86kowP',#18,'Railing:Handrail - Rectangular:1664027',$,'Railing:Handrail - Rectangular',#856,#1201,'1664027',.NOTDEFINED.);
#1203=IFCPROPERTYSET('0g37MXeerjDtdh6_t2KNY4',#18,'Pset_EnvironmentalImpactIndicators',$,(#844));
#1204=IFCPROPERTYSINGLEVALUE('Height',$,IFCPOSITIVELENGTHMEASURE(900.00000000000011),$);
#1205=IFCPROPERTYSET('1_w4AzPzujbjKBH9f_WLIf',#18,'Pset_RailingCommon',$,(#437,#844,#1204));
#1206=IFCRELDEFINESBYPROPERTIES('1WU14GZGMD8JtTLrej55Ln',#18,$,$,(#1202),#1203);
#1207=IFCRELDEFINESBYPROPERTIES('2HgDOHOu$EQEZBWlWpHg4q',#18,$,$,(#1202),#1205);
#1208=IFCQUANTITYLENGTH('Length','',$,6481.1343174490949,$);
#1209=IFCELEMENTQUANTITY('1REF4F43fKuE1E7PicMhhN',#18,'Qto_RailingBaseQuantities',$,$,(#1208));
#1210=IFCRELDEFINESBYPROPERTIES('0DblkJR7CLG2_w$kx3mC97',#18,$,$,(#1202),#1209);
#1211=IFCRELAGGREGATES('2zrJaZQ1os$dyPfZEnE0$P',#18,$,$,#50,(#399,#414,#426,#841,#1202));
#1212=IFCPROPERTYSINGLEVALUE('Reference',$,IFCIDENTIFIER('8mm Head'),$);
#1213=IFCPROPERTYSINGLEVALUE('AboveGround',$,IFCLOGICAL(.U.),$);
#1214=IFCPROPERTYSET('16L50AfyZF4hYq5TGET4H4',#18,'Pset_BuildingStoreyCommon',$,(#1212,#1213));
#1215=IFCRELDEFINESBYPROPERTIES('2VdfSfkgzGoZi_3SgzE8$0',#18,$,$,(#37),#1214);
#1216=IFCRELCONTAINEDINSPATIALSTRUCTURE('2JF4e6axWHqu3u0C5FZlmi',#18,$,$,(#50),#37);
#1217=IFCPROPERTYSET('1n34enW33Z_3Qq2Pm1kjQZ',#18,'Pset_BuildingStoreyCommon',$,(#1212,#1213));
#1218=IFCRELDEFINESBYPROPERTIES('36oM8gyLQ5_Z6XoGK5uP1E',#18,$,$,(#41),#1217);
#1219=IFCRELAGGREGATES('2ImLSgssIXt2XX1R4x7wf0',#18,$,$,#29,(#44));
#1220=IFCRELAGGREGATES('1Tn9fhRdKeM1yiT3iWoqKQ',#18,$,$,#44,(#34));
#1221=IFCRELAGGREGATES('1yhDISh1T5aQqAoygxGIhP',#18,$,$,#34,(#37,#41));
#1222=IFCPROPERTYSINGLEVALUE('NumberOfStoreys',$,IFCINTEGER(2),$);
#1223=IFCPROPERTYSINGLEVALUE('IsLandmarked',$,IFCLOGICAL(.U.),$);
#1224=IFCPROPERTYSET('3J53U3q8npXziYwj0jMxAg',#18,'Pset_BuildingCommon',$,(#45,#1222,#1223));
#1225=IFCRELDEFINESBYPROPERTIES('0mdD$4dqI1PZMlJoixfj24',#18,$,$,(#34),#1224);
#1226=IFCRELASSOCIATESMATERIAL('0dcHg9_vPSn9RnfDIZeU5z',#18,$,$,(#399,#414,#426),#401);
#1227=IFCRELASSOCIATESMATERIAL('1nlkV8VfZzvd9hu3CX_Guv',#18,$,$,(#841,#1202),#843);
#1228=IFCRELDEFINESBYTYPE('0joOpCwibZp_0W2uRkkxcA',#18,$,$,(#50),#51);
#1229=IFCRELDEFINESBYTYPE('2bXjrU6rr7$HjU3bEhoV03',#18,$,$,(#399),#400);
#1230=IFCRELDEFINESBYTYPE('1V0F5WeLFMzqn8dD97cMuo',#18,$,$,(#414,#426),#413);
#1231=IFCRELDEFINESBYTYPE('2HjKUn61ezAh1ob$y_C9wB',#18,$,$,(#841,#1202),#842);
#1232=IFCPRESENTATIONLAYERASSIGNMENT('S-STRS-____-OTLN',$,(#389,#393,#397,#411,#424),$);
#1233=IFCPRESENTATIONLAYERASSIGNMENT('A-FLOR-HRAL-OTLN',$,(#839,#1200),$);
#1234=IFCUNITASSIGNMENT((#19,#20,#21,#64));
ENDSEC;

END-ISO-10303-21;